"DESCRIPTION","DURATION IN MS","NAME","PARENT SUITE","START TIME","STATUS","STOP TIME","SUB SUITE","SUITE","TEST CLASS","TEST METHOD"
"
Тест проверяет видимость элементов панели покупки (без текстового содержимого).

Для каждого элемента:
1. Дождаться загрузки панели
2. Проверить видимость элемента
","27","Проверка видимости: button_buy","tests.lk_tests.investment_tests.secondary_tests","2026-08-14","passed","2026-08-14","TestBuyPanel","test_elem_secondary_buy","",""
"","73","Проверка видимости: search_input","tests.lk_tests.refer_tests","2026-08-14","passed","2026-08-14","TestReferralsPageVisible","test_elem_refer","",""
"","35","Проверка видимости и текста: channel_telegram","tests.lk_tests.refer_tests","2026-08-14","passed","2026-08-14","TestReferralsPageVisible","test_elem_refer","",""
"
Тест проверяет видимость и текст элементов футера.

Для каждого элемента:
1.Дождаться загрузки футера
2.Проверить видимость элемента
3.Проверить, что текст элемента соответствует ожидаемому
","39","Проверка видимости и текста: agreements_item_faq","tests.footer_tests","2026-08-14","passed","2026-08-14","TestFooterVisible","test_elem_footer","",""
"","22","Проверка видимости и текста: channel_x","tests.lk_tests.refer_tests","2026-08-14","passed","2026-08-14","TestReferralsPageVisible","test_elem_refer","",""
"
Тест проверяет видимость элементов страницы проекта (без текстового содержимого).

Для каждого элемента:
1. Дождаться загрузки страницы
2. Проверить видимость элемента
","61","Проверка видимости: chat_bot","tests.lk_tests.project_tests","2026-08-14","passed","2026-08-14","TestElemProject","test_elem_project","",""
"","57","Проверка видимости и текста: note_lead","tests.lk_tests.personal_settings_tests","2026-08-14","passed","2026-08-14","TestPersonalSettingsPageVisible","test_elem_personal_settings","",""
"
Тест проверяет видимость и текст элементов дашборда.

Для каждого элемента:
1. Дождаться загрузки страницы
2. Проверить видимость элемента
3. Проверить, что текст элемента соответствует ожидаемому
","63","Проверка видимости и текста: growth_path_title","tests.lk_tests.dashboard_tests","2026-08-14","passed","2026-08-14","TestDashboardPageVisible","test_elem_dashboard","",""
"","14","Проверка количества: tab_counts (ожидается 2)","tests.lk_tests.portfolio_tests","2026-08-14","passed","2026-08-14","TestPortfolioPageVisible","test_elem_portfolio_active","",""
"
Тест проверяет видимость и текст элементов страницы Rewards.

Для каждого элемента:
1. Дождаться загрузки страницы
2. Проверить видимость элемента
3. Проверить, что текст элемента соответствует ожидаемому
","32","Проверка видимости и текста: compare_bronze","tests.lk_tests.rewards_tests","2026-08-14","passed","2026-08-14","TestRewardsPageVisible","test_elem_rewards","",""
"
Тест проверяет количество элементов дашборда.

1.Дождаться загрузки страницы
2.Проверить количество элементов
3.Для progress-bar проверить что все имеют размеры
","21","Проверка количества: idea_card_funded (ожидается 3)","tests.lk_tests.dashboard_tests","2026-08-14","passed","2026-08-14","TestDashboardPageVisible","test_elem_dashboard","",""
"","11","Проверка видимости и текста: catalog_title","tests.lk_tests.investment_tests.primary_tests","2026-08-14","passed","2026-08-14","TestPrimaryPageVisible","test_elem_primary","",""
"
Тест проверяет видимость и текст элементов страницы Transactions.

Для каждого элемента:
1. Дождаться загрузки страницы
2. Проверить видимость элемента
3. Проверить, что текст элемента соответствует ожидаемому
","115","Проверка видимости и текста: tab_last_month","tests.lk_tests.transactions_tests","2026-08-14","passed","2026-08-14","TestTransactionsPageVisible","test_elem_transactions","",""
"
Тест проверяет количество элементов дашборда.

1.Дождаться загрузки страницы
2.Проверить количество элементов
3.Для progress-bar проверить что все имеют размеры
","21","Проверка количества: idea_card_progress (ожидается 3)","tests.lk_tests.dashboard_tests","2026-08-14","passed","2026-08-14","TestDashboardPageVisible","test_elem_dashboard","",""
"
Тест проверяет видимость элементов на странице Secondary Market (без текстового содержимого).

Для каждого элемента:
1. Дождаться загрузки страницы
2. Проверить видимость элемента
","51","Проверка видимости: pagination_summary","tests.lk_tests.investment_tests.secondary_tests","2026-08-14","passed","2026-08-14","TestSecondaryPageVisible","test_elem_secondary","",""
"
Тест проверяет переключение языка через дропдаун в хедере.

Для каждой локали:
1.Открыть дропдаун
2.Проверить наличие локали в списке
3.Скроллить до локали
4.Проверить видимость локали
5.Кликнуть по локали
6.Проверить, что URL содержит код языка
","350","Проверка переключения языка: Português","tests.header_tests","2026-08-14","passed","2026-08-14","TestHeader","test_header","",""
"
Тест проверяет видимость и текст элементов вкладки Tax страницы Transactions.

Для каждого элемента:
1. Дождаться загрузки страницы
2. Проверить видимость элемента
3. Проверить, что текст элемента соответствует ожидаемому
","92","Проверка видимости и текста: tab_last_year","tests.lk_tests.transactions_tests","2026-08-14","passed","2026-08-14","TestTransactionsTaxPageVisible","test_elem_transactions_tax","",""
"
Тест проверяет видимость и текст элементов на странице Secondary Market.

Для каждого элемента:
1. Дождаться загрузки страницы
2. Проверить видимость элемента
3. Проверить, что текст элемента соответствует ожидаемому
","49","Проверка видимости и текста: term_label","tests.lk_tests.investment_tests.secondary_tests","2026-08-14","passed","2026-08-14","TestSecondaryPageVisible","test_elem_secondary","",""
"","9","Проверка количества: pending_badges (ожидается 2)","tests.lk_tests.personal_settings_tests","2026-08-14","passed","2026-08-14","TestPersonalSettingsPageVisible","test_elem_personal_settings","",""
"","4","Проверка видимости и текста: form_badge","tests.lk_tests.personal_settings_tests","2026-08-14","passed","2026-08-14","TestPersonalSettingsPageVisible","test_elem_personal_settings","",""
"
Тест проверяет открытие дропдауна сортировки.

1. Нажать на дропдаун сортировки
2. Проверить, что открылся список опций
3. Проверить, что опций больше 1
","158","Проверка открытия дропдауна сортировки на Primary Market","tests.lk_tests.investment_tests.primary_tests","2026-08-14","passed","2026-08-14","TestPrimaryMarket","test_primary_market","",""
"","71","Проверка видимости и текста: notif_subscriptions","tests.lk_tests.personal_settings_tests","2026-08-14","passed","2026-08-14","TestPersonalSettingsPageVisible","test_elem_personal_settings","",""
"","59","Проверка видимости и текста: two_factor_app_title","tests.lk_tests.personal_settings_tests","2026-08-14","passed","2026-08-14","TestPersonalSettingsPageVisible","test_elem_personal_settings","",""
"
Тест проверяет видимость и текст элементов панели покупки.

Для каждого элемента:
1. Дождаться загрузки панели
2. Проверить видимость элемента
3. Проверить, что текст элемента соответствует ожидаемому
","41","Проверка видимости и текста: amount","tests.lk_tests.investment_tests.secondary_tests","2026-08-14","passed","2026-08-14","TestBuyPanel","test_elem_secondary_buy","",""
"","28","Проверка видимости и текста: banner_badge","tests.lk_tests.portfolio_tests","2026-08-14","passed","2026-08-14","TestPortfolioCompletedPageVisible","test_elem_portfolio_completed","",""
"
Тест проверяет видимость элементов страницы проекта (без текстового содержимого).

Для каждого элемента:
1. Дождаться загрузки страницы
2. Проверить видимость элемента
","42","Проверка видимости: Input label","tests.lk_tests.project_tests","2026-08-14","passed","2026-08-14","TestElemProject","test_elem_project","",""
"","544","Проверка видимости и текста: th_term","tests.lk_tests.portfolio_tests","2026-08-14","passed","2026-08-14","TestPortfolioCompletedPageVisible","test_elem_portfolio_completed","",""
"","79","Проверка видимости и текста: tab_active","tests.lk_tests.portfolio_tests","2026-08-14","passed","2026-08-14","TestPortfolioCompletedPageVisible","test_elem_portfolio_completed","",""
"
Тест проверяет видимость элементов страницы Rewards (без проверки текста).

Для каждого элемента:
1. Дождаться загрузки страницы
2. Проверить видимость элемента
","22","Проверка видимости: history_summary_amount","tests.lk_tests.rewards_tests","2026-08-14","passed","2026-08-14","TestRewardsPageVisible","test_elem_rewards","",""
"","52","Проверка видимости и текста: tab_raised","tests.lk_tests.investment_tests.primary_tests","2026-08-14","passed","2026-08-14","TestPrimaryPageVisible","test_elem_primary","",""
"
Тест проверяет видимость и текст элементов дашборда.

Для каждого элемента:
1. Дождаться загрузки страницы
2. Проверить видимость элемента
3. Проверить, что текст элемента соответствует ожидаемому
","37","Проверка видимости и текста: banner_cta","tests.lk_tests.dashboard_tests","2026-08-14","passed","2026-08-14","TestDashboardPageVisible","test_elem_dashboard","",""
"
Тест проверяет видимость и текст элементов панели покупки.

Для каждого элемента:
1. Дождаться загрузки панели
2. Проверить видимость элемента
3. Проверить, что текст элемента соответствует ожидаемому
","97","Проверка видимости и текста: your_purchase","tests.lk_tests.investment_tests.secondary_tests","2026-08-14","passed","2026-08-14","TestBuyPanel","test_elem_secondary_buy","",""
"
Тест проверяет видимость и текст элементов страницы Transactions.

Для каждого элемента:
1. Дождаться загрузки страницы
2. Проверить видимость элемента
3. Проверить, что текст элемента соответствует ожидаемому
","105","Проверка видимости и текста: net_change_label","tests.lk_tests.transactions_tests","2026-08-14","passed","2026-08-14","TestTransactionsPageVisible","test_elem_transactions","",""
"
Тест проверяет навигацию по элементам сайдбара.

Для каждого элемента:
1.Кликнуть по элементу
2.Дождаться перехода по URL
3.Проверить, что URL заканчивается на ожидаемый путь
","1211","Проверка навигации: refer","tests.sidebar_tests","2026-08-14","passed","2026-08-14","TestSidebarNav","test_sidebar_nav","",""
"
Тест проверяет видимость и текст элементов на странице Secondary Market.

Для каждого элемента:
1. Дождаться загрузки страницы
2. Проверить видимость элемента
3. Проверить, что текст элемента соответствует ожидаемому
","68","Проверка видимости и текста: countries_label","tests.lk_tests.investment_tests.secondary_tests","2026-08-14","passed","2026-08-14","TestSecondaryPageVisible","test_elem_secondary","",""
"
Тест проверяет видимость и текст элементов страницы Transactions.

Для каждого элемента:
1. Дождаться загрузки страницы
2. Проверить видимость элемента
3. Проверить, что текст элемента соответствует ожидаемому
","89","Проверка видимости и текста: tab_current_month","tests.lk_tests.transactions_tests","2026-08-14","passed","2026-08-14","TestTransactionsPageVisible","test_elem_transactions","",""
"","34","Проверка количества: profile_field_values (ожидается 8)","tests.lk_tests.personal_settings_tests","2026-08-14","passed","2026-08-14","TestPersonalSettingsPageVisible","test_elem_personal_settings","",""
"
Тест проверяет видимость и текст элементов на странице Secondary Market.

Для каждого элемента:
1. Дождаться загрузки страницы
2. Проверить видимость элемента
3. Проверить, что текст элемента соответствует ожидаемому
","9","Проверка видимости и текста: catalog_tagline","tests.lk_tests.investment_tests.secondary_tests","2026-08-14","passed","2026-08-14","TestSecondaryPageVisible","test_elem_secondary","",""
"","4","Проверка видимости и текста: sort_filter","tests.lk_tests.portfolio_tests","2026-08-14","passed","2026-08-14","TestPortfolioCompletedPageVisible","test_elem_portfolio_completed","",""
"
Тест проверяет видимость и текст элементов страницы проекта.

Для каждого элемента:
1. Дождаться загрузки страницы
2. Проверить видимость элемента
3. Проверить, что текст элемента соответствует ожидаемому
","63","Проверка видимости и текста: quick_500","tests.lk_tests.project_tests","2026-08-14","passed","2026-08-14","TestElemProject","test_elem_project","",""
"","602","Проверка видимости и текста: th_apr","tests.lk_tests.portfolio_tests","2026-08-14","passed","2026-08-14","TestPortfolioPageVisible","test_elem_portfolio_active","",""
"
Тест проверяет количество элементов дашборда.

1.Дождаться загрузки страницы
2.Проверить количество элементов
3.Для progress-bar проверить что все имеют размеры
","46","Проверка количества: total_earned_subtitle (ожидается 4)","tests.lk_tests.dashboard_tests","2026-08-14","passed","2026-08-14","TestDashboardPageVisible","test_elem_dashboard","",""
"
Тест проверяет видимость элементов на странице восстановления пароля (без текстового содержимого).

Для каждого элемента:
1.Дождаться загрузки страницы
2.Проверить видимость элемента
","47","Проверка видимости: input_email","tests.auth_tests.forgot_page_tests","2026-08-14","passed","2026-08-14","TestForgotPasswordPageVisible","test_elem_forgot_page","",""
"
Тест проверяет открытие дропдауна сортировки.

1. Нажать на дропдаун сортировки
2. Проверить, что открылся список опций
3. Проверить, что опций больше 1
","974","Проверка открытия дропдауна сортировки на Primary Market","tests.lk_tests.investment_tests.primary_tests","2026-08-14","passed","2026-08-14","TestPrimaryMarket","test_primary_market","",""
"","84","Проверка видимости и текста: footer_export","tests.lk_tests.refer_tests","2026-08-14","passed","2026-08-14","TestReferralsPageVisible","test_elem_refer","",""
"","57","Проверка видимости и текста: invite_label","tests.lk_tests.refer_tests","2026-08-14","passed","2026-08-14","TestReferralsPageVisible","test_elem_refer","",""
"
Тест проверяет видимость элементов на странице Secondary Market (без текстового содержимого).

Для каждого элемента:
1. Дождаться загрузки страницы
2. Проверить видимость элемента
","43","Проверка видимости: price_label","tests.lk_tests.investment_tests.secondary_tests","2026-08-14","passed","2026-08-14","TestSecondaryPageVisible","test_elem_secondary","",""
"
Тест проверяет видимость и текст элементов хедера.

Для каждого элемента:
1.Дождаться загрузки хедера
2.Проверить видимость элемента
3.Проверить, что текст элемента соответствует ожидаемому
","1470","Проверка видимости и текста: user_avatar","tests.header_tests","2026-08-14","passed","2026-08-14","TestHeaderVisible","test_elem_header","",""
"
Тест проверяет фильтрацию по диапазону Discount.

1. Открыть фильтр Discount
2. Выставить левый ползунок на -8, правый на +1
3. Нажать Apply
4. Проверить, что все карточки содержат discount в диапазоне -8% до +1%
","5412","Проверка фильтрации по Discount на Secondary Market","tests.lk_tests.investment_tests.secondary_tests","2026-08-14","passed","2026-08-14","TestSecondaryMarketFilter1","test_secondary_market_filter1","",""
"
Тест проверяет видимость и текст элементов страницы проекта.

Для каждого элемента:
1. Дождаться загрузки страницы
2. Проверить видимость элемента
3. Проверить, что текст элемента соответствует ожидаемому
","48","Проверка видимости и текста: due_diligence_caption","tests.lk_tests.project_tests","2026-08-14","passed","2026-08-14","TestElemProject","test_elem_project","",""
"
Тест проверяет фильтрацию проектов по странам.

1. Получить список доступных стран из фильтра
2. Для каждой страны: выбрать страну и проверить, что все карточки содержат страну
3. Для каждой страны проверить, что количество карточек совпадает с заголовком
","88403","Проверка фильтрации проектов по странам","tests.lk_tests.investment_tests.primary_tests","2026-08-14","passed","2026-08-14","TestPrimaryFilter","test_primary_market_filter","",""
"
Тест проверяет переход на страницу Transactions по кнопкам.

1. Проскроллить до элемента
2. Нажать
3. Проверить URL
","415","Проверка перехода на страницу Transactions","tests.lk_tests.deposit_withdraw_tests.withdraw_tests","2026-08-14","passed","2026-08-14","TestWithdrawPage","test_withdraw","",""
"
Тест проверяет видимость элементов страницы проекта (без текстового содержимого).

Для каждого элемента:
1. Дождаться загрузки страницы
2. Проверить видимость элемента
","52","Проверка видимости: Rating","tests.lk_tests.project_tests","2026-08-14","passed","2026-08-14","TestElemProject","test_elem_project","",""
"","59","Проверка видимости и текста: pill_primary","tests.lk_tests.investment_tests.primary_tests","2026-08-14","passed","2026-08-14","TestPrimaryPageVisible","test_elem_primary","",""
"
Тест проверяет видимость элементов страницы проекта (без текстового содержимого).

Для каждого элемента:
1. Дождаться загрузки страницы
2. Проверить видимость элемента
","44","Проверка видимости: Invest amount input","tests.lk_tests.project_tests","2026-08-14","passed","2026-08-14","TestElemProject","test_elem_project","",""
"
Тест проверяет видимость элементов страницы Withdraw (без проверки текста).

Для каждого элемента:
1. Дождаться загрузки страницы
2. Проверить видимость элемента по указанному индексу
","28","Проверка видимости: amount_input","tests.lk_tests.deposit_withdraw_tests.withdraw_tests","2026-08-14","passed","2026-08-14","TestWithdrawPageVisible","test_elem_withdraw","",""
"
Тест проверяет фильтрацию проектов по ставке на Primary Market.

1. Получить список доступных пресетов ставки из фильтра
2. Для каждого пресета: выбрать пресет и проверить, что все карточки содержат ставку в нужном диапазоне
3. Для каждого пресета проверить, что количество карточек совпадает с заголовком
","64934","Проверка фильтрации проектов по ставке","tests.lk_tests.investment_tests.primary_tests","2026-08-14","passed","2026-08-14","TestPrimaryFilter","test_primary_market_filter","",""
"
Тест проверяет видимость и текст элементов страницы Rewards.

Для каждого элемента:
1. Дождаться загрузки страницы
2. Проверить видимость элемента
3. Проверить, что текст элемента соответствует ожидаемому
","56","Проверка видимости и текста: compare_silver","tests.lk_tests.rewards_tests","2026-08-14","passed","2026-08-14","TestRewardsPageVisible","test_elem_rewards","",""
"
Тест проверяет видимость и текст элементов страницы Withdraw.

Для каждого элемента:
1. Дождаться загрузки страницы
2. Проверить видимость элемента
3. Проверить, что текст элемента соответствует ожидаемому
","41","Проверка видимости и текста: preset_max","tests.lk_tests.deposit_withdraw_tests.withdraw_tests","2026-08-14","passed","2026-08-14","TestWithdrawPageVisible","test_elem_withdraw","",""
"
Тест проверяет видимость и текст элементов сайдбара.

Для каждого элемента:
1.Дождаться загрузки сайдбара
2.Проверить видимость элемента
3.Проверить, что текст элемента соответствует ожидаемому
","1315","Проверка видимости и текста: Аватар","tests.sidebar_tests","2026-08-14","passed","2026-08-14","TestSidebarVisible","test_elem_sidebar","",""
"","58","Проверка видимости и текста: address","tests.lk_tests.personal_settings_tests","2026-08-14","passed","2026-08-14","TestPersonalSettingsPageVisible","test_elem_personal_settings","",""
"
Тест проверяет видимость и текст элементов страницы Deposit.

Для каждого элемента:
1. Дождаться загрузки страницы
2. Проверить видимость элемента
3. Проверить, что текст элемента соответствует ожидаемому
","96","Проверка видимости и текста: deposit_description","tests.lk_tests.deposit_withdraw_tests.deposit_tests","2026-08-14","passed","2026-08-14","TestDepositPageVisible","test_elem_deposit","",""
"
Тест проверяет открытие дропдауна сортировки.

1. Нажать на дропдаун сортировки
2. Проверить, что открылся список опций
3. Проверить, что опций больше 1
","76","Проверка открытия дропдауна сортировки на Primary Market","tests.lk_tests.investment_tests.primary_tests","2026-08-14","passed","2026-08-14","TestPrimaryMarket","test_primary_market","",""
"
Тест проверяет навигацию по элементам сайдбара.

Для каждого элемента:
1.Кликнуть по элементу
2.Дождаться перехода по URL
3.Проверить, что URL заканчивается на ожидаемый путь
","80","Проверка навигации: rewards","tests.sidebar_tests","2026-08-14","passed","2026-08-14","TestSidebarNav","test_sidebar_nav","",""
"
Тест проверяет видимость и текст элементов дашборда.

Для каждого элемента:
1. Дождаться загрузки страницы
2. Проверить видимость элемента
3. Проверить, что текст элемента соответствует ожидаемому
","47","Проверка видимости и текста: loyalty_max","tests.lk_tests.dashboard_tests","2026-08-14","passed","2026-08-14","TestDashboardPageVisible","test_elem_dashboard","",""
"
Тест проверяет видимость элементов дашборда (без текстового содержимого).

Для каждого элемента:
1.Дождаться загрузки страницы
2.Проверить видимость элемента
","64","Проверка видимости: loyalty_card","tests.lk_tests.dashboard_tests","2026-08-14","passed","2026-08-14","TestDashboardPageVisible","test_elem_dashboard","",""
"
Тест проверяет видимость и текст элементов страницы Deposit.

Для каждого элемента:
1. Дождаться загрузки страницы
2. Проверить видимость элемента
3. Проверить, что текст элемента соответствует ожидаемому
","44","Проверка видимости и текста: deposit_page_title","tests.lk_tests.deposit_withdraw_tests.deposit_tests","2026-08-14","passed","2026-08-14","TestDepositPageVisible","test_elem_deposit","",""
"","161","Проверка видимости и текста: stat_avg_apr","tests.lk_tests.portfolio_tests","2026-08-14","passed","2026-08-14","TestPortfolioPageVisible","test_elem_portfolio_active","",""
"
Тест проверяет фильтр ""Hide invested"".

1. Дождаться загрузки карточек
2. Включить фильтр Hide invested
3. Пройти по всем страницам и убедиться, что нет кнопок ""Add more""
4. Проверить, что количество карточек совпадает с заголовком
","57995","Проверка фильтра Hide invested","tests.lk_tests.investment_tests.primary_tests","2026-08-14","passed","2026-08-14","TestPrimaryFilter1","test_primary_market_filter1","",""
"
Тест проверяет переключение между сеткой и таблицей.

1. Определить текущий вид отображения
2. Кликнуть кнопку переключения
3. Проверить, что вид изменился
","1428","Проверка переключения вида отображения карточек","tests.lk_tests.investment_tests.primary_tests","2026-08-14","passed","2026-08-14","TestPrimaryMarket","test_primary_market","",""
"
Тест проверяет видимость и текст элементов страницы Deposit.

Для каждого элемента:
1. Дождаться загрузки страницы
2. Проверить видимость элемента
3. Проверить, что текст элемента соответствует ожидаемому
","81","Проверка видимости и текста: tab_deposit","tests.lk_tests.deposit_withdraw_tests.deposit_tests","2026-08-14","passed","2026-08-14","TestDepositPageVisible","test_elem_deposit","",""
"
Тест проверяет видимость и текст элементов на странице Secondary Market.

Для каждого элемента:
1. Дождаться загрузки страницы
2. Проверить видимость элемента
3. Проверить, что текст элемента соответствует ожидаемому
","63","Проверка видимости и текста: discount_premium","tests.lk_tests.investment_tests.secondary_tests","2026-08-14","passed","2026-08-14","TestSecondaryPageVisible","test_elem_secondary","",""
"
Тест проверяет видимость и текст элементов на странице Secondary Market.

Для каждого элемента:
1. Дождаться загрузки страницы
2. Проверить видимость элемента
3. Проверить, что текст элемента соответствует ожидаемому
","23","Проверка видимости и текста: original_apr","tests.lk_tests.investment_tests.secondary_tests","2026-08-14","passed","2026-08-14","TestSecondaryPageVisible","test_elem_secondary","",""
"
Тест проверяет открытие, содержимое и навигацию панели уведомлений.

1.Открыть панель уведомлений
2.Проверить заголовок ""Notifications""
3.Проверить наличие хотя бы одного уведомления
4.Проверить видимость кнопки закрытия
5.Проверить видимость кнопки ""View all notifications""
6.Закрыть панель
7.Открыть панель снова
8.Кликнуть ""View all notifications""
9.Проверить переход на страницу /en/notifications
","2670","Проверка панели уведомлений в хедере","tests.header_tests","2026-08-14","passed","2026-08-14","TestHeader","test_header","",""
"
Тест проверяет видимость элементов панели покупки (без текстового содержимого).

Для каждого элемента:
1. Дождаться загрузки панели
2. Проверить видимость элемента
","27","Проверка видимости: button_buy","tests.lk_tests.investment_tests.secondary_tests","2026-08-14","passed","2026-08-14","TestBuyPanel","test_elem_secondary_buy","",""
"
Тест проверяет, что при нажатии на пресеты суммы подставляются в поле ввода.

1. Нажать пресет €100 — проверить поле
2. Нажать пресет €200 — проверить поле
3. Нажать пресет €500 — проверить поле
4. Нажать пресет с индексом 3 — проверить поле
","1712","Проверка выбора пресетов суммы Withdraw","tests.lk_tests.deposit_withdraw_tests.withdraw_tests","2026-08-14","passed","2026-08-14","TestWithdrawPage","test_withdraw","",""
"","68","Проверка видимости и текста: hero_chip_both","tests.lk_tests.refer_tests","2026-08-14","passed","2026-08-14","TestReferralsPageVisible","test_elem_refer","",""
"","30","Проверка видимости: chat_bot","tests.lk_tests.portfolio_tests","2026-08-14","passed","2026-08-14","TestPortfolioPageVisible","test_elem_portfolio_active","",""
"
Тест проверяет видимость и текст элементов вкладки Tax страницы Transactions.

Для каждого элемента:
1. Дождаться загрузки страницы
2. Проверить видимость элемента
3. Проверить, что текст элемента соответствует ожидаемому
","132","Проверка видимости и текста: tab_custom_range","tests.lk_tests.transactions_tests","2026-08-14","passed","2026-08-14","TestTransactionsTaxPageVisible","test_elem_transactions_tax","",""
"
Тест проверяет видимость и текст элементов страницы проекта.

Для каждого элемента:
1. Дождаться загрузки страницы
2. Проверить видимость элемента
3. Проверить, что текст элемента соответствует ожидаемому
","114","Проверка видимости и текста: loan_period_label","tests.lk_tests.project_tests","2026-08-14","passed","2026-08-14","TestElemProject","test_elem_project","",""
"
Тест проверяет видимость и текст элементов хедера.

Для каждого элемента:
1.Дождаться загрузки хедера
2.Проверить видимость элемента
3.Проверить, что текст элемента соответствует ожидаемому
","49","Проверка видимости и текста: user_avatar","tests.header_tests","2026-08-14","passed","2026-08-14","TestHeaderVisible","test_elem_header","",""
"
Тест проверяет видимость и текст элементов страницы Withdraw.

Для каждого элемента:
1. Дождаться загрузки страницы
2. Проверить видимость элемента
3. Проверить, что текст элемента соответствует ожидаемому
","88","Проверка видимости и текста: security_note","tests.lk_tests.deposit_withdraw_tests.withdraw_tests","2026-08-14","passed","2026-08-14","TestWithdrawPageVisible","test_elem_withdraw","",""
"
Тест проверяет видимость и текст элементов сайдбара.

Для каждого элемента:
1.Дождаться загрузки сайдбара
2.Проверить видимость элемента
3.Проверить, что текст элемента соответствует ожидаемому
","36","Проверка видимости и текста: refer","tests.sidebar_tests","2026-08-14","passed","2026-08-14","TestSidebarVisible","test_elem_sidebar","",""
"","38","Проверка видимости и текста: pill_secondary","tests.lk_tests.investment_tests.primary_tests","2026-08-14","passed","2026-08-14","TestPrimaryPageVisible","test_elem_primary","",""
"
Тест проверяет видимость элементов дашборда (без текстового содержимого).

Для каждого элемента:
1.Дождаться загрузки страницы
2.Проверить видимость элемента
","23","Проверка видимости: chat_bot","tests.lk_tests.dashboard_tests","2026-08-14","passed","2026-08-14","TestDashboardPageVisible","test_elem_dashboard","",""
"
Тест проверяет видимость и текст элементов панели покупки.

Для каждого элемента:
1. Дождаться загрузки панели
2. Проверить видимость элемента
3. Проверить, что текст элемента соответствует ожидаемому
","33","Проверка видимости и текста: outstanding_label","tests.lk_tests.investment_tests.secondary_tests","2026-08-14","passed","2026-08-14","TestBuyPanel","test_elem_secondary_buy","",""
"","62","Проверка видимости и текста: stats_deposited_label","tests.lk_tests.refer_tests","2026-08-14","passed","2026-08-14","TestReferralsPageVisible","test_elem_refer","",""
"","353","Проверка видимости и текста: hero_title_accent","tests.lk_tests.refer_tests","2026-08-14","passed","2026-08-14","TestReferralsPageVisible","test_elem_refer","",""
"","30","Проверка видимости и текста: th_friend","tests.lk_tests.refer_tests","2026-08-14","passed","2026-08-14","TestReferralsPageVisible","test_elem_refer","",""
"","140","Проверка видимости и текста: header_title","tests.lk_tests.refer_tests","2026-08-14","passed","2026-08-14","TestReferralsPageVisible","test_elem_refer","",""
"
Тест проверяет видимость элементов дашборда (без текстового содержимого).

Для каждого элемента:
1.Дождаться загрузки страницы
2.Проверить видимость элемента
","51","Проверка видимости: banner_layout","tests.lk_tests.dashboard_tests","2026-08-14","passed","2026-08-14","TestDashboardPageVisible","test_elem_dashboard","",""
"
Тест проверяет видимость и текст элементов страницы Rewards.

Для каждого элемента:
1. Дождаться загрузки страницы
2. Проверить видимость элемента
3. Проверить, что текст элемента соответствует ожидаемому
","63","Проверка видимости и текста: compare_gold","tests.lk_tests.rewards_tests","2026-08-14","passed","2026-08-14","TestRewardsPageVisible","test_elem_rewards","",""
"
Тест проверяет переход на страницу Investment при клике на See all projects.

1. Кликнуть на See all projects
2. Проверить переход на /en/investment
","152","Проверка перехода по кнопке See all projects на страницу Investment","tests.lk_tests.dashboard_tests","2026-08-14","passed","2026-08-14","TestDashboard","test_dashboard","",""
"
Тест проверяет видимость и текст элементов страницы Rewards.

Для каждого элемента:
1. Дождаться загрузки страницы
2. Проверить видимость элемента
3. Проверить, что текст элемента соответствует ожидаемому
","72","Проверка видимости и текста: history_export","tests.lk_tests.rewards_tests","2026-08-14","passed","2026-08-14","TestRewardsPageVisible","test_elem_rewards","",""
"
Тест проверяет видимость и текст элементов сайдбара.

Для каждого элемента:
1.Дождаться загрузки сайдбара
2.Проверить видимость элемента
3.Проверить, что текст элемента соответствует ожидаемому
","27","Проверка видимости и текста: rewards","tests.sidebar_tests","2026-08-14","passed","2026-08-14","TestSidebarVisible","test_elem_sidebar","",""
"","79","Проверка видимости и текста: banner_title","tests.lk_tests.investment_tests.primary_tests","2026-08-14","passed","2026-08-14","TestPrimaryPageVisible","test_elem_primary","",""
"","629","Проверка видимости и текста: th_progress","tests.lk_tests.portfolio_tests","2026-08-14","passed","2026-08-14","TestPortfolioPageVisible","test_elem_portfolio_active","",""
"","62","Проверка видимости и текста: tab_not_raised","tests.lk_tests.investment_tests.primary_tests","2026-08-14","passed","2026-08-14","TestPrimaryPageVisible","test_elem_primary","",""
"
Тест проверяет видимость и текст элементов страницы Rewards.

Для каждого элемента:
1. Дождаться загрузки страницы
2. Проверить видимость элемента
3. Проверить, что текст элемента соответствует ожидаемому
","60","Проверка видимости и текста: hcell_type","tests.lk_tests.rewards_tests","2026-08-14","passed","2026-08-14","TestRewardsPageVisible","test_elem_rewards","",""
"
Тест проверяет видимость и текст элементов на странице Secondary Market.

Для каждого элемента:
1. Дождаться загрузки страницы
2. Проверить видимость элемента
3. Проверить, что текст элемента соответствует ожидаемому
","80","Проверка видимости и текста: original_apr","tests.lk_tests.investment_tests.secondary_tests","2026-08-14","passed","2026-08-14","TestSecondaryPageVisible","test_elem_secondary","",""
"","544","Проверка видимости и текста: th_status","tests.lk_tests.portfolio_tests","2026-08-14","passed","2026-08-14","TestPortfolioCompletedPageVisible","test_elem_portfolio_completed","",""
"
Тест проверяет количество карточек в каждой вкладке статусов.

1. Получить ожидаемое количество из счётчика на вкладке
2. Кликнуть по вкладке и дождаться загрузки карточек
3. Пройти по всем страницам и сравнить фактическое количество с ожидаемым
","27628","Проверка категории: tab-status-all","tests.lk_tests.investment_tests.primary_tests","2026-08-14","passed","2026-08-14","TestPrimaryFilter1","test_primary_market_filter1","",""
"
Тест проверяет видимость и текст элементов на странице логина.

Для каждого элемента:
1.Дождаться загрузки страницы
2.Проверить видимость элемента
3.Проверить, что текст элемента соответствует ожидаемому
","48","Проверка видимости и текста: link_create_account","tests.auth_tests.login_page_tests","2026-08-14","passed","2026-08-14","TestLoginPageVisible","test_login_page","",""
"","68","Проверка видимости и текста: banner_paragraph","tests.lk_tests.portfolio_tests","2026-08-14","passed","2026-08-14","TestPortfolioPageVisible","test_elem_portfolio_active","",""
"","4","Проверка видимости и текста: catalog_title","tests.lk_tests.investment_tests.primary_tests","2026-08-14","passed","2026-08-14","TestPrimaryPageVisible","test_elem_primary","",""
"","4","Проверка видимости и текста: header_link","tests.lk_tests.refer_tests","2026-08-14","passed","2026-08-14","TestReferralsPageVisible","test_elem_refer","",""
"","21","Проверка видимости: password_strength_bar_fill","tests.auth_tests.reg_page_tests","2026-08-14","passed","2026-08-14","TestRegistrationPageVisible","test_elem_registration_page","",""
"
Тест проверяет видимость элементов на странице логина (без текстового содержимого).

Для каждого элемента:
1.Дождаться загрузки страницы
2.Проверить видимость элемента
","48","Проверка видимости: input_password","tests.auth_tests.login_page_tests","2026-08-14","passed","2026-08-14","TestLoginPageVisible","test_login_page","",""
"
Тест проверяет видимость элементов дашборда (без текстового содержимого).

Для каждого элемента:
1.Дождаться загрузки страницы
2.Проверить видимость элемента
","34","Проверка видимости: overview_statistics","tests.lk_tests.dashboard_tests","2026-08-14","passed","2026-08-14","TestDashboardPageVisible","test_elem_dashboard","",""
"
Тест проверяет видимость элементов дашборда (без текстового содержимого).

Для каждого элемента:
1.Дождаться загрузки страницы
2.Проверить видимость элемента
","120","Проверка видимости: chat_bot","tests.lk_tests.dashboard_tests","2026-08-14","passed","2026-08-14","TestDashboardPageVisible","test_elem_dashboard","",""
"","103","Проверка видимости и текста: sector_filter","tests.lk_tests.portfolio_tests","2026-08-14","passed","2026-08-14","TestPortfolioPageVisible","test_elem_portfolio_active","",""
"
Тест проверяет видимость элементов дашборда (без текстового содержимого).

Для каждого элемента:
1.Дождаться загрузки страницы
2.Проверить видимость элемента
","24","Проверка видимости: loyalty_card_tier_sub","tests.lk_tests.dashboard_tests","2026-08-14","passed","2026-08-14","TestDashboardPageVisible","test_elem_dashboard","",""
"","26","Проверка видимости и текста: download_documents","tests.lk_tests.personal_settings_tests","2026-08-14","passed","2026-08-14","TestPersonalSettingsPageVisible","test_elem_personal_settings","",""
"
Тест проверяет видимость элементов страницы проекта (без текстового содержимого).

Для каждого элемента:
1. Дождаться загрузки страницы
2. Проверить видимость элемента
","28","Проверка видимости: Project stat caption","tests.lk_tests.project_tests","2026-08-14","passed","2026-08-14","TestElemProject","test_elem_project","",""
"
Тест проверяет видимость элементов дашборда (без текстового содержимого).

Для каждого элемента:
1.Дождаться загрузки страницы
2.Проверить видимость элемента
","26","Проверка видимости: loyalty_card","tests.lk_tests.dashboard_tests","2026-08-14","passed","2026-08-14","TestDashboardPageVisible","test_elem_dashboard","",""
"
Тест проверяет видимость элементов на странице Secondary Market (без текстового содержимого).

Для каждого элемента:
1. Дождаться загрузки страницы
2. Проверить видимость элемента
","38","Проверка видимости: grade_label","tests.lk_tests.investment_tests.secondary_tests","2026-08-14","passed","2026-08-14","TestSecondaryPageVisible","test_elem_secondary","",""
"
Тест проверяет фильтрацию карточек Secondary Market по секторам.

1. Получить список доступных секторов из фильтра
2. Для каждого сектора: выбрать сектор и проверить, что все карточки содержат сектор
3. Для каждого сектора проверить, что количество карточек совпадает с заголовком
","39912","Проверка фильтрации Secondary Market по секторам","tests.lk_tests.investment_tests.secondary_tests","2026-08-14","passed","2026-08-14","TestSecondaryMarketFilter","test_secondary_market_filter","",""
"
Тест проверяет навигацию по элементам сайдбара.

Для каждого элемента:
1.Кликнуть по элементу
2.Дождаться перехода по URL
3.Проверить, что URL заканчивается на ожидаемый путь
","287","Проверка навигации: deposit_withdraw","tests.sidebar_tests","2026-08-14","passed","2026-08-14","TestSidebarNav","test_sidebar_nav","",""
"","57","Проверка видимости: banner_desc","tests.lk_tests.investment_tests.primary_tests","2026-08-14","passed","2026-08-14","TestPrimaryPageVisible","test_elem_primary","",""
"","115","Проверка видимости и текста: tab_completed","tests.lk_tests.portfolio_tests","2026-08-14","passed","2026-08-14","TestPortfolioPageVisible","test_elem_portfolio_active","",""
"","32","Проверка видимости: chat_bot","tests.lk_tests.personal_settings_tests","2026-08-14","passed","2026-08-14","TestPersonalSettingsPageVisible","test_elem_personal_settings","",""
"
Тест проверяет переключение между сеткой и таблицей на Secondary Market.

1. Определить текущий вид отображения
2. Кликнуть кнопку переключения
3. Проверить, что вид изменился
","1795","Проверка переключения вида отображения карточек на Secondary Market","tests.lk_tests.investment_tests.secondary_tests","2026-08-14","passed","2026-08-14","TestSecondaryMarket","test_secondary_market","",""
"
Тест проверяет видимость элементов дашборда (без текстового содержимого).

Для каждого элемента:
1.Дождаться загрузки страницы
2.Проверить видимость элемента
","31","Проверка видимости: loyalty_card_hero","tests.lk_tests.dashboard_tests","2026-08-14","passed","2026-08-14","TestDashboardPageVisible","test_elem_dashboard","",""
"","65","Проверка видимости и текста: channel_x","tests.lk_tests.refer_tests","2026-08-14","passed","2026-08-14","TestReferralsPageVisible","test_elem_refer","",""
"
Тест проверяет видимость и текст элементов страницы Deposit.

Для каждого элемента:
1. Дождаться загрузки страницы
2. Проверить видимость элемента
3. Проверить, что текст элемента соответствует ожидаемому
","303","Проверка видимости и текста: deposit_title","tests.lk_tests.deposit_withdraw_tests.deposit_tests","2026-08-14","passed","2026-08-14","TestDepositPageVisible","test_elem_deposit","",""
"","36","Проверка видимости: password_strength_bar","tests.auth_tests.reg_page_tests","2026-08-14","passed","2026-08-14","TestRegistrationPageVisible","test_elem_registration_page","",""
"
Тест проверяет видимость и текст элементов страницы Deposit.

Для каждого элемента:
1. Дождаться загрузки страницы
2. Проверить видимость элемента
3. Проверить, что текст элемента соответствует ожидаемому
","52","Проверка видимости и текста: tab_withdraw","tests.lk_tests.deposit_withdraw_tests.deposit_tests","2026-08-14","passed","2026-08-14","TestDepositPageVisible","test_elem_deposit","",""
"","5","Проверка видимости и текста: hero_reward_amount","tests.lk_tests.refer_tests","2026-08-14","passed","2026-08-14","TestReferralsPageVisible","test_elem_refer","",""
"
Тест проверяет видимость элементов на странице Secondary Market (без текстового содержимого).

Для каждого элемента:
1. Дождаться загрузки страницы
2. Проверить видимость элемента
","22","Проверка видимости: chat_bot","tests.lk_tests.investment_tests.secondary_tests","2026-08-14","passed","2026-08-14","TestSecondaryPageVisible","test_elem_secondary","",""
"
Тест проверяет успешную авторизацию

1.Открыть страницу логина
2.Заполнить форму валидными данными
3.Нажать кнопку логина
4.Дождаться перехода на дашборд
5.Проверить, что URL заканчивается на /dashboard
","6186","Тест авторизации с валидными данными","tests.auth_tests.login_page_tests","2026-08-14","passed","2026-08-14","TestAuthorization","test_authorization","",""
"
Тест проверяет видимость элементов на странице Secondary Market (без текстового содержимого).

Для каждого элемента:
1. Дождаться загрузки страницы
2. Проверить видимость элемента
","29","Проверка видимости: pagination_summary","tests.lk_tests.investment_tests.secondary_tests","2026-08-14","passed","2026-08-14","TestSecondaryPageVisible","test_elem_secondary","",""
"
Тест проверяет видимость и текст элементов страницы Transactions.

Для каждого элемента:
1. Дождаться загрузки страницы
2. Проверить видимость элемента
3. Проверить, что текст элемента соответствует ожидаемому
","54","Проверка видимости и текста: table_count","tests.lk_tests.transactions_tests","2026-08-14","passed","2026-08-14","TestTransactionsPageVisible","test_elem_transactions","",""
"","48","Проверка видимости: header_capital","tests.lk_tests.portfolio_tests","2026-08-14","passed","2026-08-14","TestPortfolioCompletedPageVisible","test_elem_portfolio_completed","",""
"
Тест проверяет видимость и текст элементов футера.

Для каждого элемента:
1.Дождаться загрузки футера
2.Проверить видимость элемента
3.Проверить, что текст элемента соответствует ожидаемому
","79","Проверка видимости и текста: agreements_risk-disclosure","tests.footer_tests","2026-08-14","passed","2026-08-14","TestFooterVisible","test_elem_footer","",""
"
Тест проверяет видимость и текст элементов страницы Rewards.

Для каждого элемента:
1. Дождаться загрузки страницы
2. Проверить видимость элемента
3. Проверить, что текст элемента соответствует ожидаемому
","972","Проверка видимости и текста: page_title","tests.lk_tests.rewards_tests","2026-08-14","passed","2026-08-14","TestRewardsPageVisible","test_elem_rewards","",""
"
Тест проверяет переключение количества карточек на странице.

1. Переключить селект на {per_page} per page
2. Дождаться обновления
3. Проверить, что на странице {expected_count} карточек
","3106","Проверка переключения количества карточек на странице: 9","tests.lk_tests.investment_tests.primary_tests","2026-08-14","passed","2026-08-14","TestPrimaryMarket","test_primary_market","",""
"
Тест проверяет видимость и текст элементов дашборда.

Для каждого элемента:
1. Дождаться загрузки страницы
2. Проверить видимость элемента
3. Проверить, что текст элемента соответствует ожидаемому
","57","Проверка видимости и текста: growth_path_sub","tests.lk_tests.dashboard_tests","2026-08-14","passed","2026-08-14","TestDashboardPageVisible","test_elem_dashboard","",""
"
Тест проверяет видимость элементов страницы Transactions (без проверки текста).

Для каждого элемента:
1. Дождаться загрузки страницы
2. Проверить видимость элемента
","32","Проверка видимости: money_out_value","tests.lk_tests.transactions_tests","2026-08-14","passed","2026-08-14","TestTransactionsPageVisible","test_elem_transactions","",""
"
Тест проверяет видимость элементов дашборда (без текстового содержимого).

Для каждого элемента:
1.Дождаться загрузки страницы
2.Проверить видимость элемента
","22","Проверка видимости: banner_badge","tests.lk_tests.dashboard_tests","2026-08-14","passed","2026-08-14","TestDashboardPageVisible","test_elem_dashboard","",""
"
Тест проверяет отправку кода восстановления пароля.

1.Открыть страницу forgot-password
2.Ввести email
3.Нажать Send code
4.Проверить переход на страницу ввода кода
","946","Проверка отправки кода восстановления пароля, для пользователя с существующим email","tests.auth_tests.forgot_page_tests","2026-08-14","passed","2026-08-14","TestForgotPasswordTrue","test_forgot_password","",""
"","35","Проверка видимости и текста: sort_filter","tests.lk_tests.portfolio_tests","2026-08-14","passed","2026-08-14","TestPortfolioPageVisible","test_elem_portfolio_active","",""
"
Тест проверяет фильтрацию карточек Secondary Market по странам.

1. Получить список доступных стран из фильтра
2. Для каждой страны: выбрать страну и проверить, что все карточки содержат страну
3. Для каждой страны проверить, что количество карточек совпадает с заголовком
","23442","Проверка фильтрации Secondary Market по странам","tests.lk_tests.investment_tests.secondary_tests","2026-08-14","passed","2026-08-14","TestSecondaryMarketFilter","test_secondary_market_filter","",""
"
Тест проверяет видимость и текст элементов футера.

Для каждого элемента:
1.Дождаться загрузки футера
2.Проверить видимость элемента
3.Проверить, что текст элемента соответствует ожидаемому
","23","Проверка видимости и текста: contacts_support_email","tests.footer_tests","2026-08-14","passed","2026-08-14","TestFooterVisible","test_elem_footer","",""
"
Тест проверяет видимость элементов на странице Secondary Market (без текстового содержимого).

Для каждого элемента:
1. Дождаться загрузки страницы
2. Проверить видимость элемента
","37","Проверка видимости: toggle_view","tests.lk_tests.investment_tests.secondary_tests","2026-08-14","passed","2026-08-14","TestSecondaryPageVisible","test_elem_secondary","",""
"","68","Проверка видимости и текста: password_label","tests.lk_tests.personal_settings_tests","2026-08-14","passed","2026-08-14","TestPersonalSettingsPageVisible","test_elem_personal_settings","",""
"
Тест проверяет видимость и текст элементов сайдбара.

Для каждого элемента:
1.Дождаться загрузки сайдбара
2.Проверить видимость элемента
3.Проверить, что текст элемента соответствует ожидаемому
","38","Проверка видимости и текста: Уровень инвестора","tests.sidebar_tests","2026-08-14","passed","2026-08-14","TestSidebarVisible","test_elem_sidebar","",""
"","12","Проверка количества: tab_counts (ожидается 2)","tests.lk_tests.portfolio_tests","2026-08-14","passed","2026-08-14","TestPortfolioCompletedPageVisible","test_elem_portfolio_completed","",""
"
Тест проверяет видимость и текст элементов панели покупки.

Для каждого элемента:
1. Дождаться загрузки панели
2. Проверить видимость элемента
3. Проверить, что текст элемента соответствует ожидаемому
","13","Проверка видимости и текста: amount","tests.lk_tests.investment_tests.secondary_tests","2026-08-14","passed","2026-08-14","TestBuyPanel","test_elem_secondary_buy","",""
"
Тест проверяет видимость элементов страницы Transactions (без проверки текста).

Для каждого элемента:
1. Дождаться загрузки страницы
2. Проверить видимость элемента
","46","Проверка видимости: net_change_value","tests.lk_tests.transactions_tests","2026-08-14","passed","2026-08-14","TestTransactionsPageVisible","test_elem_transactions","",""
"","377","Проверка видимости: stats_commission_value","tests.lk_tests.refer_tests","2026-08-14","passed","2026-08-14","TestReferralsPageVisible","test_elem_refer","",""
"","58","Проверка видимости и текста: tab_active","tests.lk_tests.portfolio_tests","2026-08-14","passed","2026-08-14","TestPortfolioPageVisible","test_elem_portfolio_active","",""
"
Тест проверяет видимость и текст элементов на странице восстановления пароля.

Для каждого элемента:
1.Дождаться загрузки страницы
2.Проверить видимость элемента
3.Проверить, что текст элемента соответствует ожидаемому
","203","Проверка видимости и текста: page_subtitle","tests.auth_tests.forgot_page_tests","2026-08-14","passed","2026-08-14","TestForgotPasswordPageVisible","test_elem_forgot_page","",""
"
Тест проверяет видимость элементов на странице восстановления пароля (без текстового содержимого).

Для каждого элемента:
1.Дождаться загрузки страницы
2.Проверить видимость элемента
","21","Проверка видимости: progress_bar","tests.auth_tests.forgot_page_tests","2026-08-14","passed","2026-08-14","TestForgotPasswordPageVisible","test_elem_forgot_page","",""
"
Тест проверяет видимость и текст элементов страницы Transactions.

Для каждого элемента:
1. Дождаться загрузки страницы
2. Проверить видимость элемента
3. Проверить, что текст элемента соответствует ожидаемому
","151","Проверка видимости и текста: money_out_label","tests.lk_tests.transactions_tests","2026-08-14","passed","2026-08-14","TestTransactionsPageVisible","test_elem_transactions","",""
"
Тест проверяет видимость и текст элементов страницы Deposit.

Для каждого элемента:
1. Дождаться загрузки страницы
2. Проверить видимость элемента
3. Проверить, что текст элемента соответствует ожидаемому
","41","Проверка видимости и текста: step1_badge","tests.lk_tests.deposit_withdraw_tests.deposit_tests","2026-08-14","passed","2026-08-14","TestDepositPageVisible","test_elem_deposit","",""
"","3","Проверка видимости и текста: two_factor_app_status","tests.lk_tests.personal_settings_tests","2026-08-14","passed","2026-08-14","TestPersonalSettingsPageVisible","test_elem_personal_settings","",""
"","60","Проверка видимости и текста: notif_withdrawal","tests.lk_tests.personal_settings_tests","2026-08-14","passed","2026-08-14","TestPersonalSettingsPageVisible","test_elem_personal_settings","",""
"
Тест проверяет количество элементов страницы Transactions.

Для каждого элемента:
1. Дождаться загрузки страницы
2. Проверить, что количество элементов соответствует ожидаемому
","12","Проверка количества: input_fields (ожидается 2)","tests.lk_tests.transactions_tests","2026-08-14","passed","2026-08-14","TestTransactionsPageVisible","test_elem_transactions","",""
"
Тест проверяет видимость элементов страницы Rewards (без проверки текста).

Для каждого элемента:
1. Дождаться загрузки страницы
2. Проверить видимость элемента
","21","Проверка видимости: history_toggle","tests.lk_tests.rewards_tests","2026-08-14","passed","2026-08-14","TestRewardsPageVisible","test_elem_rewards","",""
"
Тест проверяет, что при пустом поле суммы появляется ошибка валидации.
","1617","Проверка валидации пустой суммы Withdraw","tests.lk_tests.deposit_withdraw_tests.withdraw_tests","2026-08-14","passed","2026-08-14","TestWithdrawPage","test_withdraw","",""
"
Тест проверяет переключение количества карточек на странице Secondary Market.

1. Переключить селект на {per_page} per page
2. Дождаться обновления
3. Проверить, что на странице {expected_count} карточек
","3103","Проверка переключения количества карточек на странице Secondary: 12","tests.lk_tests.investment_tests.secondary_tests","2026-08-14","passed","2026-08-14","TestSecondaryMarket","test_secondary_market","",""
"","43","Проверка видимости и текста: banner_cta","tests.lk_tests.portfolio_tests","2026-08-14","passed","2026-08-14","TestPortfolioCompletedPageVisible","test_elem_portfolio_completed","",""
"
Тест проверяет видимость элементов страницы проекта (без текстового содержимого).

Для каждого элемента:
1. Дождаться загрузки страницы
2. Проверить видимость элемента
","59","Проверка видимости: Invest block amount","tests.lk_tests.project_tests","2026-08-14","passed","2026-08-14","TestElemProject","test_elem_project","",""
"
Тест проверяет видимость и текст элементов на странице Secondary Market.

Для каждого элемента:
1. Дождаться загрузки страницы
2. Проверить видимость элемента
3. Проверить, что текст элемента соответствует ожидаемому
","54","Проверка видимости и текста: action","tests.lk_tests.investment_tests.secondary_tests","2026-08-14","passed","2026-08-14","TestSecondaryPageVisible","test_elem_secondary","",""
"
Тест проверяет видимость и текст элементов страницы Withdraw.

Для каждого элемента:
1. Дождаться загрузки страницы
2. Проверить видимость элемента
3. Проверить, что текст элемента соответствует ожидаемому
","43","Проверка видимости и текста: preset_500","tests.lk_tests.deposit_withdraw_tests.withdraw_tests","2026-08-14","passed","2026-08-14","TestWithdrawPageVisible","test_elem_withdraw","",""
"","28","Проверка видимости и текста: notif_subscriptions","tests.lk_tests.personal_settings_tests","2026-08-14","passed","2026-08-14","TestPersonalSettingsPageVisible","test_elem_personal_settings","",""
"
Тест проверяет видимость и текст элементов страницы Withdraw.

Для каждого элемента:
1. Дождаться загрузки страницы
2. Проверить видимость элемента
3. Проверить, что текст элемента соответствует ожидаемому
","61","Проверка видимости и текста: withdraw_title","tests.lk_tests.deposit_withdraw_tests.withdraw_tests","2026-08-14","passed","2026-08-14","TestWithdrawPageVisible","test_elem_withdraw","",""
"
Тест проверяет видимость и текст элементов футера.

Для каждого элемента:
1.Дождаться загрузки футера
2.Проверить видимость элемента
3.Проверить, что текст элемента соответствует ожидаемому
","49","Проверка видимости и текста: community_title","tests.footer_tests","2026-08-14","passed","2026-08-14","TestFooterVisible","test_elem_footer","",""
"
Тест проверяет видимость элементов страницы проекта (без текстового содержимого).

Для каждого элемента:
1. Дождаться загрузки страницы
2. Проверить видимость элемента
","59","Проверка видимости: Invest amount input","tests.lk_tests.project_tests","2026-08-14","passed","2026-08-14","TestElemProject","test_elem_project","",""
"
Тест проверяет видимость и текст элементов на странице Secondary Market.

Для каждого элемента:
1. Дождаться загрузки страницы
2. Проверить видимость элемента
3. Проверить, что текст элемента соответствует ожидаемому
","45","Проверка видимости и текста: banner_cta","tests.lk_tests.investment_tests.secondary_tests","2026-08-14","passed","2026-08-14","TestSecondaryPageVisible","test_elem_secondary","",""
"
Тест проверяет, что при нажатии на пресеты суммы подставляются в поле ввода.

1. Нажать пресет €100 — проверить поле
2. Нажать пресет €200 — проверить поле
3. Нажать пресет €500 — проверить поле
4. Нажать пресет с индексом 3 — проверить поле
","1866","Проверка выбора пресетов суммы Withdraw","tests.lk_tests.deposit_withdraw_tests.withdraw_tests","2026-08-14","passed","2026-08-14","TestWithdrawPage","test_withdraw","",""
"","63","Проверка видимости и текста: th_invited","tests.lk_tests.refer_tests","2026-08-14","passed","2026-08-14","TestReferralsPageVisible","test_elem_refer","",""
"","112","Проверка видимости и текста: table_sort","tests.lk_tests.refer_tests","2026-08-14","passed","2026-08-14","TestReferralsPageVisible","test_elem_refer","",""
"","10","Проверка видимости и текста: two_factor_email_status","tests.lk_tests.personal_settings_tests","2026-08-14","passed","2026-08-14","TestPersonalSettingsPageVisible","test_elem_personal_settings","",""
"
Тест проверяет видимость и текст элементов страницы Rewards.

Для каждого элемента:
1. Дождаться загрузки страницы
2. Проверить видимость элемента
3. Проверить, что текст элемента соответствует ожидаемому
","74","Проверка видимости и текста: banner_max","tests.lk_tests.rewards_tests","2026-08-14","passed","2026-08-14","TestRewardsPageVisible","test_elem_rewards","",""
"
Тест проверяет видимость и текст элементов страницы Deposit.

Для каждого элемента:
1. Дождаться загрузки страницы
2. Проверить видимость элемента
3. Проверить, что текст элемента соответствует ожидаемому
","60","Проверка видимости и текста: highlight_name","tests.lk_tests.deposit_withdraw_tests.deposit_tests","2026-08-14","passed","2026-08-14","TestDepositPageVisible","test_elem_deposit","",""
"
Тест проверяет количество элементов страницы проекта.

1. Дождаться загрузки страницы
2. Проверить количество элементов
","18","Проверка количества: Latest project subtitles (ожидается 4)","tests.lk_tests.project_tests","2026-08-14","passed","2026-08-14","TestElemProject","test_elem_project","",""
"
Тест проверяет видимость и текст элементов страницы Deposit.

Для каждого элемента:
1. Дождаться загрузки страницы
2. Проверить видимость элемента
3. Проверить, что текст элемента соответствует ожидаемому
","63","Проверка видимости и текста: step1_label","tests.lk_tests.deposit_withdraw_tests.deposit_tests","2026-08-14","passed","2026-08-14","TestDepositPageVisible","test_elem_deposit","",""
"
Тест проверяет переход на страницу Rewards при клике на Activate offer.

1. Кликнуть на кнопку Activate offer
2. Проверить переход на /en/rewards
","117","Проверка перехода по кнопке Activate offer на страницу Rewards","tests.lk_tests.dashboard_tests","2026-08-14","passed","2026-08-14","TestDashboard","test_dashboard","",""
"
Тест проверяет видимость элементов дашборда (без текстового содержимого).

Для каждого элемента:
1.Дождаться загрузки страницы
2.Проверить видимость элемента
","65","Проверка видимости: loyalty_card_tiers","tests.lk_tests.dashboard_tests","2026-08-14","passed","2026-08-14","TestDashboardPageVisible","test_elem_dashboard","",""
"
Тест проверяет видимость и текст элементов дашборда.

Для каждого элемента:
1. Дождаться загрузки страницы
2. Проверить видимость элемента
3. Проверить, что текст элемента соответствует ожидаемому
","41","Проверка видимости и текста: active_investments","tests.lk_tests.dashboard_tests","2026-08-14","passed","2026-08-14","TestDashboardPageVisible","test_elem_dashboard","",""
"
Тест проверяет видимость и текст элементов страницы Transactions.

Для каждого элемента:
1. Дождаться загрузки страницы
2. Проверить видимость элемента
3. Проверить, что текст элемента соответствует ожидаемому
","61","Проверка видимости и текста: tab_current_week","tests.lk_tests.transactions_tests","2026-08-14","passed","2026-08-14","TestTransactionsPageVisible","test_elem_transactions","",""
"
Тест проверяет видимость и текст элементов страницы Deposit.

Для каждого элемента:
1. Дождаться загрузки страницы
2. Проверить видимость элемента
3. Проверить, что текст элемента соответствует ожидаемому
","81","Проверка видимости и текста: recent_all","tests.lk_tests.deposit_withdraw_tests.deposit_tests","2026-08-14","passed","2026-08-14","TestDepositPageVisible","test_elem_deposit","",""
"
Тест проверяет количество элементов страницы Rewards.

Для каждого элемента:
1. Дождаться загрузки страницы
2. Проверить, что количество элементов соответствует ожидаемому
","39","Проверка количества: bonus_card_title (ожидается 4)","tests.lk_tests.rewards_tests","2026-08-14","passed","2026-08-14","TestRewardsPageVisible","test_elem_rewards","",""
"
Тест проверяет видимость и текст элементов страницы Transactions.

Для каждого элемента:
1. Дождаться загрузки страницы
2. Проверить видимость элемента
3. Проверить, что текст элемента соответствует ожидаемому
","113","Проверка видимости и текста: interest_label","tests.lk_tests.transactions_tests","2026-08-14","passed","2026-08-14","TestTransactionsPageVisible","test_elem_transactions","",""
"
Тест проверяет видимость и текст элементов страницы Deposit.

Для каждого элемента:
1. Дождаться загрузки страницы
2. Проверить видимость элемента
3. Проверить, что текст элемента соответствует ожидаемому
","99","Проверка видимости и текста: payment_reference","tests.lk_tests.deposit_withdraw_tests.deposit_tests","2026-08-14","passed","2026-08-14","TestDepositPageVisible","test_elem_deposit","",""
"
Тест проверяет видимость и текст элементов страницы Transactions.

Для каждого элемента:
1. Дождаться загрузки страницы
2. Проверить видимость элемента
3. Проверить, что текст элемента соответствует ожидаемому
","138","Проверка видимости и текста: interest_desc","tests.lk_tests.transactions_tests","2026-08-14","passed","2026-08-14","TestTransactionsPageVisible","test_elem_transactions","",""
"
Тест проверяет видимость элементов на странице Secondary Market (без текстового содержимого).

Для каждого элемента:
1. Дождаться загрузки страницы
2. Проверить видимость элемента
","47","Проверка видимости: toggle_view","tests.lk_tests.investment_tests.secondary_tests","2026-08-14","passed","2026-08-14","TestSecondaryPageVisible","test_elem_secondary","",""
"","56","Проверка видимости и текста: tab_active","tests.lk_tests.portfolio_tests","2026-08-14","passed","2026-08-14","TestPortfolioCompletedPageVisible","test_elem_portfolio_completed","",""
"
Тест проверяет видимость и текст элементов дашборда.

Для каждого элемента:
1. Дождаться загрузки страницы
2. Проверить видимость элемента
3. Проверить, что текст элемента соответствует ожидаемому
","126","Проверка видимости и текста: loyalty_status_name","tests.lk_tests.dashboard_tests","2026-08-14","passed","2026-08-14","TestDashboardPageVisible","test_elem_dashboard","",""
"
Тест проверяет открытие модального окна покупки при клике на кнопку Buy.

1. Пройти по страницам в поиске кнопки Buy
2. Запомнить название проекта
3. Кликнуть Buy
4. Проверить, что открылось модальное окно
5. Проверить, что название проекта в модалке совпадает
","699","Проверка открытия модального окна покупки на Secondary Market","tests.lk_tests.investment_tests.secondary_tests","2026-08-14","passed","2026-08-14","TestSecondaryMarket","test_secondary_market","",""
"","543","Проверка видимости и текста: th_invested","tests.lk_tests.portfolio_tests","2026-08-14","passed","2026-08-14","TestPortfolioCompletedPageVisible","test_elem_portfolio_completed","",""
"
Тест проверяет количество элементов страницы проекта.

1. Дождаться загрузки страницы
2. Проверить количество элементов
","18","Проверка количества: Latest project subtitles (ожидается 4)","tests.lk_tests.project_tests","2026-08-14","passed","2026-08-14","TestElemProject","test_elem_project","",""
"
Тест проверяет видимость и текст элементов страницы Rewards.

Для каждого элемента:
1. Дождаться загрузки страницы
2. Проверить видимость элемента
3. Проверить, что текст элемента соответствует ожидаемому
","135","Проверка видимости и текста: how_tiers_btn","tests.lk_tests.rewards_tests","2026-08-14","passed","2026-08-14","TestRewardsPageVisible","test_elem_rewards","",""
"
Тест проверяет количество элементов дашборда.

1.Дождаться загрузки страницы
2.Проверить количество элементов
3.Для progress-bar проверить что все имеют размеры
","14","Проверка количества: growth_tabs (ожидается 4)","tests.lk_tests.dashboard_tests","2026-08-14","passed","2026-08-14","TestDashboardPageVisible","test_elem_dashboard","",""
"","566","Проверка видимости и текста: th_project","tests.lk_tests.portfolio_tests","2026-08-14","passed","2026-08-14","TestPortfolioCompletedPageVisible","test_elem_portfolio_completed","",""
"
Тест проверяет видимость и текст элементов страницы проекта.

Для каждого элемента:
1. Дождаться загрузки страницы
2. Проверить видимость элемента
3. Проверить, что текст элемента соответствует ожидаемому
","45","Проверка видимости и текста: no_max_cap_caption","tests.lk_tests.project_tests","2026-08-14","passed","2026-08-14","TestElemProject","test_elem_project","",""
"
Тест проверяет видимость и текст элементов страницы Withdraw.

Для каждого элемента:
1. Дождаться загрузки страницы
2. Проверить видимость элемента
3. Проверить, что текст элемента соответствует ожидаемому
","43","Проверка видимости и текста: step1_name","tests.lk_tests.deposit_withdraw_tests.withdraw_tests","2026-08-14","passed","2026-08-14","TestWithdrawPageVisible","test_elem_withdraw","",""
"
Тест проверяет, что при вводе неверных данных авторизация не проходит и появляется сообщение об ошибке.

Для каждого варианта невалидных данных:
1.Открыть страницу логина
2.Заполнить форму невалидными данными
3.Нажать кнопку логина
4.Проверить появление сообщения об ошибке
","5615","Проверка авторизации с невалидными данными: Email без @","tests.auth_tests.login_page_tests","2026-08-14","passed","2026-08-14","TestAuthorization","test_authorization","",""
"
Тест проверяет видимость и количество элементов страницы Deposit.

Для каждого элемента:
1. Дождаться загрузки страницы
2. Проверить видимость элемента
3. Проверить, что количество элементов соответствует ожидаемому
","61","Проверка видимости и количества: chat_bot (ожидается 1)","tests.lk_tests.deposit_withdraw_tests.deposit_tests","2026-08-14","passed","2026-08-14","TestDepositPageVisible","test_elem_deposit","",""
"
Тест проверяет видимость и текст элементов страницы Deposit.

Для каждого элемента:
1. Дождаться загрузки страницы
2. Проверить видимость элемента
3. Проверить, что текст элемента соответствует ожидаемому
","124","Проверка видимости и текста: deposit_title","tests.lk_tests.deposit_withdraw_tests.deposit_tests","2026-08-14","passed","2026-08-14","TestDepositPageVisible","test_elem_deposit","",""
"
Тест проверяет видимость элементов модального окна Schedule (без текстового содержимого).

Для каждого элемента:
1. Дождаться загрузки модального окна
2. Проверить видимость элемента
","43","Проверка видимости: table","tests.lk_tests.portfolio_tests","2026-08-14","passed","2026-08-14","TestPortfolioSchedule","test_elem_portfolio_schedule","",""
"","88","Проверка видимости и текста: collateral_label","tests.lk_tests.investment_tests.primary_tests","2026-08-14","passed","2026-08-14","TestPrimaryPageVisible","test_elem_primary","",""
"","54","Проверка видимости и текста: step1_title","tests.lk_tests.refer_tests","2026-08-14","passed","2026-08-14","TestReferralsPageVisible","test_elem_refer","",""
"
Тест проверяет видимость и текст элементов страницы Transactions.

Для каждого элемента:
1. Дождаться загрузки страницы
2. Проверить видимость элемента
3. Проверить, что текст элемента соответствует ожидаемому
","40","Проверка видимости и текста: money_out_label","tests.lk_tests.transactions_tests","2026-08-14","passed","2026-08-14","TestTransactionsPageVisible","test_elem_transactions","",""
"
Тест проверяет видимость и текст элементов вкладки Tax страницы Transactions.

Для каждого элемента:
1. Дождаться загрузки страницы
2. Проверить видимость элемента
3. Проверить, что текст элемента соответствует ожидаемому
","103","Проверка видимости и текста: tab_last_30_days","tests.lk_tests.transactions_tests","2026-08-14","passed","2026-08-14","TestTransactionsTaxPageVisible","test_elem_transactions_tax","",""
"","87","Проверка видимости и текста: hero_reward_extra","tests.lk_tests.refer_tests","2026-08-14","passed","2026-08-14","TestReferralsPageVisible","test_elem_refer","",""
"
Тест проверяет видимость и текст элементов страницы Withdraw.

Для каждого элемента:
1. Дождаться загрузки страницы
2. Проверить видимость элемента
3. Проверить, что текст элемента соответствует ожидаемому
","72","Проверка видимости и текста: deposit_title","tests.lk_tests.deposit_withdraw_tests.withdraw_tests","2026-08-14","passed","2026-08-14","TestWithdrawPageVisible","test_elem_withdraw","",""
"
Тест проверяет видимость и количество элементов страницы Deposit.

Для каждого элемента:
1. Дождаться загрузки страницы
2. Проверить видимость элемента
3. Проверить, что количество элементов соответствует ожидаемому
","61","Проверка видимости и количества: list_elem_values (ожидается 6)","tests.lk_tests.deposit_withdraw_tests.deposit_tests","2026-08-14","passed","2026-08-14","TestDepositPageVisible","test_elem_deposit","",""
"
Тест проверяет видимость элементов страницы проекта (без текстового содержимого).

Для каждого элемента:
1. Дождаться загрузки страницы
2. Проверить видимость элемента
","45","Проверка видимости: Project title","tests.lk_tests.project_tests","2026-08-14","passed","2026-08-14","TestElemProject","test_elem_project","",""
"","57","Проверка видимости и текста: per_page_label","tests.lk_tests.investment_tests.primary_tests","2026-08-14","passed","2026-08-14","TestPrimaryPageVisible","test_elem_primary","",""
"","38","Проверка видимости и текста: step2_badge","tests.lk_tests.refer_tests","2026-08-14","passed","2026-08-14","TestReferralsPageVisible","test_elem_refer","",""
"
Тест проверяет видимость и текст элементов на странице логина.

Для каждого элемента:
1.Дождаться загрузки страницы
2.Проверить видимость элемента
3.Проверить, что текст элемента соответствует ожидаемому
","59","Проверка видимости и текста: link_create_account","tests.auth_tests.login_page_tests","2026-08-14","passed","2026-08-14","TestLoginPageVisible","test_login_page","",""
"
Тест проверяет переход на страницу Rewards при клике на Activate offer.

1. Кликнуть на кнопку Activate offer
2. Проверить переход на /en/rewards
","117","Проверка перехода по кнопке Activate offer на страницу Rewards","tests.lk_tests.investment_tests.primary_tests","2026-08-14","passed","2026-08-14","TestPrimaryMarket","test_primary_market","",""
"
Тест проверяет видимость и текст элементов футера.

Для каждого элемента:
1.Дождаться загрузки футера
2.Проверить видимость элемента
3.Проверить, что текст элемента соответствует ожидаемому
","123","Проверка видимости и текста: community_title","tests.footer_tests","2026-08-14","passed","2026-08-14","TestFooterVisible","test_elem_footer","",""
"
Тест проверяет видимость и текст элементов страницы проекта.

Для каждого элемента:
1. Дождаться загрузки страницы
2. Проверить видимость элемента
3. Проверить, что текст элемента соответствует ожидаемому
","92","Проверка видимости и текста: quick_100","tests.lk_tests.project_tests","2026-08-14","passed","2026-08-14","TestElemProject","test_elem_project","",""
"
Тест проверяет количество элементов страницы проекта.

1. Дождаться загрузки страницы
2. Проверить количество элементов
","17","Проверка количества: Latest project photos (ожидается 4)","tests.lk_tests.project_tests","2026-08-14","passed","2026-08-14","TestElemProject","test_elem_project","",""
"
Тест проверяет видимость и текст элементов футера.

Для каждого элемента:
1.Дождаться загрузки футера
2.Проверить видимость элемента
3.Проверить, что текст элемента соответствует ожидаемому
","26","Проверка видимости и текста: agreements_aml","tests.footer_tests","2026-08-14","passed","2026-08-14","TestFooterVisible","test_elem_footer","",""
"
Тест проверяет видимость и текст элементов страницы Transactions.

Для каждого элемента:
1. Дождаться загрузки страницы
2. Проверить видимость элемента
3. Проверить, что текст элемента соответствует ожидаемому
","57","Проверка видимости и текста: filter_label","tests.lk_tests.transactions_tests","2026-08-14","passed","2026-08-14","TestTransactionsPageVisible","test_elem_transactions","",""
"","102","Проверка видимости и текста: stat_avg_apr","tests.lk_tests.portfolio_tests","2026-08-14","passed","2026-08-14","TestPortfolioPageVisible","test_elem_portfolio_active","",""
"
Тест проверяет видимость и текст элементов страницы проекта.

Для каждого элемента:
1. Дождаться загрузки страницы
2. Проверить видимость элемента
3. Проверить, что текст элемента соответствует ожидаемому
","63","Проверка видимости и текста: invest_title","tests.lk_tests.project_tests","2026-08-14","passed","2026-08-14","TestElemProject","test_elem_project","",""
"","25","Проверка видимости и текста: share_label","tests.lk_tests.refer_tests","2026-08-14","passed","2026-08-14","TestReferralsPageVisible","test_elem_refer","",""
"","37","Проверка количества: tab_counts (ожидается 6)","tests.lk_tests.investment_tests.primary_tests","2026-08-14","passed","2026-08-14","TestPrimaryPageVisible","test_elem_primary","",""
"
Тест проверяет успешную авторизацию

1.Открыть страницу логина
2.Заполнить форму валидными данными
3.Нажать кнопку логина
4.Дождаться перехода на дашборд
5.Проверить, что URL заканчивается на /dashboard
","7581","Тест авторизации с валидными данными","tests.auth_tests.login_page_tests","2026-08-14","passed","2026-08-14","TestAuthorization","test_authorization","",""
"
Тест проверяет видимость и текст элементов вкладки Tax страницы Transactions.

Для каждого элемента:
1. Дождаться загрузки страницы
2. Проверить видимость элемента
3. Проверить, что текст элемента соответствует ожидаемому
","45","Проверка видимости и текста: download_pdf","tests.lk_tests.transactions_tests","2026-08-14","passed","2026-08-14","TestTransactionsTaxPageVisible","test_elem_transactions_tax","",""
"","59","Проверка видимости и текста: contact_title","tests.lk_tests.personal_settings_tests","2026-08-14","passed","2026-08-14","TestPersonalSettingsPageVisible","test_elem_personal_settings","",""
"
Тест проверяет количество элементов дашборда.

1.Дождаться загрузки страницы
2.Проверить количество элементов
3.Для progress-bar проверить что все имеют размеры
","11","Проверка количества: growth_legends (ожидается 3)","tests.lk_tests.dashboard_tests","2026-08-14","passed","2026-08-14","TestDashboardPageVisible","test_elem_dashboard","",""
"","4","Проверка видимости и текста: two_factor_title","tests.lk_tests.personal_settings_tests","2026-08-14","passed","2026-08-14","TestPersonalSettingsPageVisible","test_elem_personal_settings","",""
"","70","Проверка видимости и текста: hero_chip_paid","tests.lk_tests.refer_tests","2026-08-14","passed","2026-08-14","TestReferralsPageVisible","test_elem_refer","",""
"","42","Проверка видимости и текста: channel_linkedin","tests.lk_tests.refer_tests","2026-08-14","passed","2026-08-14","TestReferralsPageVisible","test_elem_refer","",""
"
Тест проверяет видимость и текст элементов сайдбара.

Для каждого элемента:
1.Дождаться загрузки сайдбара
2.Проверить видимость элемента
3.Проверить, что текст элемента соответствует ожидаемому
","29","Проверка видимости и текста: deposit_withdraw","tests.sidebar_tests","2026-08-14","passed","2026-08-14","TestSidebarVisible","test_elem_sidebar","",""
"
Тест проверяет навигацию по элементам сайдбара.

Для каждого элемента:
1.Кликнуть по элементу
2.Дождаться перехода по URL
3.Проверить, что URL заканчивается на ожидаемый путь
","80","Проверка навигации: add_funds","tests.sidebar_tests","2026-08-14","passed","2026-08-14","TestSidebarNav","test_sidebar_nav","",""
"
Тест проверяет видимость элементов страницы Transactions (без проверки текста).

Для каждого элемента:
1. Дождаться загрузки страницы
2. Проверить видимость элемента
","35","Проверка видимости: table_count_number","tests.lk_tests.transactions_tests","2026-08-14","passed","2026-08-14","TestTransactionsPageVisible","test_elem_transactions","",""
"
Тест проверяет видимость элементов страницы проекта (без текстового содержимого).

Для каждого элемента:
1. Дождаться загрузки страницы
2. Проверить видимость элемента
","58","Проверка видимости: Project stat caption","tests.lk_tests.project_tests","2026-08-14","passed","2026-08-14","TestElemProject","test_elem_project","",""
"
Тест проверяет видимость элементов дашборда (без текстового содержимого).

Для каждого элемента:
1.Дождаться загрузки страницы
2.Проверить видимость элемента
","35","Проверка видимости: chat_bot","tests.lk_tests.dashboard_tests","2026-08-14","passed","2026-08-14","TestDashboardPageVisible","test_elem_dashboard","",""
"
Тест проверяет видимость и текст элементов страницы Deposit.

Для каждого элемента:
1. Дождаться загрузки страницы
2. Проверить видимость элемента
3. Проверить, что текст элемента соответствует ожидаемому
","58","Проверка видимости и текста: step2_badge","tests.lk_tests.deposit_withdraw_tests.deposit_tests","2026-08-14","passed","2026-08-14","TestDepositPageVisible","test_elem_deposit","",""
"
Тест проверяет переход на страницу проекта при клике на кнопку в карточке.

1. Пройти по страницам в поиске кнопки
2. Запомнить название проекта
3. Кликнуть кнопку
4. Проверить переход на страницу проекта
5. Проверить, что заголовок совпадает
","895","Проверка перехода на страницу проекта по кнопке Add more","tests.lk_tests.investment_tests.primary_tests","2026-08-14","passed","2026-08-14","TestPrimaryMarket","test_primary_market","",""
"","45","Проверка видимости: header_active_count","tests.lk_tests.portfolio_tests","2026-08-14","passed","2026-08-14","TestPortfolioCompletedPageVisible","test_elem_portfolio_completed","",""
"","521","Проверка видимости и текста: header_title","tests.lk_tests.portfolio_tests","2026-08-14","passed","2026-08-14","TestPortfolioPageVisible","test_elem_portfolio_active","",""
"
Тест проверяет видимость и текст элементов страницы Rewards.

Для каждого элемента:
1. Дождаться загрузки страницы
2. Проверить видимость элемента
3. Проверить, что текст элемента соответствует ожидаемому
","64","Проверка видимости и текста: step_gold","tests.lk_tests.rewards_tests","2026-08-14","passed","2026-08-14","TestRewardsPageVisible","test_elem_rewards","",""
"
Тест проверяет видимость и текст элементов страницы Transactions.

Для каждого элемента:
1. Дождаться загрузки страницы
2. Проверить видимость элемента
3. Проверить, что текст элемента соответствует ожидаемому
","23","Проверка видимости и текста: interest_desc","tests.lk_tests.transactions_tests","2026-08-14","passed","2026-08-14","TestTransactionsPageVisible","test_elem_transactions","",""
"","67","Проверка видимости и текста: channel_linkedin","tests.lk_tests.refer_tests","2026-08-14","passed","2026-08-14","TestReferralsPageVisible","test_elem_refer","",""
"
Тест проверяет количество элементов страницы проекта.

1. Дождаться загрузки страницы
2. Проверить количество элементов
","34","Проверка количества: Latest project buttons (ожидается 4)","tests.lk_tests.project_tests","2026-08-14","passed","2026-08-14","TestElemProject","test_elem_project","",""
"
Тест проверяет видимость и количество элементов страницы Deposit.

Для каждого элемента:
1. Дождаться загрузки страницы
2. Проверить видимость элемента
3. Проверить, что количество элементов соответствует ожидаемому
","50","Проверка видимости и количества: bank_card_radios (ожидается 2)","tests.lk_tests.deposit_withdraw_tests.deposit_tests","2026-08-14","passed","2026-08-14","TestDepositPageVisible","test_elem_deposit","",""
"
Тест проверяет видимость и текст элементов вкладки Tax страницы Transactions.

Для каждого элемента:
1. Дождаться загрузки страницы
2. Проверить видимость элемента
3. Проверить, что текст элемента соответствует ожидаемому
","141","Проверка видимости и текста: featured_title","tests.lk_tests.transactions_tests","2026-08-14","passed","2026-08-14","TestTransactionsTaxPageVisible","test_elem_transactions_tax","",""
"","55","Проверка видимости и текста: hero_chip_no_limit","tests.lk_tests.refer_tests","2026-08-14","passed","2026-08-14","TestReferralsPageVisible","test_elem_refer","",""
"","62","Проверка видимости и текста: stats_earned_label","tests.lk_tests.refer_tests","2026-08-14","passed","2026-08-14","TestReferralsPageVisible","test_elem_refer","",""
"
Тест проверяет видимость и текст элементов страницы проекта.

Для каждого элемента:
1. Дождаться загрузки страницы
2. Проверить видимость элемента
3. Проверить, что текст элемента соответствует ожидаемому
","45","Проверка видимости и текста: risk_grade_label","tests.lk_tests.project_tests","2026-08-14","passed","2026-08-14","TestElemProject","test_elem_project","",""
"","6","Проверка видимости и текста: text_already_have_account","tests.auth_tests.reg_page_tests","2026-08-14","passed","2026-08-14","TestRegistrationPageVisible","test_elem_registration_page","",""
"
Тест проверяет видимость элементов вкладки Tax страницы Transactions (без проверки текста).

Для каждого элемента:
1. Дождаться загрузки страницы
2. Проверить видимость элемента
","81","Проверка видимости: featured_desc","tests.lk_tests.transactions_tests","2026-08-14","passed","2026-08-14","TestTransactionsTaxPageVisible","test_elem_transactions_tax","",""
"","731","Проверка видимости и текста: th_status","tests.lk_tests.portfolio_tests","2026-08-14","passed","2026-08-14","TestPortfolioPageVisible","test_elem_portfolio_active","",""
"
Тест проверяет видимость элементов страницы Transactions (без проверки текста).

Для каждого элемента:
1. Дождаться загрузки страницы
2. Проверить видимость элемента
","43","Проверка видимости: money_out_value","tests.lk_tests.transactions_tests","2026-08-14","passed","2026-08-14","TestTransactionsPageVisible","test_elem_transactions","",""
"
Тест проверяет переключение языка через дропдаун в хедере.

Для каждой локали:
1.Открыть дропдаун
2.Проверить наличие локали в списке
3.Скроллить до локали
4.Проверить видимость локали
5.Кликнуть по локали
6.Проверить, что URL содержит код языка
","164","Проверка переключения языка: Español","tests.header_tests","2026-08-14","passed","2026-08-14","TestHeader","test_header","",""
"
Тест проверяет видимость и текст элементов сайдбара.

Для каждого элемента:
1.Дождаться загрузки сайдбара
2.Проверить видимость элемента
3.Проверить, что текст элемента соответствует ожидаемому
","45","Проверка видимости и текста: investment","tests.sidebar_tests","2026-08-14","passed","2026-08-14","TestSidebarVisible","test_elem_sidebar","",""
"
Тест проверяет видимость элементов панели покупки (без текстового содержимого).

Для каждого элемента:
1. Дождаться загрузки панели
2. Проверить видимость элемента
","30","Проверка видимости: checkbox_agreement","tests.lk_tests.investment_tests.secondary_tests","2026-08-14","passed","2026-08-14","TestBuyPanel","test_elem_secondary_buy","",""
"","41","Проверка видимости: banner_desc","tests.lk_tests.investment_tests.primary_tests","2026-08-14","passed","2026-08-14","TestPrimaryPageVisible","test_elem_primary","",""
"
Тест проверяет количество элементов страницы Rewards.

Для каждого элемента:
1. Дождаться загрузки страницы
2. Проверить, что количество элементов соответствует ожидаемому
","11","Проверка количества: bonus_card_title (ожидается 4)","tests.lk_tests.rewards_tests","2026-08-14","passed","2026-08-14","TestRewardsPageVisible","test_elem_rewards","",""
"","85","Проверка видимости: header_active_count","tests.lk_tests.portfolio_tests","2026-08-14","passed","2026-08-14","TestPortfolioPageVisible","test_elem_portfolio_active","",""
"
Тест проверяет количество элементов дашборда.

1.Дождаться загрузки страницы
2.Проверить количество элементов
3.Для progress-bar проверить что все имеют размеры
","15","Проверка количества: idea_card_funded (ожидается 3)","tests.lk_tests.dashboard_tests","2026-08-14","passed","2026-08-14","TestDashboardPageVisible","test_elem_dashboard","",""
"
Тест проверяет видимость и текст элементов страницы Rewards.

Для каждого элемента:
1. Дождаться загрузки страницы
2. Проверить видимость элемента
3. Проверить, что текст элемента соответствует ожидаемому
","61","Проверка видимости и текста: benefit_qualifying","tests.lk_tests.rewards_tests","2026-08-14","passed","2026-08-14","TestRewardsPageVisible","test_elem_rewards","",""
"","84","Проверка видимости и текста: grade_filter","tests.lk_tests.portfolio_tests","2026-08-14","passed","2026-08-14","TestPortfolioPageVisible","test_elem_portfolio_active","",""
"
Тест проверяет количество элементов дашборда.

1.Дождаться загрузки страницы
2.Проверить количество элементов
3.Для progress-bar проверить что все имеют размеры
","11","Проверка количества: story_items (ожидается 4)","tests.lk_tests.dashboard_tests","2026-08-14","passed","2026-08-14","TestDashboardPageVisible","test_elem_dashboard","",""
"
Тест проверяет переключение между сеткой и таблицей.

1. Определить текущий вид отображения
2. Кликнуть кнопку переключения
3. Проверить, что вид изменился
","1239","Проверка переключения вида отображения карточек","tests.lk_tests.investment_tests.primary_tests","2026-08-14","passed","2026-08-14","TestPrimaryMarket","test_primary_market","",""
"","37","Проверка видимости и текста: th_window","tests.lk_tests.refer_tests","2026-08-14","passed","2026-08-14","TestReferralsPageVisible","test_elem_refer","",""
"
Тест проверяет навигацию по элементам сайдбара.

Для каждого элемента:
1.Кликнуть по элементу
2.Дождаться перехода по URL
3.Проверить, что URL заканчивается на ожидаемый путь
","1193","Проверка навигации: investment","tests.sidebar_tests","2026-08-14","passed","2026-08-14","TestSidebarNav","test_sidebar_nav","",""
"
Тест проверяет видимость и текст элементов вкладки Tax страницы Transactions.

Для каждого элемента:
1. Дождаться загрузки страницы
2. Проверить видимость элемента
3. Проверить, что текст элемента соответствует ожидаемому
","67","Проверка видимости и текста: report_period_label","tests.lk_tests.transactions_tests","2026-08-14","passed","2026-08-14","TestTransactionsTaxPageVisible","test_elem_transactions_tax","",""
"
Тест проверяет видимость и текст элементов дашборда.

Для каждого элемента:
1. Дождаться загрузки страницы
2. Проверить видимость элемента
3. Проверить, что текст элемента соответствует ожидаемому
","1012","Проверка видимости и текста: banner_title","tests.lk_tests.dashboard_tests","2026-08-14","passed","2026-08-14","TestDashboardPageVisible","test_elem_dashboard","",""
"
Тест проверяет количество карточек в каждой вкладке статусов.

1. Получить ожидаемое количество из счётчика на вкладке
2. Кликнуть по вкладке и дождаться загрузки карточек
3. Пройти по всем страницам и сравнить фактическое количество с ожидаемым
","75685","Проверка категории: tab-status-all","tests.lk_tests.investment_tests.primary_tests","2026-08-14","passed","2026-08-14","TestPrimaryFilter1","test_primary_market_filter1","",""
"
Тест проверяет видимость и текст элементов страницы Rewards.

Для каждого элемента:
1. Дождаться загрузки страницы
2. Проверить видимость элемента
3. Проверить, что текст элемента соответствует ожидаемому
","49","Проверка видимости и текста: compare_bronze","tests.lk_tests.rewards_tests","2026-08-14","passed","2026-08-14","TestRewardsPageVisible","test_elem_rewards","",""
"
Тест проверяет видимость элементов футера (контейнеры и иконки соцсетей).

Для каждого элемента:
1.Дождаться загрузки футера
2.Проверить видимость элемента
","95","Проверка видимости: telegram","tests.footer_tests","2026-08-14","passed","2026-08-14","TestFooterVisible","test_elem_footer","",""
"","101","Проверка видимости и текста: page_title","tests.auth_tests.reg_page_tests","2026-08-14","passed","2026-08-14","TestRegistrationPageVisible","test_elem_registration_page","",""
"
Тест проверяет фильтрацию по диапазону Price.

1. Открыть фильтр Price
2. Выставить левый ползунок на 300, правый на 550
3. Нажать Apply
4. Проверить, что все карточки содержат цену в диапазоне €300–€550
","5517","Проверка фильтрации по Price на Secondary Market","tests.lk_tests.investment_tests.secondary_tests","2026-08-14","passed","2026-08-14","TestSecondaryMarketFilter1","test_secondary_market_filter1","",""
"","49","Проверка видимости и текста: banner_title","tests.lk_tests.portfolio_tests","2026-08-14","passed","2026-08-14","TestPortfolioCompletedPageVisible","test_elem_portfolio_completed","",""
"","10","Проверка количества: switch_toggles (ожидается 6)","tests.lk_tests.personal_settings_tests","2026-08-14","passed","2026-08-14","TestPersonalSettingsPageVisible","test_elem_personal_settings","",""
"
Тест проверяет видимость и текст элементов страницы Withdraw.

Для каждого элемента:
1. Дождаться загрузки страницы
2. Проверить видимость элемента
3. Проверить, что текст элемента соответствует ожидаемому
","43","Проверка видимости и текста: updated","tests.lk_tests.deposit_withdraw_tests.withdraw_tests","2026-08-14","passed","2026-08-14","TestWithdrawPageVisible","test_elem_withdraw","",""
"","94","Проверка видимости и текста: stat_active_capital","tests.lk_tests.portfolio_tests","2026-08-14","passed","2026-08-14","TestPortfolioPageVisible","test_elem_portfolio_active","",""
"
Тест проверяет видимость и текст элементов страницы Withdraw.

Для каждого элемента:
1. Дождаться загрузки страницы
2. Проверить видимость элемента
3. Проверить, что текст элемента соответствует ожидаемому
","76","Проверка видимости и текста: amount_badge","tests.lk_tests.deposit_withdraw_tests.withdraw_tests","2026-08-14","passed","2026-08-14","TestWithdrawPageVisible","test_elem_withdraw","",""
"","41","Проверка видимости: banner_desc","tests.lk_tests.portfolio_tests","2026-08-14","passed","2026-08-14","TestPortfolioCompletedPageVisible","test_elem_portfolio_completed","",""
"
Тест проверяет ошибку валидации при пароле короче 8 символов.

1. Заполнить email, короткий пароль и подтверждение
2. Нажать кнопку Agree & Create account
3. Проверить наличие сообщения об ошибке у поля пароля
","157","Ошибка валидации: короткий пароль","tests.auth_tests.reg_page_tests","2026-08-14","passed","2026-08-14","TestRegistrationFalse","test_registration","",""
"
Тест проверяет количество элементов дашборда.

1.Дождаться загрузки страницы
2.Проверить количество элементов
3.Для progress-bar проверить что все имеют размеры
","30","Проверка количества: idea_card_titles (ожидается 3)","tests.lk_tests.dashboard_tests","2026-08-14","passed","2026-08-14","TestDashboardPageVisible","test_elem_dashboard","",""
"
Тест проверяет видимость и текст элементов страницы Withdraw.

Для каждого элемента:
1. Дождаться загрузки страницы
2. Проверить видимость элемента
3. Проверить, что текст элемента соответствует ожидаемому
","91","Проверка видимости и текста: preset_max","tests.lk_tests.deposit_withdraw_tests.withdraw_tests","2026-08-14","passed","2026-08-14","TestWithdrawPageVisible","test_elem_withdraw","",""
"","67","Проверка видимости и текста: download_documents","tests.lk_tests.personal_settings_tests","2026-08-14","passed","2026-08-14","TestPersonalSettingsPageVisible","test_elem_personal_settings","",""
"","59","Проверка видимости: header_capital","tests.lk_tests.portfolio_tests","2026-08-14","passed","2026-08-14","TestPortfolioPageVisible","test_elem_portfolio_active","",""
"","46","Проверка видимости: link_privacy_policy","tests.auth_tests.reg_page_tests","2026-08-14","passed","2026-08-14","TestRegistrationPageVisible","test_elem_registration_page","",""
"","58","Проверка видимости и текста: table_sort","tests.lk_tests.refer_tests","2026-08-14","passed","2026-08-14","TestReferralsPageVisible","test_elem_refer","",""
"","15","Проверка количества: tab_counts (ожидается 6)","tests.lk_tests.investment_tests.primary_tests","2026-08-14","passed","2026-08-14","TestPrimaryPageVisible","test_elem_primary","",""
"","65","Проверка видимости и текста: banner_cta","tests.lk_tests.portfolio_tests","2026-08-14","passed","2026-08-14","TestPortfolioPageVisible","test_elem_portfolio_active","",""
"","10","Проверка количества: tab_counts (ожидается 2)","tests.lk_tests.portfolio_tests","2026-08-14","passed","2026-08-14","TestPortfolioPageVisible","test_elem_portfolio_active","",""
"
Тест проверяет навигацию по элементам сайдбара.

Для каждого элемента:
1.Кликнуть по элементу
2.Дождаться перехода по URL
3.Проверить, что URL заканчивается на ожидаемый путь
","219","Проверка навигации: dashboard","tests.sidebar_tests","2026-08-14","passed","2026-08-14","TestSidebarNav","test_sidebar_nav","",""
"
Тест проверяет количество элементов страницы проекта.

1. Дождаться загрузки страницы
2. Проверить количество элементов
","14","Проверка количества: Latest project left (ожидается 4)","tests.lk_tests.project_tests","2026-08-14","passed","2026-08-14","TestElemProject","test_elem_project","",""
"
Тест проверяет видимость и текст элементов вкладки Tax страницы Transactions.

Для каждого элемента:
1. Дождаться загрузки страницы
2. Проверить видимость элемента
3. Проверить, что текст элемента соответствует ожидаемому
","41","Проверка видимости и текста: download_csv","tests.lk_tests.transactions_tests","2026-08-14","passed","2026-08-14","TestTransactionsTaxPageVisible","test_elem_transactions_tax","",""
"
Тест проверяет видимость элементов футера (контейнеры и иконки соцсетей).

Для каждого элемента:
1.Дождаться загрузки футера
2.Проверить видимость элемента
","55","Проверка видимости: linkedin","tests.footer_tests","2026-08-14","passed","2026-08-14","TestFooterVisible","test_elem_footer","",""
"
Тест проверяет видимость элементов панели покупки (без текстового содержимого).

Для каждого элемента:
1. Дождаться загрузки панели
2. Проверить видимость элемента
","35","Проверка видимости: value_outstanding","tests.lk_tests.investment_tests.secondary_tests","2026-08-14","passed","2026-08-14","TestBuyPanel","test_elem_secondary_buy","",""
"
Тест проверяет видимость и текст элементов вкладки Tax страницы Transactions.

Для каждого элемента:
1. Дождаться загрузки страницы
2. Проверить видимость элемента
3. Проверить, что текст элемента соответствует ожидаемому
","103","Проверка видимости и текста: tab_custom_range","tests.lk_tests.transactions_tests","2026-08-14","passed","2026-08-14","TestTransactionsTaxPageVisible","test_elem_transactions_tax","",""
"
Тест проверяет видимость и текст элементов вкладки Tax страницы Transactions.

Для каждого элемента:
1. Дождаться загрузки страницы
2. Проверить видимость элемента
3. Проверить, что текст элемента соответствует ожидаемому
","98","Проверка видимости и текста: tab_last_year","tests.lk_tests.transactions_tests","2026-08-14","passed","2026-08-14","TestTransactionsTaxPageVisible","test_elem_transactions_tax","",""
"
Тест проверяет навигацию по элементам сайдбара.

Для каждого элемента:
1.Кликнуть по элементу
2.Дождаться перехода по URL
3.Проверить, что URL заканчивается на ожидаемый путь
","127","Проверка навигации: personal_settings","tests.sidebar_tests","2026-08-14","passed","2026-08-14","TestSidebarNav","test_sidebar_nav","",""
"
Тест проверяет видимость и текст элементов страницы Deposit.

Для каждого элемента:
1. Дождаться загрузки страницы
2. Проверить видимость элемента
3. Проверить, что текст элемента соответствует ожидаемому
","83","Проверка видимости и текста: recent_title","tests.lk_tests.deposit_withdraw_tests.deposit_tests","2026-08-14","passed","2026-08-14","TestDepositPageVisible","test_elem_deposit","",""
"
Тест проверяет количество элементов страницы Rewards.

Для каждого элемента:
1. Дождаться загрузки страницы
2. Проверить, что количество элементов соответствует ожидаемому
","12","Проверка количества: bonus_card_title (ожидается 4)","tests.lk_tests.rewards_tests","2026-08-14","passed","2026-08-14","TestRewardsPageVisible","test_elem_rewards","",""
"
Тест проверяет видимость и текст элементов страницы проекта.

Для каждого элемента:
1. Дождаться загрузки страницы
2. Проверить видимость элемента
3. Проверить, что текст элемента соответствует ожидаемому
","58","Проверка видимости и текста: quick_1000","tests.lk_tests.project_tests","2026-08-14","passed","2026-08-14","TestElemProject","test_elem_project","",""
"
Тест проверяет видимость элементов страницы Rewards (без проверки текста).

Для каждого элемента:
1. Дождаться загрузки страницы
2. Проверить видимость элемента
","52","Проверка видимости: banner_current_name","tests.lk_tests.rewards_tests","2026-08-14","passed","2026-08-14","TestRewardsPageVisible","test_elem_rewards","",""
"
Тест проверяет видимость и текст элементов на странице Secondary Market.

Для каждого элемента:
1. Дождаться загрузки страницы
2. Проверить видимость элемента
3. Проверить, что текст элемента соответствует ожидаемому
","6","Проверка видимости и текста: catalog_tagline","tests.lk_tests.investment_tests.secondary_tests","2026-08-14","passed","2026-08-14","TestSecondaryPageVisible","test_elem_secondary","",""
"
Тест проверяет видимость и текст элементов страницы Transactions.

Для каждого элемента:
1. Дождаться загрузки страницы
2. Проверить видимость элемента
3. Проверить, что текст элемента соответствует ожидаемому
","62","Проверка видимости и текста: money_out_label","tests.lk_tests.transactions_tests","2026-08-14","passed","2026-08-14","TestTransactionsPageVisible","test_elem_transactions","",""
"
Тест проверяет видимость и текст элементов дашборда.

Для каждого элемента:
1. Дождаться загрузки страницы
2. Проверить видимость элемента
3. Проверить, что текст элемента соответствует ожидаемому
","62","Проверка видимости и текста: available_balance","tests.lk_tests.dashboard_tests","2026-08-14","passed","2026-08-14","TestDashboardPageVisible","test_elem_dashboard","",""
"","59","Проверка видимости и текста: th_invited","tests.lk_tests.refer_tests","2026-08-14","passed","2026-08-14","TestReferralsPageVisible","test_elem_refer","",""
"","47","Проверка видимости и текста: notif_deposit","tests.lk_tests.personal_settings_tests","2026-08-14","passed","2026-08-14","TestPersonalSettingsPageVisible","test_elem_personal_settings","",""
"
Тест проверяет успешный запрос на вывод 100 EUR.

1. Выбрать пресет €100
2. Проскроллить до кнопки Request withdrawal
3. Нажать Request withdrawal
4. Проверить появление модального окна успеха
","1959","Проверка успешного запроса на вывод средств","tests.lk_tests.deposit_withdraw_tests.withdraw_tests","2026-08-14","passed","2026-08-14","TestWithdrawPageRegression","test_withdraw","",""
"","89","Проверка видимости: rate_label","tests.lk_tests.investment_tests.primary_tests","2026-08-14","passed","2026-08-14","TestPrimaryPageVisible","test_elem_primary","",""
"","572","Проверка видимости и текста: th_apr","tests.lk_tests.portfolio_tests","2026-08-14","passed","2026-08-14","TestPortfolioPageVisible","test_elem_portfolio_active","",""
"","58","Проверка видимости и текста: close_account","tests.lk_tests.personal_settings_tests","2026-08-14","passed","2026-08-14","TestPersonalSettingsPageVisible","test_elem_personal_settings","",""
"","51","Проверка видимости и текста: notif_interest","tests.lk_tests.personal_settings_tests","2026-08-14","passed","2026-08-14","TestPersonalSettingsPageVisible","test_elem_personal_settings","",""
"
Тест проверяет видимость и текст элементов дашборда.

Для каждого элемента:
1. Дождаться загрузки страницы
2. Проверить видимость элемента
3. Проверить, что текст элемента соответствует ожидаемому
","48","Проверка видимости и текста: growth_legend_proj","tests.lk_tests.dashboard_tests","2026-08-14","passed","2026-08-14","TestDashboardPageVisible","test_elem_dashboard","",""
"
Тест проверяет видимость элементов на странице Secondary Market (без текстового содержимого).

Для каждого элемента:
1. Дождаться загрузки страницы
2. Проверить видимость элемента
","36","Проверка видимости: catalog_title","tests.lk_tests.investment_tests.secondary_tests","2026-08-14","passed","2026-08-14","TestSecondaryPageVisible","test_elem_secondary","",""
"","22","Проверка видимости и текста: banner_cta","tests.lk_tests.portfolio_tests","2026-08-14","passed","2026-08-14","TestPortfolioCompletedPageVisible","test_elem_portfolio_completed","",""
"
Тест проверяет видимость и текст элементов футера.

Для каждого элемента:
1.Дождаться загрузки футера
2.Проверить видимость элемента
3.Проверить, что текст элемента соответствует ожидаемому
","35","Проверка видимости и текста: agreements_privacy","tests.footer_tests","2026-08-14","passed","2026-08-14","TestFooterVisible","test_elem_footer","",""
"
Тест проверяет видимость элементов страницы проекта (без текстового содержимого).

Для каждого элемента:
1. Дождаться загрузки страницы
2. Проверить видимость элемента
","16","Проверка видимости: Loan period value","tests.lk_tests.project_tests","2026-08-14","passed","2026-08-14","TestElemProject","test_elem_project","",""
"","57","Проверка видимости и текста: tab_all","tests.lk_tests.investment_tests.primary_tests","2026-08-14","passed","2026-08-14","TestPrimaryPageVisible","test_elem_primary","",""
"
Тест проверяет навигацию по элементам сайдбара.

Для каждого элемента:
1.Кликнуть по элементу
2.Дождаться перехода по URL
3.Проверить, что URL заканчивается на ожидаемый путь
","60","Проверка навигации: personal_settings","tests.sidebar_tests","2026-08-14","passed","2026-08-14","TestSidebarNav","test_sidebar_nav","",""
"
Тест проверяет видимость и текст элементов страницы Rewards.

Для каждого элемента:
1. Дождаться загрузки страницы
2. Проверить видимость элемента
3. Проверить, что текст элемента соответствует ожидаемому
","41","Проверка видимости и текста: compare_silver","tests.lk_tests.rewards_tests","2026-08-14","passed","2026-08-14","TestRewardsPageVisible","test_elem_rewards","",""
"
Тест проверяет видимость элементов на странице Secondary Market (без текстового содержимого).

Для каждого элемента:
1. Дождаться загрузки страницы
2. Проверить видимость элемента
","30","Проверка видимости: apr_label","tests.lk_tests.investment_tests.secondary_tests","2026-08-14","passed","2026-08-14","TestSecondaryPageVisible","test_elem_secondary","",""
"
Тест проверяет видимость элементов на странице восстановления пароля (без текстового содержимого).

Для каждого элемента:
1.Дождаться загрузки страницы
2.Проверить видимость элемента
","85","Проверка видимости: progress_bar","tests.auth_tests.forgot_page_tests","2026-08-14","passed","2026-08-14","TestForgotPasswordPageVisible","test_elem_forgot_page","",""
"
Тест проверяет количество карточек в каждой вкладке статусов.

1. Получить ожидаемое количество из счётчика на вкладке
2. Кликнуть по вкладке и дождаться загрузки карточек
3. Пройти по всем страницам и сравнить фактическое количество с ожидаемым
","25612","Проверка категории: tab-status-Coming soon","tests.lk_tests.investment_tests.primary_tests","2026-08-14","passed","2026-08-14","TestPrimaryFilter1","test_primary_market_filter1","",""
"
Тест проверяет видимость элементов футера (контейнеры и иконки соцсетей).

Для каждого элемента:
1.Дождаться загрузки футера
2.Проверить видимость элемента
","41","Проверка видимости: youtube","tests.footer_tests","2026-08-14","passed","2026-08-14","TestFooterVisible","test_elem_footer","",""
"
Тест проверяет видимость и текст элементов страницы Transactions.

Для каждого элемента:
1. Дождаться загрузки страницы
2. Проверить видимость элемента
3. Проверить, что текст элемента соответствует ожидаемому
","119","Проверка видимости и текста: tab_all_time","tests.lk_tests.transactions_tests","2026-08-14","passed","2026-08-14","TestTransactionsPageVisible","test_elem_transactions","",""
"
Тест проверяет видимость элементов страницы Withdraw (без проверки текста).

Для каждого элемента:
1. Дождаться загрузки страницы
2. Проверить видимость элемента по указанному индексу
","21","Проверка видимости: chat_bot","tests.lk_tests.deposit_withdraw_tests.withdraw_tests","2026-08-14","passed","2026-08-14","TestWithdrawPageVisible","test_elem_withdraw","",""
"
Тест проверяет видимость элементов футера (контейнеры и иконки соцсетей).

Для каждого элемента:
1.Дождаться загрузки футера
2.Проверить видимость элемента
","30","Проверка видимости: linkedin","tests.footer_tests","2026-08-14","passed","2026-08-14","TestFooterVisible","test_elem_footer","",""
"
Тест проверяет видимость элементов вкладки Tax страницы Transactions (без проверки текста).

Для каждого элемента:
1. Дождаться загрузки страницы
2. Проверить видимость элемента
","67","Проверка видимости: chat_bot","tests.lk_tests.transactions_tests","2026-08-14","passed","2026-08-14","TestTransactionsTaxPageVisible","test_elem_transactions_tax","",""
"
Тест проверяет видимость и текст элементов страницы проекта.

Для каждого элемента:
1. Дождаться загрузки страницы
2. Проверить видимость элемента
3. Проверить, что текст элемента соответствует ожидаемому
","46","Проверка видимости и текста: gross_fees_caption","tests.lk_tests.project_tests","2026-08-14","passed","2026-08-14","TestElemProject","test_elem_project","",""
"","57","Проверка видимости и текста: hero_chip_both","tests.lk_tests.refer_tests","2026-08-14","passed","2026-08-14","TestReferralsPageVisible","test_elem_refer","",""
"","81","Проверка видимости и текста: channel_telegram","tests.lk_tests.refer_tests","2026-08-14","passed","2026-08-14","TestReferralsPageVisible","test_elem_refer","",""
"","58","Проверка видимости и текста: banner_title","tests.lk_tests.portfolio_tests","2026-08-14","passed","2026-08-14","TestPortfolioPageVisible","test_elem_portfolio_active","",""
"","75","Проверка видимости и текста: th_window","tests.lk_tests.refer_tests","2026-08-14","passed","2026-08-14","TestReferralsPageVisible","test_elem_refer","",""
"","6","Проверка видимости и текста: two_factor_app_status","tests.lk_tests.personal_settings_tests","2026-08-14","passed","2026-08-14","TestPersonalSettingsPageVisible","test_elem_personal_settings","",""
"","88","Проверка видимости и текста: two_factor_email_title","tests.lk_tests.personal_settings_tests","2026-08-14","passed","2026-08-14","TestPersonalSettingsPageVisible","test_elem_personal_settings","",""
"
Тест проверяет переключение языка через дропдаун в хедере.

Для каждой локали:
1.Открыть дропдаун
2.Проверить наличие локали в списке
3.Скроллить до локали
4.Проверить видимость локали
5.Кликнуть по локали
6.Проверить, что URL содержит код языка
","357","Проверка переключения языка: Deutsch","tests.header_tests","2026-08-14","passed","2026-08-14","TestHeader","test_header","",""
"","100","Проверка видимости и текста: step3_title","tests.lk_tests.refer_tests","2026-08-14","passed","2026-08-14","TestReferralsPageVisible","test_elem_refer","",""
"
Тест проверяет видимость и текст элементов сайдбара.

Для каждого элемента:
1.Дождаться загрузки сайдбара
2.Проверить видимость элемента
3.Проверить, что текст элемента соответствует ожидаемому
","42","Проверка видимости и текста: Надпись Available Balance","tests.sidebar_tests","2026-08-14","passed","2026-08-14","TestSidebarVisible","test_elem_sidebar","",""
"
Тест проверяет фильтр Hide Invested на Secondary Market.

1. Нажать кнопку Hide Invested
2. Проверить, что на всех карточках кнопка Buy
3. Сравнить количество карточек с заголовком
","6421","Проверка фильтра Hide Invested","tests.lk_tests.investment_tests.secondary_tests","2026-08-14","passed","2026-08-14","TestSecondaryMarketFilter1","test_secondary_market_filter1","",""
"
Тест проверяет количество элементов дашборда.

1.Дождаться загрузки страницы
2.Проверить количество элементов
3.Для progress-bar проверить что все имеют размеры
","7","Проверка количества: idea_card_images (ожидается 3)","tests.lk_tests.dashboard_tests","2026-08-14","passed","2026-08-14","TestDashboardPageVisible","test_elem_dashboard","",""
"
Тест проверяет видимость и текст элементов страницы Rewards.

Для каждого элемента:
1. Дождаться загрузки страницы
2. Проверить видимость элемента
3. Проверить, что текст элемента соответствует ожидаемому
","46","Проверка видимости и текста: history_sort_value","tests.lk_tests.rewards_tests","2026-08-14","passed","2026-08-14","TestRewardsPageVisible","test_elem_rewards","",""
"
Тест проверяет видимость элементов на странице логина (без текстового содержимого).

Для каждого элемента:
1.Дождаться загрузки страницы
2.Проверить видимость элемента
","36","Проверка видимости: locale_switcher","tests.auth_tests.login_page_tests","2026-08-14","passed","2026-08-14","TestLoginPageVisible","test_login_page","",""
"","41","Проверка видимости и текста: sort_label","tests.lk_tests.investment_tests.primary_tests","2026-08-14","passed","2026-08-14","TestPrimaryPageVisible","test_elem_primary","",""
"
Тест проверяет видимость элементов страницы Rewards (без проверки текста).

Для каждого элемента:
1. Дождаться загрузки страницы
2. Проверить видимость элемента
","85","Проверка видимости: banner_current_name","tests.lk_tests.rewards_tests","2026-08-14","passed","2026-08-14","TestRewardsPageVisible","test_elem_rewards","",""
"
Тест проверяет количество элементов дашборда.

1.Дождаться загрузки страницы
2.Проверить количество элементов
3.Для progress-bar проверить что все имеют размеры
","11","Проверка количества: stories_images (ожидается 4)","tests.lk_tests.dashboard_tests","2026-08-14","passed","2026-08-14","TestDashboardPageVisible","test_elem_dashboard","",""
"
Тест проверяет ошибку при некорректном email.

1.Ввести некорректный email
2.Нажать Send code
3.Проверить сообщение об ошибке
","120","Проверка восстановления пароля с некорректным (незарегистрированным) email","tests.auth_tests.forgot_page_tests","2026-08-14","passed","2026-08-14","TestForgotPasswordFalse","test_forgot_password","",""
"","45","Проверка видимости: input_confirm_password","tests.auth_tests.reg_page_tests","2026-08-14","passed","2026-08-14","TestRegistrationPageVisible","test_elem_registration_page","",""
"
Тест проверяет видимость элементов футера (контейнеры и иконки соцсетей).

Для каждого элемента:
1.Дождаться загрузки футера
2.Проверить видимость элемента
","48","Проверка видимости: youtube","tests.footer_tests","2026-08-14","passed","2026-08-14","TestFooterVisible","test_elem_footer","",""
"","91","Проверка видимости и текста: address","tests.lk_tests.personal_settings_tests","2026-08-14","passed","2026-08-14","TestPersonalSettingsPageVisible","test_elem_personal_settings","",""
"","44","Проверка видимости и текста: postal_code","tests.lk_tests.personal_settings_tests","2026-08-14","passed","2026-08-14","TestPersonalSettingsPageVisible","test_elem_personal_settings","",""
"
Тест проверяет видимость и текст элементов страницы Transactions.

Для каждого элемента:
1. Дождаться загрузки страницы
2. Проверить видимость элемента
3. Проверить, что текст элемента соответствует ожидаемому
","40","Проверка видимости и текста: net_change_label","tests.lk_tests.transactions_tests","2026-08-14","passed","2026-08-14","TestTransactionsPageVisible","test_elem_transactions","",""
"
Тест проверяет, что при вводе неверных данных авторизация не проходит и появляется сообщение об ошибке.

Для каждого варианта невалидных данных:
1.Открыть страницу логина
2.Заполнить форму невалидными данными
3.Нажать кнопку логина
4.Проверить появление сообщения об ошибке
","3675","Проверка авторизации с невалидными данными: Без Password","tests.auth_tests.login_page_tests","2026-08-14","passed","2026-08-14","TestAuthorization","test_authorization","",""
"
Тест проверяет видимость и текст элементов страницы Rewards.

Для каждого элемента:
1. Дождаться загрузки страницы
2. Проверить видимость элемента
3. Проверить, что текст элемента соответствует ожидаемому
","36","Проверка видимости и текста: history_sort_value","tests.lk_tests.rewards_tests","2026-08-14","passed","2026-08-14","TestRewardsPageVisible","test_elem_rewards","",""
"
Тест проверяет фильтрацию проектов по рейтингу.

1. Получить список доступных рейтингов из фильтра
2. Для каждого рейтинга: выбрать рейтинг и проверить, что все карточки содержат рейтинг
3. Для каждого рейтинга проверить, что количество карточек совпадает с заголовком
","42668","Проверка фильтрации проектов по рейтингу","tests.lk_tests.investment_tests.primary_tests","2026-08-14","passed","2026-08-14","TestPrimaryFilter","test_primary_market_filter","",""
"
Тест проверяет видимость и текст элементов на странице Secondary Market.

Для каждого элемента:
1. Дождаться загрузки страницы
2. Проверить видимость элемента
3. Проверить, что текст элемента соответствует ожидаемому
","115","Проверка видимости и текста: hide_invested","tests.lk_tests.investment_tests.secondary_tests","2026-08-14","passed","2026-08-14","TestSecondaryPageVisible","test_elem_secondary","",""
"
Тест проверяет сохранение состояния авторизации при повторном открытии дашборда.

1.Открыть дашборд, используя сохранённое состояние из фикстуры
2.Дождаться загрузки страницы
3.Закрыть модальное окно
4.Проверить, что URL заканчивается на /dashboard
","2","Проверка сохранения состояния после авторизации","tests.auth_tests.login_page_tests","2026-08-14","passed","2026-08-14","TestAuthorization","test_authorization","",""
"
Тест проверяет количество элементов дашборда.

1.Дождаться загрузки страницы
2.Проверить количество элементов
3.Для progress-bar проверить что все имеют размеры
","15","Проверка количества: idea_cards (ожидается 3)","tests.lk_tests.dashboard_tests","2026-08-14","passed","2026-08-14","TestDashboardPageVisible","test_elem_dashboard","",""
"
Тест проверяет фильтрацию проектов по рейтингу на Secondary Market.

1. Получить список доступных рейтингов из фильтра Grade
2. Для каждого рейтинга: выбрать рейтинг и проверить, что все карточки содержат рейтинг
3. Для каждого рейтинга проверить, что количество карточек совпадает с заголовком
","37231","Проверка фильтрации проектов по рейтингу на Secondary Market","tests.lk_tests.investment_tests.secondary_tests","2026-08-14","passed","2026-08-14","TestSecondaryMarketFilter1","test_secondary_market_filter1","",""
"
Тест проверяет, что при нажатии ""Show all 31"" список разворачивается.

1. Нажать кнопку ""Show all ""
2. Проверить, что кнопка изменилась на ""Show less""
3. Проверить, что количество строк увеличилось
","879","Проверка разворачивания списка Bonus history","tests.lk_tests.rewards_tests","2026-08-14","passed","2026-08-14","TestRewardsPage","test_rewards","",""
"
Тест проверяет переход на страницу Transactions по кнопкам.

1. Проскроллить до элемента
2. Нажать
3. Проверить URL
","622","Проверка перехода на страницу Transactions","tests.lk_tests.deposit_withdraw_tests.withdraw_tests","2026-08-14","passed","2026-08-14","TestWithdrawPage","test_withdraw","",""
"","30","Проверка видимости: rating_label","tests.lk_tests.investment_tests.primary_tests","2026-08-14","passed","2026-08-14","TestPrimaryPageVisible","test_elem_primary","",""
"
Тест проверяет видимость и текст элементов на странице логина.

Для каждого элемента:
1.Дождаться загрузки страницы
2.Проверить видимость элемента
3.Проверить, что текст элемента соответствует ожидаемому
","96","Проверка видимости и текста: link_forgot_password","tests.auth_tests.login_page_tests","2026-08-14","passed","2026-08-14","TestLoginPageVisible","test_login_page","",""
"
Тест проверяет видимость и текст элементов страницы Withdraw.

Для каждого элемента:
1. Дождаться загрузки страницы
2. Проверить видимость элемента
3. Проверить, что текст элемента соответствует ожидаемому
","54","Проверка видимости и текста: view_transactions","tests.lk_tests.deposit_withdraw_tests.withdraw_tests","2026-08-14","passed","2026-08-14","TestWithdrawPageVisible","test_elem_withdraw","",""
"","12","Проверка количества: profile_field_values (ожидается 8)","tests.lk_tests.personal_settings_tests","2026-08-14","passed","2026-08-14","TestPersonalSettingsPageVisible","test_elem_personal_settings","",""
"
Тест проверяет видимость элементов на странице Secondary Market (без текстового содержимого).

Для каждого элемента:
1. Дождаться загрузки страницы
2. Проверить видимость элемента
","36","Проверка видимости: catalog_title","tests.lk_tests.investment_tests.secondary_tests","2026-08-14","passed","2026-08-14","TestSecondaryPageVisible","test_elem_secondary","",""
"","604","Проверка видимости и текста: th_next_payment","tests.lk_tests.portfolio_tests","2026-08-14","passed","2026-08-14","TestPortfolioPageVisible","test_elem_portfolio_active","",""
"
Тест проверяет видимость и текст элементов дашборда.

Для каждого элемента:
1. Дождаться загрузки страницы
2. Проверить видимость элемента
3. Проверить, что текст элемента соответствует ожидаемому
","60","Проверка видимости и текста: available_balance","tests.lk_tests.dashboard_tests","2026-08-14","passed","2026-08-14","TestDashboardPageVisible","test_elem_dashboard","",""
"","34","Проверка видимости: header_active_count","tests.lk_tests.portfolio_tests","2026-08-14","passed","2026-08-14","TestPortfolioPageVisible","test_elem_portfolio_active","",""
"","53","Проверка видимости и текста: close_account","tests.lk_tests.personal_settings_tests","2026-08-14","passed","2026-08-14","TestPersonalSettingsPageVisible","test_elem_personal_settings","",""
"
Тест проверяет количество элементов страницы Transactions.

Для каждого элемента:
1. Дождаться загрузки страницы
2. Проверить, что количество элементов соответствует ожидаемому
","18","Проверка количества: input_fields (ожидается 2)","tests.lk_tests.transactions_tests","2026-08-14","passed","2026-08-14","TestTransactionsPageVisible","test_elem_transactions","",""
"
Тест проверяет переход на страницу Rewards при клике на Activate offer.

1. Кликнуть на кнопку Activate offer
2. Проверить переход на /en/rewards
","323","Проверка перехода по кнопке Activate offer на страницу Rewards","tests.lk_tests.dashboard_tests","2026-08-14","passed","2026-08-14","TestDashboard","test_dashboard","",""
"
Тест проверяет видимость и текст элементов вкладки Tax страницы Transactions.

Для каждого элемента:
1. Дождаться загрузки страницы
2. Проверить видимость элемента
3. Проверить, что текст элемента соответствует ожидаемому
","60","Проверка видимости и текста: tab_last_30_days","tests.lk_tests.transactions_tests","2026-08-14","passed","2026-08-14","TestTransactionsTaxPageVisible","test_elem_transactions_tax","",""
"","39","Проверка видимости и текста: channel_whatsapp","tests.lk_tests.refer_tests","2026-08-14","passed","2026-08-14","TestReferralsPageVisible","test_elem_refer","",""
"
Тест проверяет видимость и текст элементов страницы Deposit.

Для каждого элемента:
1. Дождаться загрузки страницы
2. Проверить видимость элемента
3. Проверить, что текст элемента соответствует ожидаемому
","105","Проверка видимости и текста: deposit_page_title","tests.lk_tests.deposit_withdraw_tests.deposit_tests","2026-08-14","passed","2026-08-14","TestDepositPageVisible","test_elem_deposit","",""
"
Тест проверяет видимость и текст элементов страницы Rewards.

Для каждого элемента:
1. Дождаться загрузки страницы
2. Проверить видимость элемента
3. Проверить, что текст элемента соответствует ожидаемому
","152","Проверка видимости и текста: page_title","tests.lk_tests.rewards_tests","2026-08-14","passed","2026-08-14","TestRewardsPageVisible","test_elem_rewards","",""
"
Тест проверяет видимость и текст элементов панели покупки.

Для каждого элемента:
1. Дождаться загрузки панели
2. Проверить видимость элемента
3. Проверить, что текст элемента соответствует ожидаемому
","10","Проверка видимости и текста: your_purchase","tests.lk_tests.investment_tests.secondary_tests","2026-08-14","passed","2026-08-14","TestBuyPanel","test_elem_secondary_buy","",""
"","73","Проверка видимости и текста: th_reward","tests.lk_tests.refer_tests","2026-08-14","passed","2026-08-14","TestReferralsPageVisible","test_elem_refer","",""
"
Тест проверяет видимость и текст элементов страницы Withdraw.

Для каждого элемента:
1. Дождаться загрузки страницы
2. Проверить видимость элемента
3. Проверить, что текст элемента соответствует ожидаемому
","37","Проверка видимости и текста: updated","tests.lk_tests.deposit_withdraw_tests.withdraw_tests","2026-08-14","passed","2026-08-14","TestWithdrawPageVisible","test_elem_withdraw","",""
"","64","Проверка видимости: stats_earned_value","tests.lk_tests.refer_tests","2026-08-14","passed","2026-08-14","TestReferralsPageVisible","test_elem_refer","",""
"","56","Проверка видимости и текста: channel_email","tests.lk_tests.refer_tests","2026-08-14","passed","2026-08-14","TestReferralsPageVisible","test_elem_refer","",""
"
Тест проверяет, что при вводе неверных данных авторизация не проходит и появляется сообщение об ошибке.

Для каждого варианта невалидных данных:
1.Открыть страницу логина
2.Заполнить форму невалидными данными
3.Нажать кнопку логина
4.Проверить появление сообщения об ошибке
","4497","Проверка авторизации с невалидными данными: Неверный пароль","tests.auth_tests.login_page_tests","2026-08-14","passed","2026-08-14","TestAuthorization","test_authorization","",""
"
Тест проверяет переключение языка через дропдаун в хедере.

Для каждой локали:
1.Открыть дропдаун
2.Проверить наличие локали в списке
3.Скроллить до локали
4.Проверить видимость локали
5.Кликнуть по локали
6.Проверить, что URL содержит код языка
","1556","Проверка переключения языка: Italiano","tests.header_tests","2026-08-14","passed","2026-08-14","TestHeader","test_header","",""
"","47","Проверка видимости: checkbox_referral","tests.auth_tests.reg_page_tests","2026-08-14","passed","2026-08-14","TestRegistrationPageVisible","test_elem_registration_page","",""
"
Тест проверяет видимость и текст элементов страницы Transactions.

Для каждого элемента:
1. Дождаться загрузки страницы
2. Проверить видимость элемента
3. Проверить, что текст элемента соответствует ожидаемому
","86","Проверка видимости и текста: money_in_desc","tests.lk_tests.transactions_tests","2026-08-14","passed","2026-08-14","TestTransactionsPageVisible","test_elem_transactions","",""
"","32","Проверка видимости и текста: change_password_btn","tests.lk_tests.personal_settings_tests","2026-08-14","passed","2026-08-14","TestPersonalSettingsPageVisible","test_elem_personal_settings","",""
"
Тест проверяет видимость и текст элементов сайдбара.

Для каждого элемента:
1.Дождаться загрузки сайдбара
2.Проверить видимость элемента
3.Проверить, что текст элемента соответствует ожидаемому
","27","Проверка видимости и текста: transactions","tests.sidebar_tests","2026-08-14","passed","2026-08-14","TestSidebarVisible","test_elem_sidebar","",""
"","60","Проверка видимости и текста: citizenship","tests.lk_tests.personal_settings_tests","2026-08-14","passed","2026-08-14","TestPersonalSettingsPageVisible","test_elem_personal_settings","",""
"","54","Проверка видимости и текста: th_action","tests.lk_tests.refer_tests","2026-08-14","passed","2026-08-14","TestReferralsPageVisible","test_elem_refer","",""
"
Тест проверяет видимость и текст элементов страницы Rewards.

Для каждого элемента:
1. Дождаться загрузки страницы
2. Проверить видимость элемента
3. Проверить, что текст элемента соответствует ожидаемому
","45","Проверка видимости и текста: hcell_type","tests.lk_tests.rewards_tests","2026-08-14","passed","2026-08-14","TestRewardsPageVisible","test_elem_rewards","",""
"
Тест проверяет видимость и текст элементов страницы Transactions.

Для каждого элемента:
1. Дождаться загрузки страницы
2. Проверить видимость элемента
3. Проверить, что текст элемента соответствует ожидаемому
","93","Проверка видимости и текста: money_in_label","tests.lk_tests.transactions_tests","2026-08-14","passed","2026-08-14","TestTransactionsPageVisible","test_elem_transactions","",""
"","74","Проверка видимости и текста: channel_telegram","tests.lk_tests.refer_tests","2026-08-14","passed","2026-08-14","TestReferralsPageVisible","test_elem_refer","",""
"","56","Проверка видимости и текста: status_filter","tests.lk_tests.portfolio_tests","2026-08-14","passed","2026-08-14","TestPortfolioPageVisible","test_elem_portfolio_active","",""
"","93","Проверка видимости и текста: sort_filter","tests.lk_tests.portfolio_tests","2026-08-14","passed","2026-08-14","TestPortfolioPageVisible","test_elem_portfolio_active","",""
"
Тест проверяет видимость и текст элементов футера.

Для каждого элемента:
1.Дождаться загрузки футера
2.Проверить видимость элемента
3.Проверить, что текст элемента соответствует ожидаемому
","54","Проверка видимости и текста: agreements_item_faq","tests.footer_tests","2026-08-14","passed","2026-08-14","TestFooterVisible","test_elem_footer","",""
"
Тест проверяет видимость и количество элементов страницы Deposit.

Для каждого элемента:
1. Дождаться загрузки страницы
2. Проверить видимость элемента
3. Проверить, что количество элементов соответствует ожидаемому
","115","Проверка видимости и количества: list_elem_titles (ожидается 6)","tests.lk_tests.deposit_withdraw_tests.deposit_tests","2026-08-14","passed","2026-08-14","TestDepositPageVisible","test_elem_deposit","",""
"
Тест проверяет видимость элементов панели покупки (без текстового содержимого).

Для каждого элемента:
1. Дождаться загрузки панели
2. Проверить видимость элемента
","17","Проверка видимости: value_outstanding","tests.lk_tests.investment_tests.secondary_tests","2026-08-14","passed","2026-08-14","TestBuyPanel","test_elem_secondary_buy","",""
"
Тест проверяет видимость элементов страницы проекта (без текстового содержимого).

Для каждого элемента:
1. Дождаться загрузки страницы
2. Проверить видимость элемента
","44","Проверка видимости: Debt to equity value","tests.lk_tests.project_tests","2026-08-14","passed","2026-08-14","TestElemProject","test_elem_project","",""
"
Тест проверяет видимость элементов страницы проекта (без текстового содержимого).

Для каждого элемента:
1. Дождаться загрузки страницы
2. Проверить видимость элемента
","47","Проверка видимости: Gallery scrim","tests.lk_tests.project_tests","2026-08-14","passed","2026-08-14","TestElemProject","test_elem_project","",""
"
Тест проверяет переход на страницу Transactions при клике на кнопку.

1. Кликнуть на кнопку
2. Проверить переход на /en/transactions
","112","Проверка перехода на страницу Transactions по кнопке View all Transactions","tests.lk_tests.deposit_withdraw_tests.deposit_tests","2026-08-14","passed","2026-08-14","TestDepositPage","test_deposit","",""
"
Тест проверяет, что при вводе неверных данных авторизация не проходит и появляется сообщение об ошибке.

Для каждого варианта невалидных данных:
1.Открыть страницу логина
2.Заполнить форму невалидными данными
3.Нажать кнопку логина
4.Проверить появление сообщения об ошибке
","2455","Проверка авторизации с невалидными данными: Без Email","tests.auth_tests.login_page_tests","2026-08-14","passed","2026-08-14","TestAuthorization","test_authorization","",""
"
Тест проверяет видимость и текст элементов модального окна Schedule.

Для каждого элемента:
1. Дождаться загрузки модального окна
2. Проверить видимость элемента
3. Проверить, что текст элемента соответствует ожидаемому
","124","Проверка видимости и текста: principal","tests.lk_tests.portfolio_tests","2026-08-14","passed","2026-08-14","TestPortfolioSchedule","test_elem_portfolio_schedule","",""
"","97","Проверка видимости и текста: step2_title","tests.lk_tests.refer_tests","2026-08-14","passed","2026-08-14","TestReferralsPageVisible","test_elem_refer","",""
"
Тест проверяет видимость и текст элементов на странице Secondary Market.

Для каждого элемента:
1. Дождаться загрузки страницы
2. Проверить видимость элемента
3. Проверить, что текст элемента соответствует ожидаемому
","54","Проверка видимости и текста: banner_desc","tests.lk_tests.investment_tests.secondary_tests","2026-08-14","passed","2026-08-14","TestSecondaryPageVisible","test_elem_secondary","",""
"
Тест проверяет выход из системы по кнопке Log Out.

1.Кликнуть по кнопке Log Out
2.Дождаться перехода на страницу логина
3.Проверить, что URL заканчивается на /en/login
","219","Проверка выхода из системы","tests.header_tests","2026-08-14","passed","2026-08-14","TestHeader","test_header","",""
"","12","Проверка видимости и текста: password_memo","tests.lk_tests.personal_settings_tests","2026-08-14","passed","2026-08-14","TestPersonalSettingsPageVisible","test_elem_personal_settings","",""
"
Тест проверяет ошибку валидации при пароле короче 8 символов.

1. Заполнить email, короткий пароль и подтверждение
2. Нажать кнопку Agree & Create account
3. Проверить наличие сообщения об ошибке у поля пароля
","805","Ошибка валидации: короткий пароль","tests.auth_tests.reg_page_tests","2026-08-14","passed","2026-08-14","TestRegistrationFalse","test_registration","",""
"
Тест проверяет видимость и текст элементов на странице логина.

Для каждого элемента:
1.Дождаться загрузки страницы
2.Проверить видимость элемента
3.Проверить, что текст элемента соответствует ожидаемому
","58","Проверка видимости и текста: locale_code","tests.auth_tests.login_page_tests","2026-08-14","passed","2026-08-14","TestLoginPageVisible","test_login_page","",""
"
Тест проверяет видимость и текст элементов дашборда.

Для каждого элемента:
1. Дождаться загрузки страницы
2. Проверить видимость элемента
3. Проверить, что текст элемента соответствует ожидаемому
","53","Проверка видимости и текста: dashboard_page_title","tests.lk_tests.dashboard_tests","2026-08-14","passed","2026-08-14","TestDashboardPageVisible","test_elem_dashboard","",""
"
Тест проверяет видимость и текст элементов страницы Deposit.

Для каждого элемента:
1. Дождаться загрузки страницы
2. Проверить видимость элемента
3. Проверить, что текст элемента соответствует ожидаемому
","78","Проверка видимости и текста: iban","tests.lk_tests.deposit_withdraw_tests.deposit_tests","2026-08-14","passed","2026-08-14","TestDepositPageVisible","test_elem_deposit","",""
"
Тест проверяет видимость и текст элементов модального окна Schedule.

Для каждого элемента:
1. Дождаться загрузки модального окна
2. Проверить видимость элемента
3. Проверить, что текст элемента соответствует ожидаемому
","20","Проверка видимости и текста: total","tests.lk_tests.portfolio_tests","2026-08-14","passed","2026-08-14","TestPortfolioSchedule","test_elem_portfolio_schedule","",""
"","61","Проверка видимости и текста: step3_chip","tests.lk_tests.refer_tests","2026-08-14","passed","2026-08-14","TestReferralsPageVisible","test_elem_refer","",""
"
Тест проверяет видимость и текст элементов страницы Rewards.

Для каждого элемента:
1. Дождаться загрузки страницы
2. Проверить видимость элемента
3. Проверить, что текст элемента соответствует ожидаемому
","33","Проверка видимости и текста: hcell_status","tests.lk_tests.rewards_tests","2026-08-14","passed","2026-08-14","TestRewardsPageVisible","test_elem_rewards","",""
"
Тест проверяет видимость и текст элементов на странице Secondary Market.

Для каждого элемента:
1. Дождаться загрузки страницы
2. Проверить видимость элемента
3. Проверить, что текст элемента соответствует ожидаемому
","95","Проверка видимости и текста: sort_label","tests.lk_tests.investment_tests.secondary_tests","2026-08-14","passed","2026-08-14","TestSecondaryPageVisible","test_elem_secondary","",""
"
Тест проверяет видимость и текст элементов панели покупки.

Для каждого элемента:
1. Дождаться загрузки панели
2. Проверить видимость элемента
3. Проверить, что текст элемента соответствует ожидаемому
","57","Проверка видимости и текста: outstanding_label","tests.lk_tests.investment_tests.secondary_tests","2026-08-14","passed","2026-08-14","TestBuyPanel","test_elem_secondary_buy","",""
"
Тест проверяет видимость и текст элементов страницы Rewards.

Для каждого элемента:
1. Дождаться загрузки страницы
2. Проверить видимость элемента
3. Проверить, что текст элемента соответствует ожидаемому
","70","Проверка видимости и текста: step_silver","tests.lk_tests.rewards_tests","2026-08-14","passed","2026-08-14","TestRewardsPageVisible","test_elem_rewards","",""
"
Тест проверяет видимость и текст элементов страницы Transactions.

Для каждого элемента:
1. Дождаться загрузки страницы
2. Проверить видимость элемента
3. Проверить, что текст элемента соответствует ожидаемому
","47","Проверка видимости и текста: subtitle","tests.lk_tests.transactions_tests","2026-08-14","passed","2026-08-14","TestTransactionsPageVisible","test_elem_transactions","",""
"
Тест проверяет видимость элементов футера (контейнеры и иконки соцсетей).

Для каждого элемента:
1.Дождаться загрузки футера
2.Проверить видимость элемента
","74","Проверка видимости: linkedin","tests.footer_tests","2026-08-14","passed","2026-08-14","TestFooterVisible","test_elem_footer","",""
"
Тест проверяет, что при вводе неверных данных авторизация не проходит и появляется сообщение об ошибке.

Для каждого варианта невалидных данных:
1.Открыть страницу логина
2.Заполнить форму невалидными данными
3.Нажать кнопку логина
4.Проверить появление сообщения об ошибке
","3081","Проверка авторизации с невалидными данными: Email без @","tests.auth_tests.login_page_tests","2026-08-14","passed","2026-08-14","TestAuthorization","test_authorization","",""
"
Тест проверяет видимость и текст элементов страницы Withdraw.

Для каждого элемента:
1. Дождаться загрузки страницы
2. Проверить видимость элемента
3. Проверить, что текст элемента соответствует ожидаемому
","30","Проверка видимости и текста: recent_title","tests.lk_tests.deposit_withdraw_tests.withdraw_tests","2026-08-14","passed","2026-08-14","TestWithdrawPageVisible","test_elem_withdraw","",""
"","11","Проверка количества: pending_badges (ожидается 2)","tests.lk_tests.personal_settings_tests","2026-08-14","passed","2026-08-14","TestPersonalSettingsPageVisible","test_elem_personal_settings","",""
"
Тест проверяет видимость и текст элементов страницы проекта.

Для каждого элемента:
1. Дождаться загрузки страницы
2. Проверить видимость элемента
3. Проверить, что текст элемента соответствует ожидаемому
","8936","Проверка видимости и текста: target_rate_label","tests.lk_tests.project_tests","2026-08-14","passed","2026-08-14","TestElemProject","test_elem_project","",""
"
Тест проверяет видимость и текст элементов страницы проекта.

Для каждого элемента:
1. Дождаться загрузки страницы
2. Проверить видимость элемента
3. Проверить, что текст элемента соответствует ожидаемому
","72","Проверка видимости и текста: currency","tests.lk_tests.project_tests","2026-08-14","passed","2026-08-14","TestElemProject","test_elem_project","",""
"
Тест проверяет видимость и текст элементов страницы Deposit.

Для каждого элемента:
1. Дождаться загрузки страницы
2. Проверить видимость элемента
3. Проверить, что текст элемента соответствует ожидаемому
","65","Проверка видимости и текста: bank_two_label","tests.lk_tests.deposit_withdraw_tests.deposit_tests","2026-08-14","passed","2026-08-14","TestDepositPageVisible","test_elem_deposit","",""
"
Тест проверяет видимость и текст элементов сайдбара.

Для каждого элемента:
1.Дождаться загрузки сайдбара
2.Проверить видимость элемента
3.Проверить, что текст элемента соответствует ожидаемому
","45","Проверка видимости и текста: Кнопка Add funds","tests.sidebar_tests","2026-08-14","passed","2026-08-14","TestSidebarVisible","test_elem_sidebar","",""
"
Тест проверяет видимость и текст элементов футера.

Для каждого элемента:
1.Дождаться загрузки футера
2.Проверить видимость элемента
3.Проверить, что текст элемента соответствует ожидаемому
","64","Проверка видимости и текста: agreements_risk-disclosure","tests.footer_tests","2026-08-14","passed","2026-08-14","TestFooterVisible","test_elem_footer","",""
"
Тест проверяет видимость элементов на странице Secondary Market (без текстового содержимого).

Для каждого элемента:
1. Дождаться загрузки страницы
2. Проверить видимость элемента
","41","Проверка видимости: premium_label","tests.lk_tests.investment_tests.secondary_tests","2026-08-14","passed","2026-08-14","TestSecondaryPageVisible","test_elem_secondary","",""
"","27","Проверка видимости: stats_earned_value","tests.lk_tests.refer_tests","2026-08-14","passed","2026-08-14","TestReferralsPageVisible","test_elem_refer","",""
"
Тест проверяет количество элементов дашборда.

1.Дождаться загрузки страницы
2.Проверить количество элементов
3.Для progress-bar проверить что все имеют размеры
","10","Проверка количества: total_earned_subtitle (ожидается 4)","tests.lk_tests.dashboard_tests","2026-08-14","passed","2026-08-14","TestDashboardPageVisible","test_elem_dashboard","",""
"","417","Проверка видимости и текста: banner_badge","tests.lk_tests.portfolio_tests","2026-08-14","passed","2026-08-14","TestPortfolioPageVisible","test_elem_portfolio_active","",""
"
Тест проверяет фильтрацию проектов по сроку на Primary Market.

1. Получить список доступных диапазонов срока из фильтра
2. Для каждого диапазона: выбрать диапазон и проверить, что все карточки содержат срок в нужном диапазоне
3. Для каждого диапазона проверить, что количество карточек совпадает с заголовком
","55726","Проверка фильтрации проектов по сроку","tests.lk_tests.investment_tests.primary_tests","2026-08-14","passed","2026-08-14","TestPrimaryFilter1","test_primary_market_filter1","",""
"
Тест проверяет видимость и текст элементов сайдбара.

Для каждого элемента:
1.Дождаться загрузки сайдбара
2.Проверить видимость элемента
3.Проверить, что текст элемента соответствует ожидаемому
","28","Проверка видимости и текста: dashboard","tests.sidebar_tests","2026-08-14","passed","2026-08-14","TestSidebarVisible","test_elem_sidebar","",""
"
Тест проверяет переключение языка через дропдаун в хедере.

Для каждой локали:
1.Открыть дропдаун
2.Проверить наличие локали в списке
3.Скроллить до локали
4.Проверить видимость локали
5.Кликнуть по локали
6.Проверить, что URL содержит код языка
","1848","Проверка переключения языка: Español","tests.header_tests","2026-08-14","passed","2026-08-14","TestHeader","test_header","",""
"
Тест проверяет видимость и текст элементов дашборда.

Для каждого элемента:
1. Дождаться загрузки страницы
2. Проверить видимость элемента
3. Проверить, что текст элемента соответствует ожидаемому
","60","Проверка видимости и текста: loyalty_status_name","tests.lk_tests.dashboard_tests","2026-08-14","passed","2026-08-14","TestDashboardPageVisible","test_elem_dashboard","",""
"
Тест проверяет видимость элементов футера (контейнеры и иконки соцсетей).

Для каждого элемента:
1.Дождаться загрузки футера
2.Проверить видимость элемента
","25","Проверка видимости: youtube","tests.footer_tests","2026-08-14","passed","2026-08-14","TestFooterVisible","test_elem_footer","",""
"
Тест проверяет видимость и текст элементов страницы Transactions.

Для каждого элемента:
1. Дождаться загрузки страницы
2. Проверить видимость элемента
3. Проверить, что текст элемента соответствует ожидаемому
","61","Проверка видимости и текста: tab_last_month","tests.lk_tests.transactions_tests","2026-08-14","passed","2026-08-14","TestTransactionsPageVisible","test_elem_transactions","",""
"
Тест проверяет открытие модалки Payment Schedule.

1. Ввести сумму 100 в поле инвестиции
2. Проскроллить до кнопки View payment schedule
3. Нажать кнопку
4. Проверить заголовок модалки
","1217","Проверка открытия модалки Payment Schedule","tests.lk_tests.project_tests","2026-08-14","passed","2026-08-14","TestInvestProjectPageFalse","test_project_page","",""
"
Тест проверяет видимость и текст элементов страницы Withdraw.

Для каждого элемента:
1. Дождаться загрузки страницы
2. Проверить видимость элемента
3. Проверить, что текст элемента соответствует ожидаемому
","43","Проверка видимости и текста: preset_200","tests.lk_tests.deposit_withdraw_tests.withdraw_tests","2026-08-14","passed","2026-08-14","TestWithdrawPageVisible","test_elem_withdraw","",""
"
Тест проверяет переключение Stories на дашборде.

1. Кликнуть на первый story
2. Проверить появление кнопки ""Learn more""
3. Кликнуть стрелку влево
4. Кликнуть стрелку вправо 2 раза
5. Закрыть модальное окно
","10041","Проверка переключения Stories на дашборде","tests.lk_tests.dashboard_tests","2026-08-14","passed","2026-08-14","TestDashboard","test_dashboard","",""
"","48","Проверка видимости: checkbox_referral","tests.auth_tests.reg_page_tests","2026-08-14","passed","2026-08-14","TestRegistrationPageVisible","test_elem_registration_page","",""
"
Тест проверяет видимость и текст элементов страницы Withdraw.

Для каждого элемента:
1. Дождаться загрузки страницы
2. Проверить видимость элемента
3. Проверить, что текст элемента соответствует ожидаемому
","83","Проверка видимости и текста: recent_all","tests.lk_tests.deposit_withdraw_tests.withdraw_tests","2026-08-14","passed","2026-08-14","TestWithdrawPageVisible","test_elem_withdraw","",""
"
Тест проверяет видимость элементов страницы Rewards (без проверки текста).

Для каждого элемента:
1. Дождаться загрузки страницы
2. Проверить видимость элемента
","27","Проверка видимости: header_subtitle","tests.lk_tests.rewards_tests","2026-08-14","passed","2026-08-14","TestRewardsPageVisible","test_elem_rewards","",""
"","612","Проверка видимости и текста: th_next_payment","tests.lk_tests.portfolio_tests","2026-08-14","passed","2026-08-14","TestPortfolioPageVisible","test_elem_portfolio_active","",""
"
Тест проверяет видимость и текст элементов страницы Rewards.

Для каждого элемента:
1. Дождаться загрузки страницы
2. Проверить видимость элемента
3. Проверить, что текст элемента соответствует ожидаемому
","84","Проверка видимости и текста: step_bronze","tests.lk_tests.rewards_tests","2026-08-14","passed","2026-08-14","TestRewardsPageVisible","test_elem_rewards","",""
"","625","Проверка видимости и текста: th_earned","tests.lk_tests.portfolio_tests","2026-08-14","passed","2026-08-14","TestPortfolioCompletedPageVisible","test_elem_portfolio_completed","",""
"
Тест проверяет количество элементов страницы Rewards.

Для каждого элемента:
1. Дождаться загрузки страницы
2. Проверить, что количество элементов соответствует ожидаемому
","6","Проверка количества: step_line_filled (ожидается 3)","tests.lk_tests.rewards_tests","2026-08-14","passed","2026-08-14","TestRewardsPageVisible","test_elem_rewards","",""
"
Тест проверяет видимость и текст элементов страницы Withdraw.

Для каждого элемента:
1. Дождаться загрузки страницы
2. Проверить видимость элемента
3. Проверить, что текст элемента соответствует ожидаемому
","57","Проверка видимости и текста: amount_symbol","tests.lk_tests.deposit_withdraw_tests.withdraw_tests","2026-08-14","passed","2026-08-14","TestWithdrawPageVisible","test_elem_withdraw","",""
"","77","Проверка видимости и текста: share_note","tests.lk_tests.refer_tests","2026-08-14","passed","2026-08-14","TestReferralsPageVisible","test_elem_refer","",""
"
Тест проверяет видимость и текст элементов хедера.

Для каждого элемента:
1.Дождаться загрузки хедера
2.Проверить видимость элемента
3.Проверить, что текст элемента соответствует ожидаемому
","23","Проверка видимости и текста: logout_button","tests.header_tests","2026-08-14","passed","2026-08-14","TestHeaderVisible","test_elem_header","",""
"
Тест проверяет фильтрацию проектов по типу залога.

1. Получить список доступных типов залога из фильтра
2. Для каждого типа: выбрать тип и проверить, что все карточки содержат тип залога
3. Для каждого типа проверить, что количество карточек совпадает с заголовком
","58572","Проверка фильтрации проектов по типу залога","tests.lk_tests.investment_tests.primary_tests","2026-08-14","passed","2026-08-14","TestPrimaryFilter1","test_primary_market_filter1","",""
"
Тест проверяет видимость элементов модального окна Schedule (без текстового содержимого).

Для каждого элемента:
1. Дождаться загрузки модального окна
2. Проверить видимость элемента
","45","Проверка видимости: project_name","tests.lk_tests.portfolio_tests","2026-08-14","passed","2026-08-14","TestPortfolioSchedule","test_elem_portfolio_schedule","",""
"
Тест проверяет видимость и текст элементов страницы Transactions.

Для каждого элемента:
1. Дождаться загрузки страницы
2. Проверить видимость элемента
3. Проверить, что текст элемента соответствует ожидаемому
","12","Проверка видимости и текста: export_csv","tests.lk_tests.transactions_tests","2026-08-14","passed","2026-08-14","TestTransactionsPageVisible","test_elem_transactions","",""
"
Тест проверяет видимость и текст элементов страницы Withdraw.

Для каждого элемента:
1. Дождаться загрузки страницы
2. Проверить видимость элемента
3. Проверить, что текст элемента соответствует ожидаемому
","31","Проверка видимости и текста: step2_name","tests.lk_tests.deposit_withdraw_tests.withdraw_tests","2026-08-14","passed","2026-08-14","TestWithdrawPageVisible","test_elem_withdraw","",""
"
Тест проверяет видимость и текст элементов страницы Deposit.

Для каждого элемента:
1. Дождаться загрузки страницы
2. Проверить видимость элемента
3. Проверить, что текст элемента соответствует ожидаемому
","64","Проверка видимости и текста: view_transactions","tests.lk_tests.deposit_withdraw_tests.deposit_tests","2026-08-14","passed","2026-08-14","TestDepositPageVisible","test_elem_deposit","",""
"","571","Проверка видимости и текста: th_apr","tests.lk_tests.portfolio_tests","2026-08-14","passed","2026-08-14","TestPortfolioCompletedPageVisible","test_elem_portfolio_completed","",""
"
Тест проверяет видимость и текст элементов страницы Withdraw.

Для каждого элемента:
1. Дождаться загрузки страницы
2. Проверить видимость элемента
3. Проверить, что текст элемента соответствует ожидаемому
","76","Проверка видимости и текста: security_note","tests.lk_tests.deposit_withdraw_tests.withdraw_tests","2026-08-14","passed","2026-08-14","TestWithdrawPageVisible","test_elem_withdraw","",""
"
Тест проверяет видимость и текст элементов дашборда.

Для каждого элемента:
1. Дождаться загрузки страницы
2. Проверить видимость элемента
3. Проверить, что текст элемента соответствует ожидаемому
","142","Проверка видимости и текста: dashboard_page_title","tests.lk_tests.dashboard_tests","2026-08-14","passed","2026-08-14","TestDashboardPageVisible","test_elem_dashboard","",""
"
Тест проверяет количество элементов дашборда.

1.Дождаться загрузки страницы
2.Проверить количество элементов
3.Для progress-bar проверить что все имеют размеры
","19","Проверка количества: idea_card_badges (ожидается 3)","tests.lk_tests.dashboard_tests","2026-08-14","passed","2026-08-14","TestDashboardPageVisible","test_elem_dashboard","",""
"
Тест проверяет видимость элементов страницы проекта (без текстового содержимого).

Для каждого элемента:
1. Дождаться загрузки страницы
2. Проверить видимость элемента
","56","Проверка видимости: Invest block percent","tests.lk_tests.project_tests","2026-08-14","passed","2026-08-14","TestElemProject","test_elem_project","",""
"","25","Проверка видимости и текста: two_factor_app_title","tests.lk_tests.personal_settings_tests","2026-08-14","passed","2026-08-14","TestPersonalSettingsPageVisible","test_elem_personal_settings","",""
"
Тест проверяет количество элементов страницы проекта.

1. Дождаться загрузки страницы
2. Проверить количество элементов
","15","Проверка количества: Latest project rates (ожидается 4)","tests.lk_tests.project_tests","2026-08-14","passed","2026-08-14","TestElemProject","test_elem_project","",""
"","60","Проверка видимости и текста: channel_email","tests.lk_tests.refer_tests","2026-08-14","passed","2026-08-14","TestReferralsPageVisible","test_elem_refer","",""
"
Тест проверяет количество элементов дашборда.

1.Дождаться загрузки страницы
2.Проверить количество элементов
3.Для progress-bar проверить что все имеют размеры
","20","Проверка количества: earning_dynamics (ожидается 2)","tests.lk_tests.dashboard_tests","2026-08-14","passed","2026-08-14","TestDashboardPageVisible","test_elem_dashboard","",""
"
Тест проверяет видимость элементов страницы проекта (без текстового содержимого).

Для каждого элемента:
1. Дождаться загрузки страницы
2. Проверить видимость элемента
","46","Проверка видимости: Country badge","tests.lk_tests.project_tests","2026-08-14","passed","2026-08-14","TestElemProject","test_elem_project","",""
"","70","Проверка видимости и текста: share_note","tests.lk_tests.refer_tests","2026-08-14","passed","2026-08-14","TestReferralsPageVisible","test_elem_refer","",""
"
Тест проверяет ошибку при пустом email.

1.Нажать Send code с пустым полем
2.Проверить сообщение ""This field is required""
","126","Проверка восстановления пароля с пустым email","tests.auth_tests.forgot_page_tests","2026-08-14","passed","2026-08-14","TestForgotPasswordFalse","test_forgot_password","",""
"
Тест проверяет видимость элементов страницы проекта (без текстового содержимого).

Для каждого элемента:
1. Дождаться загрузки страницы
2. Проверить видимость элемента
","29","Проверка видимости: Project stat value","tests.lk_tests.project_tests","2026-08-14","passed","2026-08-14","TestElemProject","test_elem_project","",""
"
Тест проверяет видимость элементов страницы Rewards (без проверки текста).

Для каждого элемента:
1. Дождаться загрузки страницы
2. Проверить видимость элемента
","93","Проверка видимости: history_summary","tests.lk_tests.rewards_tests","2026-08-14","passed","2026-08-14","TestRewardsPageVisible","test_elem_rewards","",""
"
Тест проверяет видимость и текст элементов страницы Transactions.

Для каждого элемента:
1. Дождаться загрузки страницы
2. Проверить видимость элемента
3. Проверить, что текст элемента соответствует ожидаемому
","53","Проверка видимости и текста: subtitle","tests.lk_tests.transactions_tests","2026-08-14","passed","2026-08-14","TestTransactionsPageVisible","test_elem_transactions","",""
"","47","Проверка видимости и текста: verified_badge","tests.lk_tests.personal_settings_tests","2026-08-14","passed","2026-08-14","TestPersonalSettingsPageVisible","test_elem_personal_settings","",""
"","36","Проверка видимости: chat_bot","tests.lk_tests.portfolio_tests","2026-08-14","passed","2026-08-14","TestPortfolioPageVisible","test_elem_portfolio_active","",""
"
Тест проверяет видимость и текст элементов дашборда.

Для каждого элемента:
1. Дождаться загрузки страницы
2. Проверить видимость элемента
3. Проверить, что текст элемента соответствует ожидаемому
","72","Проверка видимости и текста: growth_path_sub","tests.lk_tests.dashboard_tests","2026-08-14","passed","2026-08-14","TestDashboardPageVisible","test_elem_dashboard","",""
"","554","Проверка видимости и текста: th_amount","tests.lk_tests.portfolio_tests","2026-08-14","passed","2026-08-14","TestPortfolioPageVisible","test_elem_portfolio_active","",""
"
Тест проверяет видимость и текст элементов дашборда.

Для каждого элемента:
1. Дождаться загрузки страницы
2. Проверить видимость элемента
3. Проверить, что текст элемента соответствует ожидаемому
","62","Проверка видимости и текста: loyalty_max","tests.lk_tests.dashboard_tests","2026-08-14","passed","2026-08-14","TestDashboardPageVisible","test_elem_dashboard","",""
"","118","Проверка видимости и текста: header_title","tests.lk_tests.portfolio_tests","2026-08-14","passed","2026-08-14","TestPortfolioPageVisible","test_elem_portfolio_active","",""
"","114","Проверка видимости и текста: change_password_btn","tests.lk_tests.personal_settings_tests","2026-08-14","passed","2026-08-14","TestPersonalSettingsPageVisible","test_elem_personal_settings","",""
"","9","Проверка видимости и текста: catalog_title","tests.lk_tests.investment_tests.primary_tests","2026-08-14","passed","2026-08-14","TestPrimaryPageVisible","test_elem_primary","",""
"
Тест проверяет количество элементов страницы проекта.

1. Дождаться загрузки страницы
2. Проверить количество элементов
","45","Проверка количества: Latest project titles (ожидается 4)","tests.lk_tests.project_tests","2026-08-14","passed","2026-08-14","TestElemProject","test_elem_project","",""
"
Тест проверяет видимость и количество элементов страницы Deposit.

Для каждого элемента:
1. Дождаться загрузки страницы
2. Проверить видимость элемента
3. Проверить, что количество элементов соответствует ожидаемому
","66","Проверка видимости и количества: deposit_balance_amount (ожидается 1)","tests.lk_tests.deposit_withdraw_tests.deposit_tests","2026-08-14","passed","2026-08-14","TestDepositPageVisible","test_elem_deposit","",""
"
Тест проверяет навигацию по элементам сайдбара.

Для каждого элемента:
1.Кликнуть по элементу
2.Дождаться перехода по URL
3.Проверить, что URL заканчивается на ожидаемый путь
","102","Проверка навигации: add_funds","tests.sidebar_tests","2026-08-14","passed","2026-08-14","TestSidebarNav","test_sidebar_nav","",""
"
Тест проверяет переход на страницу Personal settings и возврат на дашборд через лого.

1.Нажать на аватар в хедере
2.Проверить переход на /en/profile и заголовок
3.Нажать на лого CrowdHive
4.Проверить возврат на /en/dashboard и заголовок
","510","Проверка перехода в Personal settings через иконку пользователяи возврата на дашборд","tests.header_tests","2026-08-14","passed","2026-08-14","TestHeader","test_header","",""
"","64","Проверка видимости и текста: steps_title","tests.lk_tests.refer_tests","2026-08-14","passed","2026-08-14","TestReferralsPageVisible","test_elem_refer","",""
"","39","Проверка видимости и текста: banner_cta","tests.lk_tests.investment_tests.primary_tests","2026-08-14","passed","2026-08-14","TestPrimaryPageVisible","test_elem_primary","",""
"
Тест проверяет видимость и текст элементов модального окна Schedule.

Для каждого элемента:
1. Дождаться загрузки модального окна
2. Проверить видимость элемента
3. Проверить, что текст элемента соответствует ожидаемому
","40","Проверка видимости и текста: payment_date","tests.lk_tests.portfolio_tests","2026-08-14","passed","2026-08-14","TestPortfolioSchedule","test_elem_portfolio_schedule","",""
"
Тест проверяет видимость и текст элементов страницы Withdraw.

Для каждого элемента:
1. Дождаться загрузки страницы
2. Проверить видимость элемента
3. Проверить, что текст элемента соответствует ожидаемому
","24","Проверка видимости и текста: step2_badge","tests.lk_tests.deposit_withdraw_tests.withdraw_tests","2026-08-14","passed","2026-08-14","TestWithdrawPageVisible","test_elem_withdraw","",""
"","65","Проверка видимости и текста: stats_commission_label","tests.lk_tests.refer_tests","2026-08-14","passed","2026-08-14","TestReferralsPageVisible","test_elem_refer","",""
"
Тест проверяет открытие модалки Payment Schedule.

1. Ввести сумму 100 в поле инвестиции
2. Проскроллить до кнопки View payment schedule
3. Нажать кнопку
4. Проверить заголовок модалки
","1906","Проверка открытия модалки Payment Schedule","tests.lk_tests.project_tests","2026-08-14","passed","2026-08-14","TestInvestProjectPageFalse","test_project_page","",""
"
Тест проверяет переход на страницу проекта при клике на кнопку в карточке.

1. Пройти по страницам в поиске кнопки
2. Запомнить название проекта
3. Кликнуть кнопку
4. Проверить переход на страницу проекта
5. Проверить, что заголовок совпадает
","2361","Проверка перехода на страницу проекта по кнопке Add more","tests.lk_tests.investment_tests.primary_tests","2026-08-14","passed","2026-08-14","TestPrimaryMarket","test_primary_market","",""
"","584","Проверка видимости и текста: th_project","tests.lk_tests.portfolio_tests","2026-08-14","passed","2026-08-14","TestPortfolioPageVisible","test_elem_portfolio_active","",""
"","59","Проверка видимости и текста: two_factor_subtitle","tests.lk_tests.personal_settings_tests","2026-08-14","passed","2026-08-14","TestPersonalSettingsPageVisible","test_elem_personal_settings","",""
"
Тест проверяет количество карточек в каждой вкладке статусов.

1. Получить ожидаемое количество из счётчика на вкладке
2. Кликнуть по вкладке и дождаться загрузки карточек
3. Пройти по всем страницам и сравнить фактическое количество с ожидаемым
","54933","Проверка категории: tab-status-Open","tests.lk_tests.investment_tests.primary_tests","2026-08-14","passed","2026-08-14","TestPrimaryFilter1","test_primary_market_filter1","",""
"
Тест проверяет видимость и текст элементов страницы Transactions.

Для каждого элемента:
1. Дождаться загрузки страницы
2. Проверить видимость элемента
3. Проверить, что текст элемента соответствует ожидаемому
","142","Проверка видимости и текста: tab_yesterday","tests.lk_tests.transactions_tests","2026-08-14","passed","2026-08-14","TestTransactionsPageVisible","test_elem_transactions","",""
"
Тест проверяет видимость элементов страницы Rewards (без проверки текста).

Для каждого элемента:
1. Дождаться загрузки страницы
2. Проверить видимость элемента
","27","Проверка видимости: chat_bot","tests.lk_tests.rewards_tests","2026-08-14","passed","2026-08-14","TestRewardsPageVisible","test_elem_rewards","",""
"
Тест проверяет видимость элементов модального окна Schedule (без текстового содержимого).

Для каждого элемента:
1. Дождаться загрузки модального окна
2. Проверить видимость элемента
","53","Проверка видимости: table","tests.lk_tests.portfolio_tests","2026-08-14","passed","2026-08-14","TestPortfolioSchedule","test_elem_portfolio_schedule","",""
"","44","Проверка видимости: password_strength_bar_fill","tests.auth_tests.reg_page_tests","2026-08-14","passed","2026-08-14","TestRegistrationPageVisible","test_elem_registration_page","",""
"
Тест проверяет видимость и текст элементов страницы Rewards.

Для каждого элемента:
1. Дождаться загрузки страницы
2. Проверить видимость элемента
3. Проверить, что текст элемента соответствует ожидаемому
","46","Проверка видимости и текста: step_bronze","tests.lk_tests.rewards_tests","2026-08-14","passed","2026-08-14","TestRewardsPageVisible","test_elem_rewards","",""
"
Тест проверяет переход на страницу Refer & Earn при клике на Invite friends.

1. Кликнуть на кнопку Invite friends
2. Проверить переход на /en/rewards
","169","Проверка перехода по кнопке Invite friends на страницу Refer & Earn","tests.lk_tests.portfolio_tests","2026-08-14","passed","2026-08-14","TestPortfolioPage","test_portfolio","",""
"","28","Проверка видимости: password_strength_bar_fill","tests.auth_tests.reg_page_tests","2026-08-14","passed","2026-08-14","TestRegistrationPageVisible","test_elem_registration_page","",""
"
Тест проверяет видимость элементов страницы проекта (без текстового содержимого).

Для каждого элемента:
1. Дождаться загрузки страницы
2. Проверить видимость элемента
","49","Проверка видимости: Invest block percent","tests.lk_tests.project_tests","2026-08-14","passed","2026-08-14","TestElemProject","test_elem_project","",""
"
Тест проверяет видимость и текст элементов страницы Transactions.

Для каждого элемента:
1. Дождаться загрузки страницы
2. Проверить видимость элемента
3. Проверить, что текст элемента соответствует ожидаемому
","33","Проверка видимости и текста: filter_label","tests.lk_tests.transactions_tests","2026-08-14","passed","2026-08-14","TestTransactionsPageVisible","test_elem_transactions","",""
"
Тест проверяет видимость элементов страницы Withdraw (без проверки текста).

Для каждого элемента:
1. Дождаться загрузки страницы
2. Проверить видимость элемента по указанному индексу
","78","Проверка видимости: amount_input","tests.lk_tests.deposit_withdraw_tests.withdraw_tests","2026-08-14","passed","2026-08-14","TestWithdrawPageVisible","test_elem_withdraw","",""
"","11","Проверка количества: password_toggles (ожидается 2)","tests.auth_tests.reg_page_tests","2026-08-14","passed","2026-08-14","TestRegistrationPageVisible","test_elem_registration_page","",""
"
Тест проверяет переключение количества карточек на странице Secondary Market.

1. Переключить селект на {per_page} per page
2. Дождаться обновления
3. Проверить, что на странице {expected_count} карточек
","3617","Проверка переключения количества карточек на странице Secondary: 9","tests.lk_tests.investment_tests.secondary_tests","2026-08-14","passed","2026-08-14","TestSecondaryMarket","test_secondary_market","",""
"","27","Проверка видимости и текста: stat_expected_revenue","tests.lk_tests.portfolio_tests","2026-08-14","passed","2026-08-14","TestPortfolioPageVisible","test_elem_portfolio_active","",""
"","551","Проверка видимости и текста: th_progress","tests.lk_tests.portfolio_tests","2026-08-14","passed","2026-08-14","TestPortfolioPageVisible","test_elem_portfolio_active","",""
"
Тест проверяет видимость элементов дашборда (без текстового содержимого).

Для каждого элемента:
1.Дождаться загрузки страницы
2.Проверить видимость элемента
","23","Проверка видимости: banner_badge","tests.lk_tests.dashboard_tests","2026-08-14","passed","2026-08-14","TestDashboardPageVisible","test_elem_dashboard","",""
"
Тест проверяет фильтрацию Secondary Market по диапазону доходности.

1. Открыть фильтр apr
2. Установить ползунок: левый на 13%, правый оставить 20%
3. Применить фильтр и проверить, что все карточки содержат доходность в диапазоне 13–20%
4. Сравнить количество карточек с заголовком
","18357","Проверка фильтрации по доходности","tests.lk_tests.investment_tests.secondary_tests","2026-08-14","passed","2026-08-14","TestSecondaryMarketFilter","test_secondary_market_filter","",""
"","56","Проверка видимости и текста: pill_secondary","tests.lk_tests.investment_tests.primary_tests","2026-08-14","passed","2026-08-14","TestPrimaryPageVisible","test_elem_primary","",""
"","49","Проверка видимости: invite_link","tests.lk_tests.refer_tests","2026-08-14","passed","2026-08-14","TestReferralsPageVisible","test_elem_refer","",""
"","26","Проверка видимости: password_strength_rules","tests.auth_tests.reg_page_tests","2026-08-14","passed","2026-08-14","TestRegistrationPageVisible","test_elem_registration_page","",""
"
Тест проверяет видимость элементов страницы Withdraw (без проверки текста).

Для каждого элемента:
1. Дождаться загрузки страницы
2. Проверить видимость элемента по указанному индексу
","44","Проверка видимости: deposit_balance_amount","tests.lk_tests.deposit_withdraw_tests.withdraw_tests","2026-08-14","passed","2026-08-14","TestWithdrawPageVisible","test_elem_withdraw","",""
"
Тест проверяет переключение языка через дропдаун в хедере.

Для каждой локали:
1.Открыть дропдаун
2.Проверить наличие локали в списке
3.Скроллить до локали
4.Проверить видимость локали
5.Кликнуть по локали
6.Проверить, что URL содержит код языка
","147","Проверка переключения языка: English","tests.header_tests","2026-08-14","passed","2026-08-14","TestHeader","test_header","",""
"
Тест проверяет видимость и текст элементов футера.

Для каждого элемента:
1.Дождаться загрузки футера
2.Проверить видимость элемента
3.Проверить, что текст элемента соответствует ожидаемому
","51","Проверка видимости и текста: agreements_risk-disclosure","tests.footer_tests","2026-08-14","passed","2026-08-14","TestFooterVisible","test_elem_footer","",""
"
Тест проверяет видимость элементов страницы проекта (без текстового содержимого).

Для каждого элемента:
1. Дождаться загрузки страницы
2. Проверить видимость элемента
","36","Проверка видимости: Project title","tests.lk_tests.project_tests","2026-08-14","passed","2026-08-14","TestElemProject","test_elem_project","",""
"
Тест проверяет видимость элементов страницы проекта (без текстового содержимого).

Для каждого элемента:
1. Дождаться загрузки страницы
2. Проверить видимость элемента
","55","Проверка видимости: Invest block amount","tests.lk_tests.project_tests","2026-08-14","passed","2026-08-14","TestElemProject","test_elem_project","",""
"
Тест проверяет видимость элементов хедера (без текстового содержимого).

Для каждого элемента:
1.Дождаться загрузки хедера
2.Проверить видимость элемента
","37","Проверка видимости: notification_bell","tests.header_tests","2026-08-14","passed","2026-08-14","TestHeaderVisible","test_elem_header","",""
"
Тест проверяет видимость и текст элементов сайдбара.

Для каждого элемента:
1.Дождаться загрузки сайдбара
2.Проверить видимость элемента
3.Проверить, что текст элемента соответствует ожидаемому
","20","Проверка видимости и текста: Кнопка Add funds","tests.sidebar_tests","2026-08-14","passed","2026-08-14","TestSidebarVisible","test_elem_sidebar","",""
"","7","Проверка видимости и текста: table_title","tests.lk_tests.refer_tests","2026-08-14","passed","2026-08-14","TestReferralsPageVisible","test_elem_refer","",""
"
Тест проверяет видимость и текст элементов страницы Rewards.

Для каждого элемента:
1. Дождаться загрузки страницы
2. Проверить видимость элемента
3. Проверить, что текст элемента соответствует ожидаемому
","60","Проверка видимости и текста: banner_max","tests.lk_tests.rewards_tests","2026-08-14","passed","2026-08-14","TestRewardsPageVisible","test_elem_rewards","",""
"","60","Проверка видимости и текста: verified_badge","tests.lk_tests.personal_settings_tests","2026-08-14","passed","2026-08-14","TestPersonalSettingsPageVisible","test_elem_personal_settings","",""
"
Тест проверяет видимость элементов дашборда (без текстового содержимого).

Для каждого элемента:
1.Дождаться загрузки страницы
2.Проверить видимость элемента
","77","Проверка видимости: overview_statistics","tests.lk_tests.dashboard_tests","2026-08-14","passed","2026-08-14","TestDashboardPageVisible","test_elem_dashboard","",""
"
Тест проверяет видимость и текст элементов панели покупки.

Для каждого элемента:
1. Дождаться загрузки панели
2. Проверить видимость элемента
3. Проверить, что текст элемента соответствует ожидаемому
","0","Проверка видимости и текста: asking_label","tests.lk_tests.investment_tests.secondary_tests","2026-08-14","passed","2026-08-14","TestBuyPanel","test_elem_secondary_buy","",""
"
Тест проверяет видимость и текст элементов страницы проекта.

Для каждого элемента:
1. Дождаться загрузки страницы
2. Проверить видимость элемента
3. Проверить, что текст элемента соответствует ожидаемому
","51","Проверка видимости и текста: funded_label","tests.lk_tests.project_tests","2026-08-14","passed","2026-08-14","TestElemProject","test_elem_project","",""
"","87","Проверка видимости и текста: close_account","tests.lk_tests.personal_settings_tests","2026-08-14","passed","2026-08-14","TestPersonalSettingsPageVisible","test_elem_personal_settings","",""
"
Тест проверяет видимость элементов страницы проекта (без текстового содержимого).

Для каждого элемента:
1. Дождаться загрузки страницы
2. Проверить видимость элемента
","18","Проверка видимости: Project description","tests.lk_tests.project_tests","2026-08-14","passed","2026-08-14","TestElemProject","test_elem_project","",""
"
Тест проверяет видимость и текст элементов страницы Deposit.

Для каждого элемента:
1. Дождаться загрузки страницы
2. Проверить видимость элемента
3. Проверить, что текст элемента соответствует ожидаемому
","25","Проверка видимости и текста: step2_badge","tests.lk_tests.deposit_withdraw_tests.deposit_tests","2026-08-14","passed","2026-08-14","TestDepositPageVisible","test_elem_deposit","",""
"
Тест проверяет фильтрацию проектов по странам.

1. Получить список доступных стран из фильтра
2. Для каждой страны: выбрать страну и проверить, что все карточки содержат страну
3. Для каждой страны проверить, что количество карточек совпадает с заголовком
","93777","Проверка фильтрации проектов по странам","tests.lk_tests.investment_tests.primary_tests","2026-08-14","passed","2026-08-14","TestPrimaryFilter","test_primary_market_filter","",""
"","52","Проверка видимости и текста: per_page_label","tests.lk_tests.investment_tests.primary_tests","2026-08-14","passed","2026-08-14","TestPrimaryPageVisible","test_elem_primary","",""
"","66","Проверка видимости и текста: step1_badge","tests.lk_tests.refer_tests","2026-08-14","passed","2026-08-14","TestReferralsPageVisible","test_elem_refer","",""
"
Тест проверяет открытие модалки Payment Schedule.

1. Ввести сумму 100 в поле инвестиции
2. Проскроллить до кнопки View payment schedule
3. Нажать кнопку
4. Проверить заголовок модалки
","2708","Проверка открытия модалки Payment Schedule","tests.lk_tests.project_tests","2026-08-14","passed","2026-08-14","TestInvestProjectPageFalse","test_project_page","",""
"
Тест проверяет видимость и текст элементов вкладки Tax страницы Transactions.

Для каждого элемента:
1. Дождаться загрузки страницы
2. Проверить видимость элемента
3. Проверить, что текст элемента соответствует ожидаемому
","97","Проверка видимости и текста: past_title","tests.lk_tests.transactions_tests","2026-08-14","passed","2026-08-14","TestTransactionsTaxPageVisible","test_elem_transactions_tax","",""
"","14","Проверка видимости и текста: form_badge","tests.lk_tests.personal_settings_tests","2026-08-14","passed","2026-08-14","TestPersonalSettingsPageVisible","test_elem_personal_settings","",""
"
Тест проверяет количество элементов дашборда.

1.Дождаться загрузки страницы
2.Проверить количество элементов
3.Для progress-bar проверить что все имеют размеры
","73","Проверка количества: tier_bonuses (ожидается 4)","tests.lk_tests.dashboard_tests","2026-08-14","passed","2026-08-14","TestDashboardPageVisible","test_elem_dashboard","",""
"","77","Проверка видимости и текста: tab_active","tests.lk_tests.portfolio_tests","2026-08-14","passed","2026-08-14","TestPortfolioPageVisible","test_elem_portfolio_active","",""
"
Тест проверяет фильтр ""Hide invested"".

1. Дождаться загрузки карточек
2. Включить фильтр Hide invested
3. Пройти по всем страницам и убедиться, что нет кнопок ""Add more""
4. Проверить, что количество карточек совпадает с заголовком
","18589","Проверка фильтра Hide invested","tests.lk_tests.investment_tests.primary_tests","2026-08-14","passed","2026-08-14","TestPrimaryFilter1","test_primary_market_filter1","",""
"","70","Проверка видимости: invite_link","tests.lk_tests.refer_tests","2026-08-14","passed","2026-08-14","TestReferralsPageVisible","test_elem_refer","",""
"","40","Проверка видимости и текста: verified_badge","tests.lk_tests.personal_settings_tests","2026-08-14","passed","2026-08-14","TestPersonalSettingsPageVisible","test_elem_personal_settings","",""
"
Тест проверяет видимость и текст элементов страницы Withdraw.

Для каждого элемента:
1. Дождаться загрузки страницы
2. Проверить видимость элемента
3. Проверить, что текст элемента соответствует ожидаемому
","31","Проверка видимости и текста: view_transactions","tests.lk_tests.deposit_withdraw_tests.withdraw_tests","2026-08-14","passed","2026-08-14","TestWithdrawPageVisible","test_elem_withdraw","",""
"
Тест проверяет видимость и текст элементов страницы Rewards.

Для каждого элемента:
1. Дождаться загрузки страницы
2. Проверить видимость элемента
3. Проверить, что текст элемента соответствует ожидаемому
","37","Проверка видимости и текста: history_title","tests.lk_tests.rewards_tests","2026-08-14","passed","2026-08-14","TestRewardsPageVisible","test_elem_rewards","",""
"
Тест проверяет видимость и текст элементов панели покупки.

Для каждого элемента:
1. Дождаться загрузки панели
2. Проверить видимость элемента
3. Проверить, что текст элемента соответствует ожидаемому
","10","Проверка видимости и текста: repayment_schedule","tests.lk_tests.investment_tests.secondary_tests","2026-08-14","passed","2026-08-14","TestBuyPanel","test_elem_secondary_buy","",""
"","82","Проверка видимости и текста: tab_repaid","tests.lk_tests.investment_tests.primary_tests","2026-08-14","passed","2026-08-14","TestPrimaryPageVisible","test_elem_primary","",""
"
Тест проверяет видимость и текст элементов сайдбара.

Для каждого элемента:
1.Дождаться загрузки сайдбара
2.Проверить видимость элемента
3.Проверить, что текст элемента соответствует ожидаемому
","44","Проверка видимости и текста: Уровень инвестора","tests.sidebar_tests","2026-08-14","passed","2026-08-14","TestSidebarVisible","test_elem_sidebar","",""
"
Тест проверяет переход на страницу проекта при клике на случайную карточку.

1. Получить список видимых карточек
2. Выбрать случайную
3. Запомнить название проекта
4. Кликнуть по карточке
5. Проверить переход на страницу проекта
6. Проверить, что заголовок проекта совпадает
","914","Проверка перехода на страницу проекта по клику на карточку","tests.lk_tests.investment_tests.primary_tests","2026-08-14","passed","2026-08-14","TestPrimaryMarket","test_primary_market","",""
"","63","Проверка видимости и текста: th_friend","tests.lk_tests.refer_tests","2026-08-14","passed","2026-08-14","TestReferralsPageVisible","test_elem_refer","",""
"","44","Проверка видимости: link_question_login","tests.auth_tests.reg_page_tests","2026-08-14","passed","2026-08-14","TestRegistrationPageVisible","test_elem_registration_page","",""
"","88","Проверка видимости и текста: stat_expected_revenue","tests.lk_tests.portfolio_tests","2026-08-14","passed","2026-08-14","TestPortfolioPageVisible","test_elem_portfolio_active","",""
"
Тест проверяет видимость и текст элементов страницы Deposit.

Для каждого элемента:
1. Дождаться загрузки страницы
2. Проверить видимость элемента
3. Проверить, что текст элемента соответствует ожидаемому
","78","Проверка видимости и текста: copy_btn","tests.lk_tests.deposit_withdraw_tests.deposit_tests","2026-08-14","passed","2026-08-14","TestDepositPageVisible","test_elem_deposit","",""
"
Тест проверяет видимость и текст элементов модального окна Schedule.

Для каждого элемента:
1. Дождаться загрузки модального окна
2. Проверить видимость элемента
3. Проверить, что текст элемента соответствует ожидаемому
","20","Проверка видимости и текста: status","tests.lk_tests.portfolio_tests","2026-08-14","passed","2026-08-14","TestPortfolioSchedule","test_elem_portfolio_schedule","",""
"","9","Проверка видимости и текста: header_link","tests.lk_tests.refer_tests","2026-08-14","passed","2026-08-14","TestReferralsPageVisible","test_elem_refer","",""
"
Тест проверяет навигацию по элементам сайдбара.

Для каждого элемента:
1.Кликнуть по элементу
2.Дождаться перехода по URL
3.Проверить, что URL заканчивается на ожидаемый путь
","119","Проверка навигации: refer","tests.sidebar_tests","2026-08-14","passed","2026-08-14","TestSidebarNav","test_sidebar_nav","",""
"","78","Проверка видимости и текста: notif_withdrawal","tests.lk_tests.personal_settings_tests","2026-08-14","passed","2026-08-14","TestPersonalSettingsPageVisible","test_elem_personal_settings","",""
"","56","Проверка видимости и текста: banner_paragraph","tests.lk_tests.portfolio_tests","2026-08-14","passed","2026-08-14","TestPortfolioPageVisible","test_elem_portfolio_active","",""
"
Тест проверяет видимость и текст элементов страницы Withdraw.

Для каждого элемента:
1. Дождаться загрузки страницы
2. Проверить видимость элемента
3. Проверить, что текст элемента соответствует ожидаемому
","30","Проверка видимости и текста: amount_symbol","tests.lk_tests.deposit_withdraw_tests.withdraw_tests","2026-08-14","passed","2026-08-14","TestWithdrawPageVisible","test_elem_withdraw","",""
"
Тест проверяет количество элементов дашборда.

1.Дождаться загрузки страницы
2.Проверить количество элементов
3.Для progress-bar проверить что все имеют размеры
","17","Проверка количества: idea_card_badges (ожидается 3)","tests.lk_tests.dashboard_tests","2026-08-14","passed","2026-08-14","TestDashboardPageVisible","test_elem_dashboard","",""
"
Тест проверяет видимость и текст элементов страницы Transactions.

Для каждого элемента:
1. Дождаться загрузки страницы
2. Проверить видимость элемента
3. Проверить, что текст элемента соответствует ожидаемому
","45","Проверка видимости и текста: table_count","tests.lk_tests.transactions_tests","2026-08-14","passed","2026-08-14","TestTransactionsPageVisible","test_elem_transactions","",""
"
Тест проверяет видимость и текст элементов страницы Withdraw.

Для каждого элемента:
1. Дождаться загрузки страницы
2. Проверить видимость элемента
3. Проверить, что текст элемента соответствует ожидаемому
","83","Проверка видимости и текста: withdraw_subtitle","tests.lk_tests.deposit_withdraw_tests.withdraw_tests","2026-08-14","passed","2026-08-14","TestWithdrawPageVisible","test_elem_withdraw","",""
"
Тест проверяет видимость и текст элементов страницы Withdraw.

Для каждого элемента:
1. Дождаться загрузки страницы
2. Проверить видимость элемента
3. Проверить, что текст элемента соответствует ожидаемому
","33","Проверка видимости и текста: step1_badge","tests.lk_tests.deposit_withdraw_tests.withdraw_tests","2026-08-14","passed","2026-08-14","TestWithdrawPageVisible","test_elem_withdraw","",""
"
Тест проверяет видимость и текст элементов модального окна Schedule.

Для каждого элемента:
1. Дождаться загрузки модального окна
2. Проверить видимость элемента
3. Проверить, что текст элемента соответствует ожидаемому
","80","Проверка видимости и текста: principal","tests.lk_tests.portfolio_tests","2026-08-14","passed","2026-08-14","TestPortfolioSchedule","test_elem_portfolio_schedule","",""
"
Тест проверяет количество карточек в каждой вкладке статусов.

1. Получить ожидаемое количество из счётчика на вкладке
2. Кликнуть по вкладке и дождаться загрузки карточек
3. Пройти по всем страницам и сравнить фактическое количество с ожидаемым
","46356","Проверка категории: tab-status-Raised","tests.lk_tests.investment_tests.primary_tests","2026-08-14","passed","2026-08-14","TestPrimaryFilter1","test_primary_market_filter1","",""
"","65","Проверка видимости и текста: channel_more","tests.lk_tests.refer_tests","2026-08-14","passed","2026-08-14","TestReferralsPageVisible","test_elem_refer","",""
"
Тест проверяет флоу инвестиции с бонусом и переходом в Portfolio.

1. Ввести сумму invest_amount
2. Нажать чекбокс соглашения
3. Нажать кнопку Invest
4. Подтвердить инвестицию
5. Перейти в Portfolio
6. Проверить бонус (если check_bonus) и инвестицию
","4746","Проверка инвестиции 50 с бонусом None","tests.lk_tests.project_tests","2026-08-14","passed","2026-08-14","TestInvestProjectPageTrue","test_project_page","",""
"","564","Проверка видимости и текста: th_apr","tests.lk_tests.portfolio_tests","2026-08-14","passed","2026-08-14","TestPortfolioPageVisible","test_elem_portfolio_active","",""
"
Тест проверяет количество карточек в каждой вкладке статусов.

1. Получить ожидаемое количество из счётчика на вкладке
2. Кликнуть по вкладке и дождаться загрузки карточек
3. Пройти по всем страницам и сравнить фактическое количество с ожидаемым
","24884","Проверка категории: tab-status-Coming soon","tests.lk_tests.investment_tests.primary_tests","2026-08-14","passed","2026-08-14","TestPrimaryFilter1","test_primary_market_filter1","",""
"
Тест проверяет видимость и текст элементов страницы Withdraw.

Для каждого элемента:
1. Дождаться загрузки страницы
2. Проверить видимость элемента
3. Проверить, что текст элемента соответствует ожидаемому
","24","Проверка видимости и текста: tab_deposit","tests.lk_tests.deposit_withdraw_tests.withdraw_tests","2026-08-14","passed","2026-08-14","TestWithdrawPageVisible","test_elem_withdraw","",""
"
Тест проверяет, что при нажатии ""Talk to support"" открывается чат с ботом.
","1039","Проверка открытия чата поддержки со страницы Withdraw","tests.lk_tests.deposit_withdraw_tests.withdraw_tests","2026-08-14","passed","2026-08-14","TestWithdrawPage","test_withdraw","",""
"
Тест проверяет, что при нажатии ""Show all 31"" список разворачивается.

1. Нажать кнопку ""Show all ""
2. Проверить, что кнопка изменилась на ""Show less""
3. Проверить, что количество строк увеличилось
","765","Проверка разворачивания списка Bonus history","tests.lk_tests.rewards_tests","2026-08-14","passed","2026-08-14","TestRewardsPage","test_rewards","",""
"
Тест проверяет видимость и текст элементов хедера.

Для каждого элемента:
1.Дождаться загрузки хедера
2.Проверить видимость элемента
3.Проверить, что текст элемента соответствует ожидаемому
","96","Проверка видимости и текста: logout_button","tests.header_tests","2026-08-14","passed","2026-08-14","TestHeaderVisible","test_elem_header","",""
"
Тест проверяет флоу инвестиции с бонусом и переходом в Portfolio.

1. Ввести сумму invest_amount
2. Нажать чекбокс соглашения
3. Нажать кнопку Invest
4. Подтвердить инвестицию
5. Перейти в Portfolio
6. Проверить бонус (если check_bonus) и инвестицию
","4748","Проверка инвестиции 750 с бонусом 100","tests.lk_tests.project_tests","2026-08-14","passed","2026-08-14","TestInvestProjectPageTrue","test_project_page","",""
"
Тест проверяет видимость и текст элементов страницы Deposit.

Для каждого элемента:
1. Дождаться загрузки страницы
2. Проверить видимость элемента
3. Проверить, что текст элемента соответствует ожидаемому
","68","Проверка видимости и текста: tab_deposit","tests.lk_tests.deposit_withdraw_tests.deposit_tests","2026-08-14","passed","2026-08-14","TestDepositPageVisible","test_elem_deposit","",""
"
Тест проверяет видимость элементов страницы Transactions (без проверки текста).

Для каждого элемента:
1. Дождаться загрузки страницы
2. Проверить видимость элемента
","23","Проверка видимости: money_out_value","tests.lk_tests.transactions_tests","2026-08-14","passed","2026-08-14","TestTransactionsPageVisible","test_elem_transactions","",""
"
Тест проверяет видимость и текст элементов модального окна Schedule.

Для каждого элемента:
1. Дождаться загрузки модального окна
2. Проверить видимость элемента
3. Проверить, что текст элемента соответствует ожидаемому
","42","Проверка видимости и текста: interest","tests.lk_tests.portfolio_tests","2026-08-14","passed","2026-08-14","TestPortfolioSchedule","test_elem_portfolio_schedule","",""
"
Тест проверяет количество элементов страницы проекта.

1. Дождаться загрузки страницы
2. Проверить количество элементов
","30","Проверка количества: Latest project rates (ожидается 4)","tests.lk_tests.project_tests","2026-08-14","passed","2026-08-14","TestElemProject","test_elem_project","",""
"","60","Проверка видимости и текста: note_lead","tests.lk_tests.personal_settings_tests","2026-08-14","passed","2026-08-14","TestPersonalSettingsPageVisible","test_elem_personal_settings","",""
"","29","Проверка видимости и текста: password_strength_title","tests.auth_tests.reg_page_tests","2026-08-14","passed","2026-08-14","TestRegistrationPageVisible","test_elem_registration_page","",""
"
Тест проверяет видимость и текст элементов страницы Deposit.

Для каждого элемента:
1. Дождаться загрузки страницы
2. Проверить видимость элемента
3. Проверить, что текст элемента соответствует ожидаемому
","58","Проверка видимости и текста: bank_two_label","tests.lk_tests.deposit_withdraw_tests.deposit_tests","2026-08-14","passed","2026-08-14","TestDepositPageVisible","test_elem_deposit","",""
"","98","Проверка видимости: stats_signups_value","tests.lk_tests.refer_tests","2026-08-14","passed","2026-08-14","TestReferralsPageVisible","test_elem_refer","",""
"","117","Проверка видимости и текста: stat_next_payment","tests.lk_tests.portfolio_tests","2026-08-14","passed","2026-08-14","TestPortfolioPageVisible","test_elem_portfolio_active","",""
"
Тест проверяет видимость элементов страницы Rewards (без проверки текста).

Для каждого элемента:
1. Дождаться загрузки страницы
2. Проверить видимость элемента
","22","Проверка видимости: history_summary_amount","tests.lk_tests.rewards_tests","2026-08-14","passed","2026-08-14","TestRewardsPageVisible","test_elem_rewards","",""
"
Тест проверяет видимость и текст элементов страницы Withdraw.

Для каждого элемента:
1. Дождаться загрузки страницы
2. Проверить видимость элемента
3. Проверить, что текст элемента соответствует ожидаемому
","45","Проверка видимости и текста: step2_badge","tests.lk_tests.deposit_withdraw_tests.withdraw_tests","2026-08-14","passed","2026-08-14","TestWithdrawPageVisible","test_elem_withdraw","",""
"","152","Проверка видимости и текста: hero_reward_extra","tests.lk_tests.refer_tests","2026-08-14","passed","2026-08-14","TestReferralsPageVisible","test_elem_refer","",""
"
Тест проверяет видимость и текст элементов футера.

Для каждого элемента:
1.Дождаться загрузки футера
2.Проверить видимость элемента
3.Проверить, что текст элемента соответствует ожидаемому
","38","Проверка видимости и текста: agreements_privacy","tests.footer_tests","2026-08-14","passed","2026-08-14","TestFooterVisible","test_elem_footer","",""
"
Тест проверяет видимость элементов на странице логина (без текстового содержимого).

Для каждого элемента:
1.Дождаться загрузки страницы
2.Проверить видимость элемента
","29","Проверка видимости: input_email","tests.auth_tests.login_page_tests","2026-08-14","passed","2026-08-14","TestLoginPageVisible","test_login_page","",""
"
Тест проверяет навигацию по элементам сайдбара.

Для каждого элемента:
1.Кликнуть по элементу
2.Дождаться перехода по URL
3.Проверить, что URL заканчивается на ожидаемый путь
","82","Проверка навигации: investment","tests.sidebar_tests","2026-08-14","passed","2026-08-14","TestSidebarNav","test_sidebar_nav","",""
"
Тест проверяет видимость и текст элементов страницы Withdraw.

Для каждого элемента:
1. Дождаться загрузки страницы
2. Проверить видимость элемента
3. Проверить, что текст элемента соответствует ожидаемому
","57","Проверка видимости и текста: tab_deposit","tests.lk_tests.deposit_withdraw_tests.withdraw_tests","2026-08-14","passed","2026-08-14","TestWithdrawPageVisible","test_elem_withdraw","",""
"
Тест проверяет переключение количества карточек на странице Secondary Market.

1. Переключить селект на {per_page} per page
2. Дождаться обновления
3. Проверить, что на странице {expected_count} карточек
","3126","Проверка переключения количества карточек на странице Secondary: 18","tests.lk_tests.investment_tests.secondary_tests","2026-08-14","passed","2026-08-14","TestSecondaryMarket","test_secondary_market","",""
"
Тест проверяет фильтрацию проектов по ставке на Primary Market.

1. Получить список доступных пресетов ставки из фильтра
2. Для каждого пресета: выбрать пресет и проверить, что все карточки содержат ставку в нужном диапазоне
3. Для каждого пресета проверить, что количество карточек совпадает с заголовком
","40586","Проверка фильтрации проектов по ставке","tests.lk_tests.investment_tests.primary_tests","2026-08-14","passed","2026-08-14","TestPrimaryFilter","test_primary_market_filter","",""
"
Тест проверяет видимость элементов дашборда (без текстового содержимого).

Для каждого элемента:
1.Дождаться загрузки страницы
2.Проверить видимость элемента
","71","Проверка видимости: loyalty_card_tier_sub","tests.lk_tests.dashboard_tests","2026-08-14","passed","2026-08-14","TestDashboardPageVisible","test_elem_dashboard","",""
"","73","Проверка видимости и текста: password_label","tests.lk_tests.personal_settings_tests","2026-08-14","passed","2026-08-14","TestPersonalSettingsPageVisible","test_elem_personal_settings","",""
"
Тест проверяет количество элементов дашборда.

1.Дождаться загрузки страницы
2.Проверить количество элементов
3.Для progress-bar проверить что все имеют размеры
","7","Проверка количества: idea_cards (ожидается 3)","tests.lk_tests.dashboard_tests","2026-08-14","passed","2026-08-14","TestDashboardPageVisible","test_elem_dashboard","",""
"
Тест проверяет видимость и текст элементов дашборда.

Для каждого элемента:
1. Дождаться загрузки страницы
2. Проверить видимость элемента
3. Проверить, что текст элемента соответствует ожидаемому
","116","Проверка видимости и текста: active_investments","tests.lk_tests.dashboard_tests","2026-08-14","passed","2026-08-14","TestDashboardPageVisible","test_elem_dashboard","",""
"
Тест проверяет ошибку валидации при незаполненном поле email.

1. Заполнить пароль и подтверждение пароля
2. Нажать кнопку Agree & Create account
3. Проверить сообщение ""This field is required"" у поля email
","195","Ошибка валидации: пустой email","tests.auth_tests.reg_page_tests","2026-08-14","passed","2026-08-14","TestRegistrationFalse","test_registration","",""
"","61","Проверка видимости и текста: banner_paragraph","tests.lk_tests.portfolio_tests","2026-08-14","passed","2026-08-14","TestPortfolioCompletedPageVisible","test_elem_portfolio_completed","",""
"","86","Проверка видимости и текста: tab_active","tests.lk_tests.portfolio_tests","2026-08-14","passed","2026-08-14","TestPortfolioPageVisible","test_elem_portfolio_active","",""
"
Тест проверяет видимость и текст элементов на странице Secondary Market.

Для каждого элемента:
1. Дождаться загрузки страницы
2. Проверить видимость элемента
3. Проверить, что текст элемента соответствует ожидаемому
","172","Проверка видимости и текста: term_label","tests.lk_tests.investment_tests.secondary_tests","2026-08-14","passed","2026-08-14","TestSecondaryPageVisible","test_elem_secondary","",""
"
Тест проверяет видимость и текст элементов страницы проекта.

Для каждого элемента:
1. Дождаться загрузки страницы
2. Проверить видимость элемента
3. Проверить, что текст элемента соответствует ожидаемому
","33","Проверка видимости и текста: apr_suffix","tests.lk_tests.project_tests","2026-08-14","passed","2026-08-14","TestElemProject","test_elem_project","",""
"
Тест проверяет количество элементов дашборда.

1.Дождаться загрузки страницы
2.Проверить количество элементов
3.Для progress-bar проверить что все имеют размеры
","11","Проверка количества: idea_card_images (ожидается 3)","tests.lk_tests.dashboard_tests","2026-08-14","passed","2026-08-14","TestDashboardPageVisible","test_elem_dashboard","",""
"
Тест проверяет видимость элементов страницы Withdraw (без проверки текста).

Для каждого элемента:
1. Дождаться загрузки страницы
2. Проверить видимость элемента по указанному индексу
","34","Проверка видимости: chat_bot","tests.lk_tests.deposit_withdraw_tests.withdraw_tests","2026-08-14","passed","2026-08-14","TestWithdrawPageVisible","test_elem_withdraw","",""
"
Тест проверяет количество карточек в каждой вкладке статусов.

1. Получить ожидаемое количество из счётчика на вкладке
2. Кликнуть по вкладке и дождаться загрузки карточек
3. Пройти по всем страницам и сравнить фактическое количество с ожидаемым
","30135","Проверка категории: tab-status-Raised","tests.lk_tests.investment_tests.primary_tests","2026-08-14","passed","2026-08-14","TestPrimaryFilter1","test_primary_market_filter1","",""
"
Тест проверяет видимость и текст элементов страницы Transactions.

Для каждого элемента:
1. Дождаться загрузки страницы
2. Проверить видимость элемента
3. Проверить, что текст элемента соответствует ожидаемому
","63","Проверка видимости и текста: money_out_desc","tests.lk_tests.transactions_tests","2026-08-14","passed","2026-08-14","TestTransactionsPageVisible","test_elem_transactions","",""
"
Тест проверяет видимость и текст элементов страницы Transactions.

Для каждого элемента:
1. Дождаться загрузки страницы
2. Проверить видимость элемента
3. Проверить, что текст элемента соответствует ожидаемому
","53","Проверка видимости и текста: subtitle","tests.lk_tests.transactions_tests","2026-08-14","passed","2026-08-14","TestTransactionsPageVisible","test_elem_transactions","",""
"
Тест проверяет видимость и текст элементов страницы Withdraw.

Для каждого элемента:
1. Дождаться загрузки страницы
2. Проверить видимость элемента
3. Проверить, что текст элемента соответствует ожидаемому
","55","Проверка видимости и текста: tab_withdraw","tests.lk_tests.deposit_withdraw_tests.withdraw_tests","2026-08-14","passed","2026-08-14","TestWithdrawPageVisible","test_elem_withdraw","",""
"
Тест проверяет видимость и текст элементов панели покупки.

Для каждого элемента:
1. Дождаться загрузки панели
2. Проверить видимость элемента
3. Проверить, что текст элемента соответствует ожидаемому
","48","Проверка видимости и текста: months_remaining","tests.lk_tests.investment_tests.secondary_tests","2026-08-14","passed","2026-08-14","TestBuyPanel","test_elem_secondary_buy","",""
"
Тест проверяет видимость и текст элементов страницы Withdraw.

Для каждого элемента:
1. Дождаться загрузки страницы
2. Проверить видимость элемента
3. Проверить, что текст элемента соответствует ожидаемому
","32","Проверка видимости и текста: step1_badge","tests.lk_tests.deposit_withdraw_tests.withdraw_tests","2026-08-14","passed","2026-08-14","TestWithdrawPageVisible","test_elem_withdraw","",""
"","4","Проверка видимости и текста: sort_filter","tests.lk_tests.portfolio_tests","2026-08-14","passed","2026-08-14","TestPortfolioCompletedPageVisible","test_elem_portfolio_completed","",""
"","29","Проверка видимости: chat_bot","tests.lk_tests.personal_settings_tests","2026-08-14","passed","2026-08-14","TestPersonalSettingsPageVisible","test_elem_personal_settings","",""
"
Тест проверяет количество элементов страницы проекта.

1. Дождаться загрузки страницы
2. Проверить количество элементов
","36","Проверка количества: Funded captions (ожидается 2)","tests.lk_tests.project_tests","2026-08-14","passed","2026-08-14","TestElemProject","test_elem_project","",""
"
Тест проверяет успешный запрос на вывод 100 EUR.

1. Выбрать пресет €100
2. Проскроллить до кнопки Request withdrawal
3. Нажать Request withdrawal
4. Проверить появление модального окна успеха
","2031","Проверка успешного запроса на вывод средств","tests.lk_tests.deposit_withdraw_tests.withdraw_tests","2026-08-14","passed","2026-08-14","TestWithdrawPageRegression","test_withdraw","",""
"","18","Проверка видимости и текста: header_subtitle","tests.lk_tests.refer_tests","2026-08-14","passed","2026-08-14","TestReferralsPageVisible","test_elem_refer","",""
"
Тест проверяет видимость элементов страницы проекта (без текстового содержимого).

Для каждого элемента:
1. Дождаться загрузки страницы
2. Проверить видимость элемента
","38","Проверка видимости: Input label","tests.lk_tests.project_tests","2026-08-14","passed","2026-08-14","TestElemProject","test_elem_project","",""
"
Тест проверяет видимость и текст элементов футера.

Для каждого элемента:
1.Дождаться загрузки футера
2.Проверить видимость элемента
3.Проверить, что текст элемента соответствует ожидаемому
","57","Проверка видимости и текста: agreements_item_faq","tests.footer_tests","2026-08-14","passed","2026-08-14","TestFooterVisible","test_elem_footer","",""
"","55","Проверка видимости и текста: tab_not_raised","tests.lk_tests.investment_tests.primary_tests","2026-08-14","passed","2026-08-14","TestPrimaryPageVisible","test_elem_primary","",""
"
Тест проверяет видимость и текст элементов страницы проекта.

Для каждого элемента:
1. Дождаться загрузки страницы
2. Проверить видимость элемента
3. Проверить, что текст элемента соответствует ожидаемому
","65","Проверка видимости и текста: min_investment_value","tests.lk_tests.project_tests","2026-08-14","passed","2026-08-14","TestElemProject","test_elem_project","",""
"
Тест проверяет количество элементов страницы проекта.

1. Дождаться загрузки страницы
2. Проверить количество элементов
","14","Проверка количества: Latest project titles (ожидается 4)","tests.lk_tests.project_tests","2026-08-14","passed","2026-08-14","TestElemProject","test_elem_project","",""
"","124","Проверка видимости и текста: stat_active_capital","tests.lk_tests.portfolio_tests","2026-08-14","passed","2026-08-14","TestPortfolioPageVisible","test_elem_portfolio_active","",""
"
Тест проверяет видимость и текст элементов страницы Rewards.

Для каждого элемента:
1. Дождаться загрузки страницы
2. Проверить видимость элемента
3. Проверить, что текст элемента соответствует ожидаемому
","46","Проверка видимости и текста: compare_platinum","tests.lk_tests.rewards_tests","2026-08-14","passed","2026-08-14","TestRewardsPageVisible","test_elem_rewards","",""
"","8","Проверка видимости и текста: password_strength_bar_label","tests.auth_tests.reg_page_tests","2026-08-14","passed","2026-08-14","TestRegistrationPageVisible","test_elem_registration_page","",""
"","60","Проверка видимости и текста: last_name","tests.lk_tests.personal_settings_tests","2026-08-14","passed","2026-08-14","TestPersonalSettingsPageVisible","test_elem_personal_settings","",""
"","3","Проверка видимости и текста: password_strength_bar_label","tests.auth_tests.reg_page_tests","2026-08-14","passed","2026-08-14","TestRegistrationPageVisible","test_elem_registration_page","",""
"","61","Проверка видимости и текста: notifications_subtitle","tests.lk_tests.personal_settings_tests","2026-08-14","passed","2026-08-14","TestPersonalSettingsPageVisible","test_elem_personal_settings","",""
"
Тест проверяет видимость и текст элементов страницы Withdraw.

Для каждого элемента:
1. Дождаться загрузки страницы
2. Проверить видимость элемента
3. Проверить, что текст элемента соответствует ожидаемому
","49","Проверка видимости и текста: preset_200","tests.lk_tests.deposit_withdraw_tests.withdraw_tests","2026-08-14","passed","2026-08-14","TestWithdrawPageVisible","test_elem_withdraw","",""
"
Тест проверяет переход на страницу Rewards при клике на Start the guide → .

1. Кликнуть на кнопку Start the guide →
2. Проверить переход на /en/rewards
","0","Проверка перехода по кнопке Start the guide → ","tests.lk_tests.investment_tests.secondary_tests","2026-08-14","skipped","2026-08-14","TestSecondaryMarket","test_secondary_market","",""
"","59","Проверка видимости и текста: notifications_title","tests.lk_tests.personal_settings_tests","2026-08-14","passed","2026-08-14","TestPersonalSettingsPageVisible","test_elem_personal_settings","",""
"","14","Проверка количества: stat_values (ожидается 4)","tests.lk_tests.portfolio_tests","2026-08-14","passed","2026-08-14","TestPortfolioPageVisible","test_elem_portfolio_active","",""
"
Тест проверяет видимость и текст элементов страницы Withdraw.

Для каждого элемента:
1. Дождаться загрузки страницы
2. Проверить видимость элемента
3. Проверить, что текст элемента соответствует ожидаемому
","45","Проверка видимости и текста: preset_100","tests.lk_tests.deposit_withdraw_tests.withdraw_tests","2026-08-14","passed","2026-08-14","TestWithdrawPageVisible","test_elem_withdraw","",""
"
Тест проверяет видимость элементов на странице логина (без текстового содержимого).

Для каждого элемента:
1.Дождаться загрузки страницы
2.Проверить видимость элемента
","44","Проверка видимости: password_toggle","tests.auth_tests.login_page_tests","2026-08-14","passed","2026-08-14","TestLoginPageVisible","test_login_page","",""
"
Тест проверяет видимость и текст элементов страницы Deposit.

Для каждого элемента:
1. Дождаться загрузки страницы
2. Проверить видимость элемента
3. Проверить, что текст элемента соответствует ожидаемому
","52","Проверка видимости и текста: view_transactions","tests.lk_tests.deposit_withdraw_tests.deposit_tests","2026-08-14","passed","2026-08-14","TestDepositPageVisible","test_elem_deposit","",""
"
Тест проверяет видимость элементов страницы Transactions (без проверки текста).

Для каждого элемента:
1. Дождаться загрузки страницы
2. Проверить видимость элемента
","25","Проверка видимости: net_change_value","tests.lk_tests.transactions_tests","2026-08-14","passed","2026-08-14","TestTransactionsPageVisible","test_elem_transactions","",""
"
Тест проверяет видимость элементов хедера (без текстового содержимого).

Для каждого элемента:
1.Дождаться загрузки хедера
2.Проверить видимость элемента
","67","Проверка видимости: notification_bell","tests.header_tests","2026-08-14","passed","2026-08-14","TestHeaderVisible","test_elem_header","",""
"","62","Проверка видимости и текста: citizenship","tests.lk_tests.personal_settings_tests","2026-08-14","passed","2026-08-14","TestPersonalSettingsPageVisible","test_elem_personal_settings","",""
"
Тест проверяет видимость и текст элементов вкладки Tax страницы Transactions.

Для каждого элемента:
1. Дождаться загрузки страницы
2. Проверить видимость элемента
3. Проверить, что текст элемента соответствует ожидаемому
","133","Проверка видимости и текста: featured_title","tests.lk_tests.transactions_tests","2026-08-14","passed","2026-08-14","TestTransactionsTaxPageVisible","test_elem_transactions_tax","",""
"
Тест проверяет видимость и текст элементов вкладки Tax страницы Transactions.

Для каждого элемента:
1. Дождаться загрузки страницы
2. Проверить видимость элемента
3. Проверить, что текст элемента соответствует ожидаемому
","450","Проверка видимости и текста: report_period_label","tests.lk_tests.transactions_tests","2026-08-14","passed","2026-08-14","TestTransactionsTaxPageVisible","test_elem_transactions_tax","",""
"
Тест проверяет видимость и текст элементов дашборда.

Для каждого элемента:
1. Дождаться загрузки страницы
2. Проверить видимость элемента
3. Проверить, что текст элемента соответствует ожидаемому
","39","Проверка видимости и текста: banner_desc","tests.lk_tests.dashboard_tests","2026-08-14","passed","2026-08-14","TestDashboardPageVisible","test_elem_dashboard","",""
"
Тест проверяет видимость и текст элементов сайдбара.

Для каждого элемента:
1.Дождаться загрузки сайдбара
2.Проверить видимость элемента
3.Проверить, что текст элемента соответствует ожидаемому
","45","Проверка видимости и текста: portfolio","tests.sidebar_tests","2026-08-14","passed","2026-08-14","TestSidebarVisible","test_elem_sidebar","",""
"
Тест проверяет видимость элементов сайдбара (контейнеры и значения).

Для каждого элемента:
1.Дождаться загрузки сайдбара
2.Проверить видимость элемента
","40","Проверка видимости: Значение баланса","tests.sidebar_tests","2026-08-14","passed","2026-08-14","TestSidebarVisible","test_elem_sidebar","",""
"
Тест проверяет, что при вводе неверных данных авторизация не проходит и появляется сообщение об ошибке.

Для каждого варианта невалидных данных:
1.Открыть страницу логина
2.Заполнить форму невалидными данными
3.Нажать кнопку логина
4.Проверить появление сообщения об ошибке
","3536","Проверка авторизации с невалидными данными: Без Email","tests.auth_tests.login_page_tests","2026-08-14","passed","2026-08-14","TestAuthorization","test_authorization","",""
"","58","Проверка видимости и текста: steps_link","tests.lk_tests.refer_tests","2026-08-14","passed","2026-08-14","TestReferralsPageVisible","test_elem_refer","",""
"
Тест проверяет видимость и текст элементов страницы Deposit.

Для каждого элемента:
1. Дождаться загрузки страницы
2. Проверить видимость элемента
3. Проверить, что текст элемента соответствует ожидаемому
","60","Проверка видимости и текста: iban","tests.lk_tests.deposit_withdraw_tests.deposit_tests","2026-08-14","passed","2026-08-14","TestDepositPageVisible","test_elem_deposit","",""
"","131","Проверка видимости и текста: tab_coming_soon","tests.lk_tests.investment_tests.primary_tests","2026-08-14","passed","2026-08-14","TestPrimaryPageVisible","test_elem_primary","",""
"
Тест проверяет видимость и текст элементов на странице логина.

Для каждого элемента:
1.Дождаться загрузки страницы
2.Проверить видимость элемента
3.Проверить, что текст элемента соответствует ожидаемому
","30","Проверка видимости и текста: locale_code","tests.auth_tests.login_page_tests","2026-08-14","passed","2026-08-14","TestLoginPageVisible","test_login_page","",""
"","120","Проверка видимости и текста: banner_badge","tests.lk_tests.investment_tests.primary_tests","2026-08-14","passed","2026-08-14","TestPrimaryPageVisible","test_elem_primary","",""
"","76","Проверка видимости и текста: share_note","tests.lk_tests.refer_tests","2026-08-14","passed","2026-08-14","TestReferralsPageVisible","test_elem_refer","",""
"
Тест проверяет видимость элементов вкладки Tax страницы Transactions (без проверки текста).

Для каждого элемента:
1. Дождаться загрузки страницы
2. Проверить видимость элемента
","89","Проверка видимости: chat_bot","tests.lk_tests.transactions_tests","2026-08-14","passed","2026-08-14","TestTransactionsTaxPageVisible","test_elem_transactions_tax","",""
"","40","Проверка видимости и текста: status_filter","tests.lk_tests.portfolio_tests","2026-08-14","passed","2026-08-14","TestPortfolioCompletedPageVisible","test_elem_portfolio_completed","",""
"","76","Проверка видимости и текста: notif_project","tests.lk_tests.personal_settings_tests","2026-08-14","passed","2026-08-14","TestPersonalSettingsPageVisible","test_elem_personal_settings","",""
"
Тест проверяет переключение языка через дропдаун в хедере.

Для каждой локали:
1.Открыть дропдаун
2.Проверить наличие локали в списке
3.Скроллить до локали
4.Проверить видимость локали
5.Кликнуть по локали
6.Проверить, что URL содержит код языка
","1037","Проверка переключения языка: Português","tests.header_tests","2026-08-14","passed","2026-08-14","TestHeader","test_header","",""
"","42","Проверка видимости: header_capital","tests.lk_tests.portfolio_tests","2026-08-14","passed","2026-08-14","TestPortfolioCompletedPageVisible","test_elem_portfolio_completed","",""
"","43","Проверка видимости: negative_badge","tests.lk_tests.personal_settings_tests","2026-08-14","passed","2026-08-14","TestPersonalSettingsPageVisible","test_elem_personal_settings","",""
"
Тест проверяет видимость элементов на странице восстановления пароля (без текстового содержимого).

Для каждого элемента:
1.Дождаться загрузки страницы
2.Проверить видимость элемента
","77","Проверка видимости: input_email","tests.auth_tests.forgot_page_tests","2026-08-14","passed","2026-08-14","TestForgotPasswordPageVisible","test_elem_forgot_page","",""
"
Тест проверяет видимость элементов страницы Rewards (без проверки текста).

Для каждого элемента:
1. Дождаться загрузки страницы
2. Проверить видимость элемента
","34","Проверка видимости: banner_current_name","tests.lk_tests.rewards_tests","2026-08-14","passed","2026-08-14","TestRewardsPageVisible","test_elem_rewards","",""
"
Тест проверяет переключение языка через дропдаун в хедере.

Для каждой локали:
1.Открыть дропдаун
2.Проверить наличие локали в списке
3.Скроллить до локали
4.Проверить видимость локали
5.Кликнуть по локали
6.Проверить, что URL содержит код языка
","417","Проверка переключения языка: Français","tests.header_tests","2026-08-14","passed","2026-08-14","TestHeader","test_header","",""
"
Тест проверяет видимость и текст элементов страницы Deposit.

Для каждого элемента:
1. Дождаться загрузки страницы
2. Проверить видимость элемента
3. Проверить, что текст элемента соответствует ожидаемому
","27","Проверка видимости и текста: deposit_memo","tests.lk_tests.deposit_withdraw_tests.deposit_tests","2026-08-14","passed","2026-08-14","TestDepositPageVisible","test_elem_deposit","",""
"
Тест проверяет видимость и текст элементов дашборда.

Для каждого элемента:
1. Дождаться загрузки страницы
2. Проверить видимость элемента
3. Проверить, что текст элемента соответствует ожидаемому
","108","Проверка видимости и текста: loyalty_tier_pill","tests.lk_tests.dashboard_tests","2026-08-14","passed","2026-08-14","TestDashboardPageVisible","test_elem_dashboard","",""
"
Тест проверяет видимость и текст элементов страницы проекта.

Для каждого элемента:
1. Дождаться загрузки страницы
2. Проверить видимость элемента
3. Проверить, что текст элемента соответствует ожидаемому
","44","Проверка видимости и текста: apr_suffix","tests.lk_tests.project_tests","2026-08-14","passed","2026-08-14","TestElemProject","test_elem_project","",""
"
Тест проверяет видимость элементов дашборда (без текстового содержимого).

Для каждого элемента:
1.Дождаться загрузки страницы
2.Проверить видимость элемента
","124","Проверка видимости: stories","tests.lk_tests.dashboard_tests","2026-08-14","passed","2026-08-14","TestDashboardPageVisible","test_elem_dashboard","",""
"
Тест проверяет видимость и текст элементов на странице Secondary Market.

Для каждого элемента:
1. Дождаться загрузки страницы
2. Проверить видимость элемента
3. Проверить, что текст элемента соответствует ожидаемому
","50","Проверка видимости и текста: project","tests.lk_tests.investment_tests.secondary_tests","2026-08-14","passed","2026-08-14","TestSecondaryPageVisible","test_elem_secondary","",""
"
Тест проверяет переход на страницу Transactions по кнопкам.

1. Проскроллить до элемента
2. Нажать
3. Проверить URL
","710","Проверка перехода на страницу Transactions","tests.lk_tests.deposit_withdraw_tests.withdraw_tests","2026-08-14","passed","2026-08-14","TestWithdrawPage","test_withdraw","",""
"
Тест проверяет переключение языка через дропдаун в хедере.

Для каждой локали:
1.Открыть дропдаун
2.Проверить наличие локали в списке
3.Скроллить до локали
4.Проверить видимость локали
5.Кликнуть по локали
6.Проверить, что URL содержит код языка
","1103","Проверка переключения языка: English","tests.header_tests","2026-08-14","passed","2026-08-14","TestHeader","test_header","",""
"
Тест проверяет переход на страницу Transactions при клике на кнопку.

1. Кликнуть на кнопку
2. Проверить переход на /en/transactions
","206","Проверка перехода на страницу Transactions по кнопке All →","tests.lk_tests.deposit_withdraw_tests.deposit_tests","2026-08-14","passed","2026-08-14","TestDepositPage","test_deposit","",""
"","8","Проверка количества: password_toggles (ожидается 2)","tests.auth_tests.reg_page_tests","2026-08-14","passed","2026-08-14","TestRegistrationPageVisible","test_elem_registration_page","",""
"
Тест проверяет видимость и текст элементов страницы проекта.

Для каждого элемента:
1. Дождаться загрузки страницы
2. Проверить видимость элемента
3. Проверить, что текст элемента соответствует ожидаемому
","542","Проверка видимости и текста: apr_suffix","tests.lk_tests.project_tests","2026-08-14","passed","2026-08-14","TestElemProject","test_elem_project","",""
"
Тест проверяет переключение языка через дропдаун в хедере.

Для каждой локали:
1.Открыть дропдаун
2.Проверить наличие локали в списке
3.Скроллить до локали
4.Проверить видимость локали
5.Кликнуть по локали
6.Проверить, что URL содержит код языка
","183","Проверка переключения языка: Português","tests.header_tests","2026-08-14","passed","2026-08-14","TestHeader","test_header","",""
"
Тест проверяет переключение количества карточек на странице.

1. Переключить селект на {per_page} per page
2. Дождаться обновления
3. Проверить, что на странице {expected_count} карточек
","4015","Проверка переключения количества карточек на странице: 18","tests.lk_tests.investment_tests.primary_tests","2026-08-14","passed","2026-08-14","TestPrimaryMarket","test_primary_market","",""
"
Тест проверяет, что при вводе суммы ниже 50 она автоматически меняется на 50.

1. Ввести 20 в поле инвестиции
2. Нажать чекбокс соглашения (убрать фокус с поля)
3. Проверить, что в поле сумма 50
","648","Проверка автоисправления суммы ниже минимума","tests.lk_tests.project_tests","2026-08-14","passed","2026-08-14","TestInvestProjectPageFalse","test_project_page","",""
"
Тест проверяет видимость и текст элементов дашборда.

Для каждого элемента:
1. Дождаться загрузки страницы
2. Проверить видимость элемента
3. Проверить, что текст элемента соответствует ожидаемому
","66","Проверка видимости и текста: active_investments","tests.lk_tests.dashboard_tests","2026-08-14","passed","2026-08-14","TestDashboardPageVisible","test_elem_dashboard","",""
"
Тест проверяет видимость и текст элементов страницы Rewards.

Для каждого элемента:
1. Дождаться загрузки страницы
2. Проверить видимость элемента
3. Проверить, что текст элемента соответствует ожидаемому
","61","Проверка видимости и текста: hcell_status","tests.lk_tests.rewards_tests","2026-08-14","passed","2026-08-14","TestRewardsPageVisible","test_elem_rewards","",""
"","45","Проверка видимости: input_password_input","tests.auth_tests.reg_page_tests","2026-08-14","passed","2026-08-14","TestRegistrationPageVisible","test_elem_registration_page","",""
"
Тест проверяет количество элементов дашборда.

1.Дождаться загрузки страницы
2.Проверить количество элементов
3.Для progress-bar проверить что все имеют размеры
","12","Проверка количества: idea_card_progress (ожидается 3)","tests.lk_tests.dashboard_tests","2026-08-14","passed","2026-08-14","TestDashboardPageVisible","test_elem_dashboard","",""
"
Тест проверяет видимость и текст элементов дашборда.

Для каждого элемента:
1. Дождаться загрузки страницы
2. Проверить видимость элемента
3. Проверить, что текст элемента соответствует ожидаемому
","130","Проверка видимости и текста: banner_desc","tests.lk_tests.dashboard_tests","2026-08-14","passed","2026-08-14","TestDashboardPageVisible","test_elem_dashboard","",""
"
Тест проверяет видимость и текст элементов на странице Secondary Market.

Для каждого элемента:
1. Дождаться загрузки страницы
2. Проверить видимость элемента
3. Проверить, что текст элемента соответствует ожидаемому
","50","Проверка видимости и текста: banner_desc","tests.lk_tests.investment_tests.secondary_tests","2026-08-14","passed","2026-08-14","TestSecondaryPageVisible","test_elem_secondary","",""
"
Тест проверяет фильтр Hide My Sales на Secondary Market.

1. Нажать кнопку Hide My Sales
2. Проверить, что на всех карточках кнопка Buy
3. Сравнить количество карточек с заголовком
","8055","Проверка фильтра Hide My Sales","tests.lk_tests.investment_tests.secondary_tests","2026-08-14","passed","2026-08-14","TestSecondaryMarketFilter","test_secondary_market_filter","",""
"
Тест проверяет количество элементов страницы проекта.

1. Дождаться загрузки страницы
2. Проверить количество элементов
","23","Проверка количества: Latest project locations (ожидается 4)","tests.lk_tests.project_tests","2026-08-14","passed","2026-08-14","TestElemProject","test_elem_project","",""
"
Тест проверяет видимость и текст элементов модального окна Schedule.

Для каждого элемента:
1. Дождаться загрузки модального окна
2. Проверить видимость элемента
3. Проверить, что текст элемента соответствует ожидаемому
","133","Проверка видимости и текста: interest","tests.lk_tests.portfolio_tests","2026-08-14","passed","2026-08-14","TestPortfolioSchedule","test_elem_portfolio_schedule","",""
"","35","Проверка видимости и текста: status_filter","tests.lk_tests.portfolio_tests","2026-08-14","passed","2026-08-14","TestPortfolioPageVisible","test_elem_portfolio_active","",""
"","55","Проверка видимости и текста: step1_badge","tests.lk_tests.refer_tests","2026-08-14","passed","2026-08-14","TestReferralsPageVisible","test_elem_refer","",""
"
Тест проверяет переход на страницу проекта при клике на Invest now.

1. Кликнуть на первую кнопку Invest now
2. Проверить, что URL содержит investment-projects/project
","165","Проверка перехода по кнопке Invest now на страницу проекта","tests.lk_tests.dashboard_tests","2026-08-14","passed","2026-08-14","TestDashboard","test_dashboard","",""
"
Тест проверяет видимость и текст элементов страницы Withdraw.

Для каждого элемента:
1. Дождаться загрузки страницы
2. Проверить видимость элемента
3. Проверить, что текст элемента соответствует ожидаемому
","144","Проверка видимости и текста: deposit_title","tests.lk_tests.deposit_withdraw_tests.withdraw_tests","2026-08-14","passed","2026-08-14","TestWithdrawPageVisible","test_elem_withdraw","",""
"","114","Проверка видимости и текста: notif_project","tests.lk_tests.personal_settings_tests","2026-08-14","passed","2026-08-14","TestPersonalSettingsPageVisible","test_elem_personal_settings","",""
"","75","Проверка видимости и текста: share_label","tests.lk_tests.refer_tests","2026-08-14","passed","2026-08-14","TestReferralsPageVisible","test_elem_refer","",""
"","18","Проверка количества: two_factor_radios (ожидается 2)","tests.lk_tests.personal_settings_tests","2026-08-14","passed","2026-08-14","TestPersonalSettingsPageVisible","test_elem_personal_settings","",""
"
Тест проверяет количество элементов страницы Rewards.

Для каждого элемента:
1. Дождаться загрузки страницы
2. Проверить, что количество элементов соответствует ожидаемому
","11","Проверка количества: compare_cell_here (ожидается 5)","tests.lk_tests.rewards_tests","2026-08-14","passed","2026-08-14","TestRewardsPageVisible","test_elem_rewards","",""
"","69","Проверка видимости и текста: hero_chip_both","tests.lk_tests.refer_tests","2026-08-14","passed","2026-08-14","TestReferralsPageVisible","test_elem_refer","",""
"
Тест проверяет видимость и текст элементов сайдбара.

Для каждого элемента:
1.Дождаться загрузки сайдбара
2.Проверить видимость элемента
3.Проверить, что текст элемента соответствует ожидаемому
","47","Проверка видимости и текста: refer","tests.sidebar_tests","2026-08-14","passed","2026-08-14","TestSidebarVisible","test_elem_sidebar","",""
"
Тест проверяет видимость и текст элементов страницы Deposit.

Для каждого элемента:
1. Дождаться загрузки страницы
2. Проверить видимость элемента
3. Проверить, что текст элемента соответствует ожидаемому
","63","Проверка видимости и текста: step1_badge","tests.lk_tests.deposit_withdraw_tests.deposit_tests","2026-08-14","passed","2026-08-14","TestDepositPageVisible","test_elem_deposit","",""
"
Тест проверяет видимость и текст элементов страницы проекта.

Для каждого элемента:
1. Дождаться загрузки страницы
2. Проверить видимость элемента
3. Проверить, что текст элемента соответствует ожидаемому
","37","Проверка видимости и текста: no_max_cap_caption","tests.lk_tests.project_tests","2026-08-14","passed","2026-08-14","TestElemProject","test_elem_project","",""
"","34","Проверка видимости и текста: pill_autoinvest","tests.lk_tests.investment_tests.primary_tests","2026-08-14","passed","2026-08-14","TestPrimaryPageVisible","test_elem_primary","",""
"
Тест проверяет фильтр ""Hide invested"".

1. Дождаться загрузки карточек
2. Включить фильтр Hide invested
3. Пройти по всем страницам и убедиться, что нет кнопок ""Add more""
4. Проверить, что количество карточек совпадает с заголовком
","22734","Проверка фильтра Hide invested","tests.lk_tests.investment_tests.primary_tests","2026-08-14","passed","2026-08-14","TestPrimaryFilter1","test_primary_market_filter1","",""
"
Тест проверяет видимость и количество элементов страницы Deposit.

Для каждого элемента:
1. Дождаться загрузки страницы
2. Проверить видимость элемента
3. Проверить, что количество элементов соответствует ожидаемому
","69","Проверка видимости и количества: deposit_balance_amount (ожидается 1)","tests.lk_tests.deposit_withdraw_tests.deposit_tests","2026-08-14","passed","2026-08-14","TestDepositPageVisible","test_elem_deposit","",""
"","65","Проверка видимости и текста: step3_title","tests.lk_tests.refer_tests","2026-08-14","passed","2026-08-14","TestReferralsPageVisible","test_elem_refer","",""
"","31","Проверка видимости: input_password_input","tests.auth_tests.reg_page_tests","2026-08-14","passed","2026-08-14","TestRegistrationPageVisible","test_elem_registration_page","",""
"
Тест проверяет видимость и текст элементов на странице восстановления пароля.

Для каждого элемента:
1.Дождаться загрузки страницы
2.Проверить видимость элемента
3.Проверить, что текст элемента соответствует ожидаемому
","62","Проверка видимости и текста: page_subtitle","tests.auth_tests.forgot_page_tests","2026-08-14","passed","2026-08-14","TestForgotPasswordPageVisible","test_elem_forgot_page","",""
"
Тест проверяет видимость и текст элементов страницы Deposit.

Для каждого элемента:
1. Дождаться загрузки страницы
2. Проверить видимость элемента
3. Проверить, что текст элемента соответствует ожидаемому
","80","Проверка видимости и текста: view_transactions","tests.lk_tests.deposit_withdraw_tests.deposit_tests","2026-08-14","passed","2026-08-14","TestDepositPageVisible","test_elem_deposit","",""
"","53","Проверка видимости и текста: contact_support","tests.lk_tests.personal_settings_tests","2026-08-14","passed","2026-08-14","TestPersonalSettingsPageVisible","test_elem_personal_settings","",""
"
Тест проверяет видимость и текст элементов на странице Secondary Market.

Для каждого элемента:
1. Дождаться загрузки страницы
2. Проверить видимость элемента
3. Проверить, что текст элемента соответствует ожидаемому
","130","Проверка видимости и текста: hide_own","tests.lk_tests.investment_tests.secondary_tests","2026-08-14","passed","2026-08-14","TestSecondaryPageVisible","test_elem_secondary","",""
"","63","Проверка видимости и текста: two_factor_subtitle","tests.lk_tests.personal_settings_tests","2026-08-14","passed","2026-08-14","TestPersonalSettingsPageVisible","test_elem_personal_settings","",""
"
Тест проверяет видимость и текст элементов на странице Secondary Market.

Для каждого элемента:
1. Дождаться загрузки страницы
2. Проверить видимость элемента
3. Проверить, что текст элемента соответствует ожидаемому
","83","Проверка видимости и текста: banner_badge","tests.lk_tests.investment_tests.secondary_tests","2026-08-14","passed","2026-08-14","TestSecondaryPageVisible","test_elem_secondary","",""
"
Тест проверяет видимость и текст элементов страницы проекта.

Для каждого элемента:
1. Дождаться загрузки страницы
2. Проверить видимость элемента
3. Проверить, что текст элемента соответствует ожидаемому
","79","Проверка видимости и текста: quick_1000","tests.lk_tests.project_tests","2026-08-14","passed","2026-08-14","TestElemProject","test_elem_project","",""
"
Тест проверяет видимость и текст элементов страницы Transactions.

Для каждого элемента:
1. Дождаться загрузки страницы
2. Проверить видимость элемента
3. Проверить, что текст элемента соответствует ожидаемому
","56","Проверка видимости и текста: net_change_desc","tests.lk_tests.transactions_tests","2026-08-14","passed","2026-08-14","TestTransactionsPageVisible","test_elem_transactions","",""
"
Тест проверяет видимость элементов сайдбара (контейнеры и значения).

Для каждого элемента:
1.Дождаться загрузки сайдбара
2.Проверить видимость элемента
","25","Проверка видимости: Значение баланса","tests.sidebar_tests","2026-08-14","passed","2026-08-14","TestSidebarVisible","test_elem_sidebar","",""
"
Тест проверяет переход на страницу Rewards при клике на Start the guide → .

1. Кликнуть на кнопку Start the guide →
2. Проверить переход на /en/rewards
","0","Проверка перехода по кнопке Start the guide → ","tests.lk_tests.investment_tests.secondary_tests","2026-08-14","skipped","2026-08-14","TestSecondaryMarket","test_secondary_market","",""
"
Тест проверяет количество карточек в каждой вкладке статусов.

1. Получить ожидаемое количество из счётчика на вкладке
2. Кликнуть по вкладке и дождаться загрузки карточек
3. Пройти по всем страницам и сравнить фактическое количество с ожидаемым
","24468","Проверка категории: tab-status-Repaid","tests.lk_tests.investment_tests.primary_tests","2026-08-14","passed","2026-08-14","TestPrimaryFilter1","test_primary_market_filter1","",""
"","544","Проверка видимости и текста: th_details","tests.lk_tests.portfolio_tests","2026-08-14","passed","2026-08-14","TestPortfolioPageVisible","test_elem_portfolio_active","",""
"
Тест проверяет количество элементов дашборда.

1.Дождаться загрузки страницы
2.Проверить количество элементов
3.Для progress-bar проверить что все имеют размеры
","11","Проверка количества: tier_names (ожидается 4)","tests.lk_tests.dashboard_tests","2026-08-14","passed","2026-08-14","TestDashboardPageVisible","test_elem_dashboard","",""
"
Тест проверяет видимость и текст элементов дашборда.

Для каждого элемента:
1. Дождаться загрузки страницы
2. Проверить видимость элемента
3. Проверить, что текст элемента соответствует ожидаемому
","66","Проверка видимости и текста: growth_legend_whatif","tests.lk_tests.dashboard_tests","2026-08-14","passed","2026-08-14","TestDashboardPageVisible","test_elem_dashboard","",""
"
Тест проверяет видимость элементов страницы Transactions (без проверки текста).

Для каждого элемента:
1. Дождаться загрузки страницы
2. Проверить видимость элемента
","47","Проверка видимости: interest_value","tests.lk_tests.transactions_tests","2026-08-14","passed","2026-08-14","TestTransactionsPageVisible","test_elem_transactions","",""
"
Тест проверяет переход на страницу проекта при клике на случайную карточку.

1. Получить список видимых карточек
2. Выбрать случайную
3. Запомнить название проекта
4. Кликнуть по карточке
5. Проверить переход на страницу проекта
6. Проверить, что заголовок проекта совпадает
","1653","Проверка перехода на страницу проекта по клику на карточку на Secondary Market","tests.lk_tests.investment_tests.secondary_tests","2026-08-14","passed","2026-08-14","TestSecondaryMarket","test_secondary_market","",""
"
Тест проверяет видимость элементов на странице Secondary Market (без текстового содержимого).

Для каждого элемента:
1. Дождаться загрузки страницы
2. Проверить видимость элемента
","63","Проверка видимости: per_page_label","tests.lk_tests.investment_tests.secondary_tests","2026-08-14","passed","2026-08-14","TestSecondaryPageVisible","test_elem_secondary","",""
"
Тест проверяет видимость элементов на странице логина (без текстового содержимого).

Для каждого элемента:
1.Дождаться загрузки страницы
2.Проверить видимость элемента
","23","Проверка видимости: input_password","tests.auth_tests.login_page_tests","2026-08-14","passed","2026-08-14","TestLoginPageVisible","test_login_page","",""
"
Тест проверяет переключение языка через дропдаун в хедере.

Для каждой локали:
1.Открыть дропдаун
2.Проверить наличие локали в списке
3.Скроллить до локали
4.Проверить видимость локали
5.Кликнуть по локали
6.Проверить, что URL содержит код языка
","578","Проверка переключения языка: Deutsch","tests.header_tests","2026-08-14","passed","2026-08-14","TestHeader","test_header","",""
"","63","Проверка видимости и текста: password_strength_title","tests.auth_tests.reg_page_tests","2026-08-14","passed","2026-08-14","TestRegistrationPageVisible","test_elem_registration_page","",""
"
Тест проверяет видимость и количество элементов страницы Deposit.

Для каждого элемента:
1. Дождаться загрузки страницы
2. Проверить видимость элемента
3. Проверить, что количество элементов соответствует ожидаемому
","43","Проверка видимости и количества: deposit_balance_amount (ожидается 1)","tests.lk_tests.deposit_withdraw_tests.deposit_tests","2026-08-14","passed","2026-08-14","TestDepositPageVisible","test_elem_deposit","",""
"","5","Проверка видимости и текста: table_title","tests.lk_tests.refer_tests","2026-08-14","passed","2026-08-14","TestReferralsPageVisible","test_elem_refer","",""
"
Тест проверяет количество элементов страницы проекта.

1. Дождаться загрузки страницы
2. Проверить количество элементов
","20","Проверка количества: Latest project funded (ожидается 4)","tests.lk_tests.project_tests","2026-08-14","passed","2026-08-14","TestElemProject","test_elem_project","",""
"
Тест проверяет видимость и текст элементов сайдбара.

Для каждого элемента:
1.Дождаться загрузки сайдбара
2.Проверить видимость элемента
3.Проверить, что текст элемента соответствует ожидаемому
","43","Проверка видимости и текста: rewards","tests.sidebar_tests","2026-08-14","passed","2026-08-14","TestSidebarVisible","test_elem_sidebar","",""
"","16","Проверка видимости и текста: hero_title","tests.lk_tests.refer_tests","2026-08-14","passed","2026-08-14","TestReferralsPageVisible","test_elem_refer","",""
"
Тест проверяет видимость и количество элементов страницы Deposit.

Для каждого элемента:
1. Дождаться загрузки страницы
2. Проверить видимость элемента
3. Проверить, что количество элементов соответствует ожидаемому
","72","Проверка видимости и количества: chat_bot (ожидается 1)","tests.lk_tests.deposit_withdraw_tests.deposit_tests","2026-08-14","passed","2026-08-14","TestDepositPageVisible","test_elem_deposit","",""
"
Тест проверяет видимость и текст элементов футера.

Для каждого элемента:
1.Дождаться загрузки футера
2.Проверить видимость элемента
3.Проверить, что текст элемента соответствует ожидаемому
","47","Проверка видимости и текста: follow_us_title","tests.footer_tests","2026-08-14","passed","2026-08-14","TestFooterVisible","test_elem_footer","",""
"
Тест проверяет видимость элементов дашборда (без текстового содержимого).

Для каждого элемента:
1.Дождаться загрузки страницы
2.Проверить видимость элемента
","29","Проверка видимости: banner_content","tests.lk_tests.dashboard_tests","2026-08-14","passed","2026-08-14","TestDashboardPageVisible","test_elem_dashboard","",""
"
Тест проверяет отправку кода восстановления пароля.

1.Открыть страницу forgot-password
2.Ввести email
3.Нажать Send code
4.Проверить переход на страницу ввода кода
","952","Проверка отправки кода восстановления пароля, для пользователя с существующим email","tests.auth_tests.forgot_page_tests","2026-08-14","passed","2026-08-14","TestForgotPasswordTrue","test_forgot_password","",""
"","53","Проверка видимости и текста: tab_all","tests.lk_tests.investment_tests.primary_tests","2026-08-14","passed","2026-08-14","TestPrimaryPageVisible","test_elem_primary","",""
"","43","Проверка видимости: header_active_count","tests.lk_tests.portfolio_tests","2026-08-14","passed","2026-08-14","TestPortfolioPageVisible","test_elem_portfolio_active","",""
"
Тест проверяет видимость и текст элементов на странице Secondary Market.

Для каждого элемента:
1. Дождаться загрузки страницы
2. Проверить видимость элемента
3. Проверить, что текст элемента соответствует ожидаемому
","137","Проверка видимости и текста: banner_title","tests.lk_tests.investment_tests.secondary_tests","2026-08-14","passed","2026-08-14","TestSecondaryPageVisible","test_elem_secondary","",""
"
Тест проверяет видимость и текст элементов страницы Rewards.

Для каждого элемента:
1. Дождаться загрузки страницы
2. Проверить видимость элемента
3. Проверить, что текст элемента соответствует ожидаемому
","47","Проверка видимости и текста: hcell_amount","tests.lk_tests.rewards_tests","2026-08-14","passed","2026-08-14","TestRewardsPageVisible","test_elem_rewards","",""
"
Тест проверяет видимость и текст элементов страницы Deposit.

Для каждого элемента:
1. Дождаться загрузки страницы
2. Проверить видимость элемента
3. Проверить, что текст элемента соответствует ожидаемому
","50","Проверка видимости и текста: available_label","tests.lk_tests.deposit_withdraw_tests.deposit_tests","2026-08-14","passed","2026-08-14","TestDepositPageVisible","test_elem_deposit","",""
"
Тест проверяет видимость и текст элементов на странице восстановления пароля.

Для каждого элемента:
1.Дождаться загрузки страницы
2.Проверить видимость элемента
3.Проверить, что текст элемента соответствует ожидаемому
","119","Проверка видимости и текста: page_subtitle","tests.auth_tests.forgot_page_tests","2026-08-14","passed","2026-08-14","TestForgotPasswordPageVisible","test_elem_forgot_page","",""
"
Тест проверяет навигацию по элементам сайдбара.

Для каждого элемента:
1.Кликнуть по элементу
2.Дождаться перехода по URL
3.Проверить, что URL заканчивается на ожидаемый путь
","2419","Проверка навигации: investor_avatar","tests.sidebar_tests","2026-08-14","passed","2026-08-14","TestSidebarNav","test_sidebar_nav","",""
"
Тест проверяет видимость и текст элементов страницы Deposit.

Для каждого элемента:
1. Дождаться загрузки страницы
2. Проверить видимость элемента
3. Проверить, что текст элемента соответствует ожидаемому
","110","Проверка видимости и текста: address","tests.lk_tests.deposit_withdraw_tests.deposit_tests","2026-08-14","passed","2026-08-14","TestDepositPageVisible","test_elem_deposit","",""
"","66","Проверка видимости и текста: hero_chip_paid","tests.lk_tests.refer_tests","2026-08-14","passed","2026-08-14","TestReferralsPageVisible","test_elem_refer","",""
"
Тест проверяет переключение количества карточек на странице Secondary Market.

1. Переключить селект на {per_page} per page
2. Дождаться обновления
3. Проверить, что на странице {expected_count} карточек
","3121","Проверка переключения количества карточек на странице Secondary: 12","tests.lk_tests.investment_tests.secondary_tests","2026-08-14","passed","2026-08-14","TestSecondaryMarket","test_secondary_market","",""
"","51","Проверка количества: stat_subs (ожидается 4)","tests.lk_tests.portfolio_tests","2026-08-14","passed","2026-08-14","TestPortfolioPageVisible","test_elem_portfolio_active","",""
"
Тест проверяет количество элементов страницы проекта.

1. Дождаться загрузки страницы
2. Проверить количество элементов
","18","Проверка количества: Latest project locations (ожидается 4)","tests.lk_tests.project_tests","2026-08-14","passed","2026-08-14","TestElemProject","test_elem_project","",""
"
Тест проверяет количество элементов страницы проекта.

1. Дождаться загрузки страницы
2. Проверить количество элементов
","21","Проверка количества: Latest project photos (ожидается 4)","tests.lk_tests.project_tests","2026-08-14","passed","2026-08-14","TestElemProject","test_elem_project","",""
"
Тест проверяет видимость и текст элементов сайдбара.

Для каждого элемента:
1.Дождаться загрузки сайдбара
2.Проверить видимость элемента
3.Проверить, что текст элемента соответствует ожидаемому
","72","Проверка видимости и текста: Аватар","tests.sidebar_tests","2026-08-14","passed","2026-08-14","TestSidebarVisible","test_elem_sidebar","",""
"
Тест проверяет видимость и текст элементов на странице Secondary Market.

Для каждого элемента:
1. Дождаться загрузки страницы
2. Проверить видимость элемента
3. Проверить, что текст элемента соответствует ожидаемому
","87","Проверка видимости и текста: countries_label","tests.lk_tests.investment_tests.secondary_tests","2026-08-14","passed","2026-08-14","TestSecondaryPageVisible","test_elem_secondary","",""
"
Тест проверяет видимость и текст элементов страницы Deposit.

Для каждого элемента:
1. Дождаться загрузки страницы
2. Проверить видимость элемента
3. Проверить, что текст элемента соответствует ожидаемому
","85","Проверка видимости и текста: bank","tests.lk_tests.deposit_withdraw_tests.deposit_tests","2026-08-14","passed","2026-08-14","TestDepositPageVisible","test_elem_deposit","",""
"
Тест проверяет переход на страницу Transactions при клике на кнопку.

1. Кликнуть на кнопку
2. Проверить переход на /en/transactions
","156","Проверка перехода на страницу Transactions по кнопке View all Transactions","tests.lk_tests.deposit_withdraw_tests.deposit_tests","2026-08-14","passed","2026-08-14","TestDepositPage","test_deposit","",""
"","3","Проверка видимости и текста: text_already_have_account","tests.auth_tests.reg_page_tests","2026-08-14","passed","2026-08-14","TestRegistrationPageVisible","test_elem_registration_page","",""
"","33","Проверка видимости и текста: two_factor_subtitle","tests.lk_tests.personal_settings_tests","2026-08-14","passed","2026-08-14","TestPersonalSettingsPageVisible","test_elem_personal_settings","",""
"
Тест проверяет видимость и текст элементов страницы Rewards.

Для каждого элемента:
1. Дождаться загрузки страницы
2. Проверить видимость элемента
3. Проверить, что текст элемента соответствует ожидаемому
","49","Проверка видимости и текста: history_sort","tests.lk_tests.rewards_tests","2026-08-14","passed","2026-08-14","TestRewardsPageVisible","test_elem_rewards","",""
"","52","Проверка видимости: chat_bot","tests.lk_tests.portfolio_tests","2026-08-14","passed","2026-08-14","TestPortfolioPageVisible","test_elem_portfolio_active","",""
"","3","Проверка видимости и текста: two_factor_title","tests.lk_tests.personal_settings_tests","2026-08-14","passed","2026-08-14","TestPersonalSettingsPageVisible","test_elem_personal_settings","",""
"
Тест проверяет видимость элементов футера (контейнеры и иконки соцсетей).

Для каждого элемента:
1.Дождаться загрузки футера
2.Проверить видимость элемента
","50","Проверка видимости: discord","tests.footer_tests","2026-08-14","passed","2026-08-14","TestFooterVisible","test_elem_footer","",""
"
Тест проверяет видимость и текст элементов сайдбара.

Для каждого элемента:
1.Дождаться загрузки сайдбара
2.Проверить видимость элемента
3.Проверить, что текст элемента соответствует ожидаемому
","44","Проверка видимости и текста: dashboard","tests.sidebar_tests","2026-08-14","passed","2026-08-14","TestSidebarVisible","test_elem_sidebar","",""
"
Тест проверяет видимость элементов страницы Transactions (без проверки текста).

Для каждого элемента:
1. Дождаться загрузки страницы
2. Проверить видимость элемента
","35","Проверка видимости: account","tests.lk_tests.transactions_tests","2026-08-14","passed","2026-08-14","TestTransactionsPageVisible","test_elem_transactions","",""
"
Тест проверяет видимость элементов на странице логина (без текстового содержимого).

Для каждого элемента:
1.Дождаться загрузки страницы
2.Проверить видимость элемента
","24","Проверка видимости: page_subtitle","tests.auth_tests.login_page_tests","2026-08-14","passed","2026-08-14","TestLoginPageVisible","test_login_page","",""
"
Тест проверяет видимость и текст элементов страницы проекта.

Для каждого элемента:
1. Дождаться загрузки страницы
2. Проверить видимость элемента
3. Проверить, что текст элемента соответствует ожидаемому
","84","Проверка видимости и текста: loan_period_label","tests.lk_tests.project_tests","2026-08-14","passed","2026-08-14","TestElemProject","test_elem_project","",""
"
Тест проверяет видимость и текст элементов страницы Rewards.

Для каждого элемента:
1. Дождаться загрузки страницы
2. Проверить видимость элемента
3. Проверить, что текст элемента соответствует ожидаемому
","50","Проверка видимости и текста: compare_silver","tests.lk_tests.rewards_tests","2026-08-14","passed","2026-08-14","TestRewardsPageVisible","test_elem_rewards","",""
"","60","Проверка видимости и текста: note_text","tests.lk_tests.personal_settings_tests","2026-08-14","passed","2026-08-14","TestPersonalSettingsPageVisible","test_elem_personal_settings","",""
"
Проверяет, что список локалей в дропдауне совпадает с ожидаемым.
Падает, если бек добавил или удалил локаль.
","2488","Проверка списка локалей","tests.header_tests","2026-08-14","passed","2026-08-14","TestHeader","test_header","",""
"","32","Проверка видимости: checkbox_news","tests.auth_tests.reg_page_tests","2026-08-14","passed","2026-08-14","TestRegistrationPageVisible","test_elem_registration_page","",""
"
Тест проверяет видимость и текст элементов страницы проекта.

Для каждого элемента:
1. Дождаться загрузки страницы
2. Проверить видимость элемента
3. Проверить, что текст элемента соответствует ожидаемому
","62","Проверка видимости и текста: currency","tests.lk_tests.project_tests","2026-08-14","passed","2026-08-14","TestElemProject","test_elem_project","",""
"
Тест проверяет видимость и текст элементов сайдбара.

Для каждого элемента:
1.Дождаться загрузки сайдбара
2.Проверить видимость элемента
3.Проверить, что текст элемента соответствует ожидаемому
","45","Проверка видимости и текста: Уровень инвестора","tests.sidebar_tests","2026-08-14","passed","2026-08-14","TestSidebarVisible","test_elem_sidebar","",""
"
Тест проверяет видимость и текст элементов страницы Deposit.

Для каждого элемента:
1. Дождаться загрузки страницы
2. Проверить видимость элемента
3. Проверить, что текст элемента соответствует ожидаемому
","82","Проверка видимости и текста: step1_badge","tests.lk_tests.deposit_withdraw_tests.deposit_tests","2026-08-14","passed","2026-08-14","TestDepositPageVisible","test_elem_deposit","",""
"","53","Проверка видимости и текста: footer_export","tests.lk_tests.refer_tests","2026-08-14","passed","2026-08-14","TestReferralsPageVisible","test_elem_refer","",""
"
Тест проверяет видимость и текст элементов страницы Rewards.

Для каждого элемента:
1. Дождаться загрузки страницы
2. Проверить видимость элемента
3. Проверить, что текст элемента соответствует ожидаемому
","38","Проверка видимости и текста: compare_gold","tests.lk_tests.rewards_tests","2026-08-14","passed","2026-08-14","TestRewardsPageVisible","test_elem_rewards","",""
"
Тест проверяет переключение языка через дропдаун в хедере.

Для каждой локали:
1.Открыть дропдаун
2.Проверить наличие локали в списке
3.Скроллить до локали
4.Проверить видимость локали
5.Кликнуть по локали
6.Проверить, что URL содержит код языка
","3186","Проверка переключения языка: Deutsch","tests.header_tests","2026-08-14","passed","2026-08-14","TestHeader","test_header","",""
"
Тест проверяет видимость элементов страницы проекта (без текстового содержимого).

Для каждого элемента:
1. Дождаться загрузки страницы
2. Проверить видимость элемента
","41","Проверка видимости: Gallery progress","tests.lk_tests.project_tests","2026-08-14","passed","2026-08-14","TestElemProject","test_elem_project","",""
"","66","Проверка видимости и текста: qr_note","tests.lk_tests.refer_tests","2026-08-14","passed","2026-08-14","TestReferralsPageVisible","test_elem_refer","",""
"
Тест проверяет видимость и текст элементов страницы Rewards.

Для каждого элемента:
1. Дождаться загрузки страницы
2. Проверить видимость элемента
3. Проверить, что текст элемента соответствует ожидаемому
","66","Проверка видимости и текста: you_are_here","tests.lk_tests.rewards_tests","2026-08-14","passed","2026-08-14","TestRewardsPageVisible","test_elem_rewards","",""
"
Тест проверяет видимость элементов вкладки Tax страницы Transactions (без проверки текста).

Для каждого элемента:
1. Дождаться загрузки страницы
2. Проверить видимость элемента
","20","Проверка видимости: featured_desc","tests.lk_tests.transactions_tests","2026-08-14","passed","2026-08-14","TestTransactionsTaxPageVisible","test_elem_transactions_tax","",""
"
Тест проверяет видимость элементов страницы проекта (без текстового содержимого).

Для каждого элемента:
1. Дождаться загрузки страницы
2. Проверить видимость элемента
","60","Проверка видимости: Available funds label","tests.lk_tests.project_tests","2026-08-14","passed","2026-08-14","TestElemProject","test_elem_project","",""
"
Тест проверяет видимость и текст элементов страницы Deposit.

Для каждого элемента:
1. Дождаться загрузки страницы
2. Проверить видимость элемента
3. Проверить, что текст элемента соответствует ожидаемому
","59","Проверка видимости и текста: recent_title","tests.lk_tests.deposit_withdraw_tests.deposit_tests","2026-08-14","passed","2026-08-14","TestDepositPageVisible","test_elem_deposit","",""
"
Тест проверяет отправку кода восстановления пароля.

1.Открыть страницу forgot-password
2.Ввести email
3.Нажать Send code
4.Проверить переход на страницу ввода кода
","933","Проверка отправки кода восстановления пароля, для пользователя с существующим email","tests.auth_tests.forgot_page_tests","2026-08-14","passed","2026-08-14","TestForgotPasswordTrue","test_forgot_password","",""
"
Тест проверяет видимость и текст элементов страницы Transactions.

Для каждого элемента:
1. Дождаться загрузки страницы
2. Проверить видимость элемента
3. Проверить, что текст элемента соответствует ожидаемому
","30","Проверка видимости и текста: tab_yesterday","tests.lk_tests.transactions_tests","2026-08-14","passed","2026-08-14","TestTransactionsPageVisible","test_elem_transactions","",""
"","62","Проверка видимости и текста: step1_title","tests.lk_tests.refer_tests","2026-08-14","passed","2026-08-14","TestReferralsPageVisible","test_elem_refer","",""
"
Тест проверяет видимость элементов страницы Rewards (без проверки текста).

Для каждого элемента:
1. Дождаться загрузки страницы
2. Проверить видимость элемента
","24","Проверка видимости: history_count","tests.lk_tests.rewards_tests","2026-08-14","passed","2026-08-14","TestRewardsPageVisible","test_elem_rewards","",""
"
Тест проверяет видимость элементов хедера (без текстового содержимого).

Для каждого элемента:
1.Дождаться загрузки хедера
2.Проверить видимость элемента
","42","Проверка видимости: notification_bell","tests.header_tests","2026-08-14","passed","2026-08-14","TestHeaderVisible","test_elem_header","",""
"","27","Проверка видимости: header_completed_count","tests.lk_tests.portfolio_tests","2026-08-14","passed","2026-08-14","TestPortfolioCompletedPageVisible","test_elem_portfolio_completed","",""
"
Тест проверяет видимость элементов страницы проекта (без текстового содержимого).

Для каждого элемента:
1. Дождаться загрузки страницы
2. Проверить видимость элемента
","61","Проверка видимости: Target rate value","tests.lk_tests.project_tests","2026-08-14","passed","2026-08-14","TestElemProject","test_elem_project","",""
"
Тест проверяет, что при вводе суммы ниже 50 она автоматически меняется на 50.

1. Ввести 20 в поле инвестиции
2. Нажать чекбокс соглашения (убрать фокус с поля)
3. Проверить, что в поле сумма 50
","3195","Проверка автоисправления суммы ниже минимума","tests.lk_tests.project_tests","2026-08-14","passed","2026-08-14","TestInvestProjectPageFalse","test_project_page","",""
"
Тест проверяет видимость и текст элементов футера.

Для каждого элемента:
1.Дождаться загрузки футера
2.Проверить видимость элемента
3.Проверить, что текст элемента соответствует ожидаемому
","43","Проверка видимости и текста: contacts_item_address","tests.footer_tests","2026-08-14","passed","2026-08-14","TestFooterVisible","test_elem_footer","",""
"
Тест проверяет переключение языка через дропдаун в хедере.

Для каждой локали:
1.Открыть дропдаун
2.Проверить наличие локали в списке
3.Скроллить до локали
4.Проверить видимость локали
5.Кликнуть по локали
6.Проверить, что URL содержит код языка
","249","Проверка переключения языка: Français","tests.header_tests","2026-08-14","passed","2026-08-14","TestHeader","test_header","",""
"
Тест проверяет количество элементов дашборда.

1.Дождаться загрузки страницы
2.Проверить количество элементов
3.Для progress-bar проверить что все имеют размеры
","11","Проверка количества: overview_statistics_values (ожидается 4)","tests.lk_tests.dashboard_tests","2026-08-14","passed","2026-08-14","TestDashboardPageVisible","test_elem_dashboard","",""
"
Тест проверяет количество элементов дашборда.

1.Дождаться загрузки страницы
2.Проверить количество элементов
3.Для progress-bar проверить что все имеют размеры
","26","Проверка количества: idea_card_funded (ожидается 3)","tests.lk_tests.dashboard_tests","2026-08-14","passed","2026-08-14","TestDashboardPageVisible","test_elem_dashboard","",""
"
Тест проверяет видимость элементов страницы Transactions (без проверки текста).

Для каждого элемента:
1. Дождаться загрузки страницы
2. Проверить видимость элемента
","44","Проверка видимости: money_in_value","tests.lk_tests.transactions_tests","2026-08-14","passed","2026-08-14","TestTransactionsPageVisible","test_elem_transactions","",""
"
Тест проверяет видимость и текст элементов страницы Rewards.

Для каждого элемента:
1. Дождаться загрузки страницы
2. Проверить видимость элемента
3. Проверить, что текст элемента соответствует ожидаемому
","62","Проверка видимости и текста: compare_gold","tests.lk_tests.rewards_tests","2026-08-14","passed","2026-08-14","TestRewardsPageVisible","test_elem_rewards","",""
"
Тест проверяет видимость и текст элементов дашборда.

Для каждого элемента:
1. Дождаться загрузки страницы
2. Проверить видимость элемента
3. Проверить, что текст элемента соответствует ожидаемому
","199","Проверка видимости и текста: banner_title","tests.lk_tests.dashboard_tests","2026-08-14","passed","2026-08-14","TestDashboardPageVisible","test_elem_dashboard","",""
"
Тест проверяет видимость и текст элементов модального окна Schedule.

Для каждого элемента:
1. Дождаться загрузки модального окна
2. Проверить видимость элемента
3. Проверить, что текст элемента соответствует ожидаемому
","131","Проверка видимости и текста: payment_date","tests.lk_tests.portfolio_tests","2026-08-14","passed","2026-08-14","TestPortfolioSchedule","test_elem_portfolio_schedule","",""
"
Тест проверяет видимость элементов панели покупки (без текстового содержимого).

Для каждого элемента:
1. Дождаться загрузки панели
2. Проверить видимость элемента
","38","Проверка видимости: button_buy","tests.lk_tests.investment_tests.secondary_tests","2026-08-14","passed","2026-08-14","TestBuyPanel","test_elem_secondary_buy","",""
"
Тест проверяет видимость и текст элементов модального окна Schedule.

Для каждого элемента:
1. Дождаться загрузки модального окна
2. Проверить видимость элемента
3. Проверить, что текст элемента соответствует ожидаемому
","92","Проверка видимости и текста: interest","tests.lk_tests.portfolio_tests","2026-08-14","passed","2026-08-14","TestPortfolioSchedule","test_elem_portfolio_schedule","",""
"","87","Проверка видимости и текста: sort_filter","tests.lk_tests.portfolio_tests","2026-08-14","passed","2026-08-14","TestPortfolioPageVisible","test_elem_portfolio_active","",""
"
Тест проверяет переключение количества карточек на странице Secondary Market.

1. Переключить селект на {per_page} per page
2. Дождаться обновления
3. Проверить, что на странице {expected_count} карточек
","3135","Проверка переключения количества карточек на странице Secondary: 18","tests.lk_tests.investment_tests.secondary_tests","2026-08-14","passed","2026-08-14","TestSecondaryMarket","test_secondary_market","",""
"
Тест проверяет видимость и текст элементов страницы Deposit.

Для каждого элемента:
1. Дождаться загрузки страницы
2. Проверить видимость элемента
3. Проверить, что текст элемента соответствует ожидаемому
","51","Проверка видимости и текста: iban","tests.lk_tests.deposit_withdraw_tests.deposit_tests","2026-08-14","passed","2026-08-14","TestDepositPageVisible","test_elem_deposit","",""
"
Тест проверяет видимость и текст элементов страницы Transactions.

Для каждого элемента:
1. Дождаться загрузки страницы
2. Проверить видимость элемента
3. Проверить, что текст элемента соответствует ожидаемому
","70","Проверка видимости и текста: tab_today","tests.lk_tests.transactions_tests","2026-08-14","passed","2026-08-14","TestTransactionsPageVisible","test_elem_transactions","",""
"
Тест проверяет видимость элементов дашборда (без текстового содержимого).

Для каждого элемента:
1.Дождаться загрузки страницы
2.Проверить видимость элемента
","78","Проверка видимости: banner_badge","tests.lk_tests.dashboard_tests","2026-08-14","passed","2026-08-14","TestDashboardPageVisible","test_elem_dashboard","",""
"
Тест проверяет количество элементов дашборда.

1.Дождаться загрузки страницы
2.Проверить количество элементов
3.Для progress-bar проверить что все имеют размеры
","9","Проверка количества: invest_buttons (ожидается 3)","tests.lk_tests.dashboard_tests","2026-08-14","passed","2026-08-14","TestDashboardPageVisible","test_elem_dashboard","",""
"
Тест проверяет видимость и текст элементов на странице логина.

Для каждого элемента:
1.Дождаться загрузки страницы
2.Проверить видимость элемента
3.Проверить, что текст элемента соответствует ожидаемому
","63","Проверка видимости и текста: button_login","tests.auth_tests.login_page_tests","2026-08-14","passed","2026-08-14","TestLoginPageVisible","test_login_page","",""
"
Тест проверяет видимость и текст элементов страницы Transactions.

Для каждого элемента:
1. Дождаться загрузки страницы
2. Проверить видимость элемента
3. Проверить, что текст элемента соответствует ожидаемому
","66","Проверка видимости и текста: filter_separator","tests.lk_tests.transactions_tests","2026-08-14","passed","2026-08-14","TestTransactionsPageVisible","test_elem_transactions","",""
"","153","Проверка видимости: pagination_summary","tests.lk_tests.investment_tests.primary_tests","2026-08-14","passed","2026-08-14","TestPrimaryPageVisible","test_elem_primary","",""
"","145","Проверка видимости и текста: countries_label","tests.lk_tests.investment_tests.primary_tests","2026-08-14","passed","2026-08-14","TestPrimaryPageVisible","test_elem_primary","",""
"","62","Проверка видимости: header_completed_count","tests.lk_tests.portfolio_tests","2026-08-14","passed","2026-08-14","TestPortfolioCompletedPageVisible","test_elem_portfolio_completed","",""
"
Тест проверяет видимость и текст элементов футера.

Для каждого элемента:
1.Дождаться загрузки футера
2.Проверить видимость элемента
3.Проверить, что текст элемента соответствует ожидаемому
","40","Проверка видимости и текста: contacts_title","tests.footer_tests","2026-08-14","passed","2026-08-14","TestFooterVisible","test_elem_footer","",""
"","19","Проверка видимости: header_capital","tests.lk_tests.portfolio_tests","2026-08-14","passed","2026-08-14","TestPortfolioPageVisible","test_elem_portfolio_active","",""
"
Тест проверяет видимость и текст элементов страницы Deposit.

Для каждого элемента:
1. Дождаться загрузки страницы
2. Проверить видимость элемента
3. Проверить, что текст элемента соответствует ожидаемому
","60","Проверка видимости и текста: tab_withdraw","tests.lk_tests.deposit_withdraw_tests.deposit_tests","2026-08-14","passed","2026-08-14","TestDepositPageVisible","test_elem_deposit","",""
"
Тест проверяет видимость элементов страницы проекта (без текстового содержимого).

Для каждого элемента:
1. Дождаться загрузки страницы
2. Проверить видимость элемента
","53","Проверка видимости: Project type badge","tests.lk_tests.project_tests","2026-08-14","passed","2026-08-14","TestElemProject","test_elem_project","",""
"","62","Проверка видимости и текста: phone_badge","tests.lk_tests.personal_settings_tests","2026-08-14","passed","2026-08-14","TestPersonalSettingsPageVisible","test_elem_personal_settings","",""
"
Тест проверяет, что при пустом поле суммы появляется ошибка валидации.
","2018","Проверка валидации пустой суммы Withdraw","tests.lk_tests.deposit_withdraw_tests.withdraw_tests","2026-08-14","passed","2026-08-14","TestWithdrawPage","test_withdraw","",""
"","111","Проверка видимости и текста: status_filter","tests.lk_tests.portfolio_tests","2026-08-14","passed","2026-08-14","TestPortfolioPageVisible","test_elem_portfolio_active","",""
"","41","Проверка видимости и текста: tab_open","tests.lk_tests.investment_tests.primary_tests","2026-08-14","passed","2026-08-14","TestPrimaryPageVisible","test_elem_primary","",""
"
Тест проверяет видимость элементов страницы проекта (без текстового содержимого).

Для каждого элемента:
1. Дождаться загрузки страницы
2. Проверить видимость элемента
","26","Проверка видимости: Quick amount €2,500","tests.lk_tests.project_tests","2026-08-14","passed","2026-08-14","TestElemProject","test_elem_project","",""
"
Тест проверяет видимость и текст элементов сайдбара.

Для каждого элемента:
1.Дождаться загрузки сайдбара
2.Проверить видимость элемента
3.Проверить, что текст элемента соответствует ожидаемому
","55","Проверка видимости и текста: transactions","tests.sidebar_tests","2026-08-14","passed","2026-08-14","TestSidebarVisible","test_elem_sidebar","",""
"","58","Проверка видимости: footer_amount","tests.lk_tests.refer_tests","2026-08-14","passed","2026-08-14","TestReferralsPageVisible","test_elem_refer","",""
"
Тест проверяет количество элементов дашборда.

1.Дождаться загрузки страницы
2.Проверить количество элементов
3.Для progress-bar проверить что все имеют размеры
","10","Проверка количества: idea_card_titles (ожидается 3)","tests.lk_tests.dashboard_tests","2026-08-14","passed","2026-08-14","TestDashboardPageVisible","test_elem_dashboard","",""
"
Тест проверяет видимость и текст элементов страницы Rewards.

Для каждого элемента:
1. Дождаться загрузки страницы
2. Проверить видимость элемента
3. Проверить, что текст элемента соответствует ожидаемому
","40","Проверка видимости и текста: hcell_type","tests.lk_tests.rewards_tests","2026-08-14","passed","2026-08-14","TestRewardsPageVisible","test_elem_rewards","",""
"
Тест проверяет видимость и текст элементов вкладки Tax страницы Transactions.

Для каждого элемента:
1. Дождаться загрузки страницы
2. Проверить видимость элемента
3. Проверить, что текст элемента соответствует ожидаемому
","39","Проверка видимости и текста: download_pdf","tests.lk_tests.transactions_tests","2026-08-14","passed","2026-08-14","TestTransactionsTaxPageVisible","test_elem_transactions_tax","",""
"
Тест проверяет видимость и текст элементов страницы Transactions.

Для каждого элемента:
1. Дождаться загрузки страницы
2. Проверить видимость элемента
3. Проверить, что текст элемента соответствует ожидаемому
","49","Проверка видимости и текста: tab_transactions","tests.lk_tests.transactions_tests","2026-08-14","passed","2026-08-14","TestTransactionsPageVisible","test_elem_transactions","",""
"
Тест проверяет, что при вводе неверных данных авторизация не проходит и появляется сообщение об ошибке.

Для каждого варианта невалидных данных:
1.Открыть страницу логина
2.Заполнить форму невалидными данными
3.Нажать кнопку логина
4.Проверить появление сообщения об ошибке
","3570","Проверка авторизации с невалидными данными: Неверный email","tests.auth_tests.login_page_tests","2026-08-14","passed","2026-08-14","TestAuthorization","test_authorization","",""
"
Тест проверяет переход на страницу Transactions по кнопкам.

1. Проскроллить до элемента
2. Нажать
3. Проверить URL
","661","Проверка перехода на страницу Transactions","tests.lk_tests.deposit_withdraw_tests.withdraw_tests","2026-08-14","passed","2026-08-14","TestWithdrawPage","test_withdraw","",""
"
Тест проверяет видимость и текст элементов футера.

Для каждого элемента:
1.Дождаться загрузки футера
2.Проверить видимость элемента
3.Проверить, что текст элемента соответствует ожидаемому
","59","Проверка видимости и текста: contacts_commercial_email","tests.footer_tests","2026-08-14","passed","2026-08-14","TestFooterVisible","test_elem_footer","",""
"","570","Проверка видимости и текста: th_status","tests.lk_tests.portfolio_tests","2026-08-14","passed","2026-08-14","TestPortfolioCompletedPageVisible","test_elem_portfolio_completed","",""
"","58","Проверка видимости и текста: last_name","tests.lk_tests.personal_settings_tests","2026-08-14","passed","2026-08-14","TestPersonalSettingsPageVisible","test_elem_personal_settings","",""
"
Тест проверяет видимость и текст элементов дашборда.

Для каждого элемента:
1. Дождаться загрузки страницы
2. Проверить видимость элемента
3. Проверить, что текст элемента соответствует ожидаемому
","68","Проверка видимости и текста: growth_path_title","tests.lk_tests.dashboard_tests","2026-08-14","passed","2026-08-14","TestDashboardPageVisible","test_elem_dashboard","",""
"
Тест проверяет видимость и текст элементов страницы Deposit.

Для каждого элемента:
1. Дождаться загрузки страницы
2. Проверить видимость элемента
3. Проверить, что текст элемента соответствует ожидаемому
","58","Проверка видимости и текста: payment_reference","tests.lk_tests.deposit_withdraw_tests.deposit_tests","2026-08-14","passed","2026-08-14","TestDepositPageVisible","test_elem_deposit","",""
"","10","Проверка количества: tab_dots (ожидается 5)","tests.lk_tests.investment_tests.primary_tests","2026-08-14","passed","2026-08-14","TestPrimaryPageVisible","test_elem_primary","",""
"
Тест проверяет видимость и текст элементов страницы Transactions.

Для каждого элемента:
1. Дождаться загрузки страницы
2. Проверить видимость элемента
3. Проверить, что текст элемента соответствует ожидаемому
","58","Проверка видимости и текста: tab_current_week","tests.lk_tests.transactions_tests","2026-08-14","passed","2026-08-14","TestTransactionsPageVisible","test_elem_transactions","",""
"
Тест проверяет видимость и текст элементов на странице логина.

Для каждого элемента:
1.Дождаться загрузки страницы
2.Проверить видимость элемента
3.Проверить, что текст элемента соответствует ожидаемому
","46","Проверка видимости и текста: logo","tests.auth_tests.login_page_tests","2026-08-14","passed","2026-08-14","TestLoginPageVisible","test_login_page","",""
"
Тест проверяет видимость элементов дашборда (без текстового содержимого).

Для каждого элемента:
1.Дождаться загрузки страницы
2.Проверить видимость элемента
","70","Проверка видимости: banner_layout","tests.lk_tests.dashboard_tests","2026-08-14","passed","2026-08-14","TestDashboardPageVisible","test_elem_dashboard","",""
"
Тест проверяет видимость элементов модального окна Schedule (без текстового содержимого).

Для каждого элемента:
1. Дождаться загрузки модального окна
2. Проверить видимость элемента
","51","Проверка видимости: show_all_btn","tests.lk_tests.portfolio_tests","2026-08-14","passed","2026-08-14","TestPortfolioSchedule","test_elem_portfolio_schedule","",""
"","32","Проверка видимости и текста: status_filter","tests.lk_tests.portfolio_tests","2026-08-14","passed","2026-08-14","TestPortfolioCompletedPageVisible","test_elem_portfolio_completed","",""
"","90","Проверка видимости и текста: page_title","tests.lk_tests.investment_tests.primary_tests","2026-08-14","passed","2026-08-14","TestPrimaryPageVisible","test_elem_primary","",""
"
Тест проверяет видимость и текст элементов панели покупки.

Для каждого элемента:
1. Дождаться загрузки панели
2. Проверить видимость элемента
3. Проверить, что текст элемента соответствует ожидаемому
","9","Проверка видимости и текста: type","tests.lk_tests.investment_tests.secondary_tests","2026-08-14","passed","2026-08-14","TestBuyPanel","test_elem_secondary_buy","",""
"","96","Проверка видимости и текста: page_title","tests.lk_tests.personal_settings_tests","2026-08-14","passed","2026-08-14","TestPersonalSettingsPageVisible","test_elem_personal_settings","",""
"","107","Проверка видимости и текста: th_action","tests.lk_tests.refer_tests","2026-08-14","passed","2026-08-14","TestReferralsPageVisible","test_elem_refer","",""
"
Тест проверяет видимость и текст элементов страницы Transactions.

Для каждого элемента:
1. Дождаться загрузки страницы
2. Проверить видимость элемента
3. Проверить, что текст элемента соответствует ожидаемому
","56","Проверка видимости и текста: tab_last_month","tests.lk_tests.transactions_tests","2026-08-14","passed","2026-08-14","TestTransactionsPageVisible","test_elem_transactions","",""
"","48","Проверка видимости и текста: tab_raised","tests.lk_tests.investment_tests.primary_tests","2026-08-14","passed","2026-08-14","TestPrimaryPageVisible","test_elem_primary","",""
"","59","Проверка видимости и текста: th_invited","tests.lk_tests.refer_tests","2026-08-14","passed","2026-08-14","TestReferralsPageVisible","test_elem_refer","",""
"","68","Проверка видимости и текста: hero_title_accent","tests.lk_tests.refer_tests","2026-08-14","passed","2026-08-14","TestReferralsPageVisible","test_elem_refer","",""
"
Тест проверяет видимость элементов дашборда (без текстового содержимого).

Для каждого элемента:
1.Дождаться загрузки страницы
2.Проверить видимость элемента
","85","Проверка видимости: ideas_title","tests.lk_tests.dashboard_tests","2026-08-14","passed","2026-08-14","TestDashboardPageVisible","test_elem_dashboard","",""
"
Тест проверяет видимость и текст элементов дашборда.

Для каждого элемента:
1. Дождаться загрузки страницы
2. Проверить видимость элемента
3. Проверить, что текст элемента соответствует ожидаемому
","62","Проверка видимости и текста: growth_legend_proj","tests.lk_tests.dashboard_tests","2026-08-14","passed","2026-08-14","TestDashboardPageVisible","test_elem_dashboard","",""
"
Тест проверяет видимость элементов страницы Rewards (без проверки текста).

Для каждого элемента:
1. Дождаться загрузки страницы
2. Проверить видимость элемента
","25","Проверка видимости: chat_bot","tests.lk_tests.rewards_tests","2026-08-14","passed","2026-08-14","TestRewardsPageVisible","test_elem_rewards","",""
"
Тест проверяет видимость и текст элементов страницы Transactions.

Для каждого элемента:
1. Дождаться загрузки страницы
2. Проверить видимость элемента
3. Проверить, что текст элемента соответствует ожидаемому
","58","Проверка видимости и текста: money_in_label","tests.lk_tests.transactions_tests","2026-08-14","passed","2026-08-14","TestTransactionsPageVisible","test_elem_transactions","",""
"
Тест проверяет видимость и текст элементов дашборда.

Для каждого элемента:
1. Дождаться загрузки страницы
2. Проверить видимость элемента
3. Проверить, что текст элемента соответствует ожидаемому
","56","Проверка видимости и текста: avg_interest_rate","tests.lk_tests.dashboard_tests","2026-08-14","passed","2026-08-14","TestDashboardPageVisible","test_elem_dashboard","",""
"
Тест проверяет видимость и текст элементов страницы Withdraw.

Для каждого элемента:
1. Дождаться загрузки страницы
2. Проверить видимость элемента
3. Проверить, что текст элемента соответствует ожидаемому
","53","Проверка видимости и текста: tab_withdraw","tests.lk_tests.deposit_withdraw_tests.withdraw_tests","2026-08-14","passed","2026-08-14","TestWithdrawPageVisible","test_elem_withdraw","",""
"
Тест проверяет фильтрацию проектов по рейтингу.

1. Получить список доступных рейтингов из фильтра
2. Для каждого рейтинга: выбрать рейтинг и проверить, что все карточки содержат рейтинг
3. Для каждого рейтинга проверить, что количество карточек совпадает с заголовком
","85902","Проверка фильтрации проектов по рейтингу","tests.lk_tests.investment_tests.primary_tests","2026-08-14","passed","2026-08-14","TestPrimaryFilter","test_primary_market_filter","",""
"
Тест проверяет видимость и текст элементов сайдбара.

Для каждого элемента:
1.Дождаться загрузки сайдбара
2.Проверить видимость элемента
3.Проверить, что текст элемента соответствует ожидаемому
","67","Проверка видимости и текста: Имя пользователя","tests.sidebar_tests","2026-08-14","passed","2026-08-14","TestSidebarVisible","test_elem_sidebar","",""
"
Тест проверяет видимость и текст элементов хедера.

Для каждого элемента:
1.Дождаться загрузки хедера
2.Проверить видимость элемента
3.Проверить, что текст элемента соответствует ожидаемому
","80","Проверка видимости и текста: logo","tests.header_tests","2026-08-14","passed","2026-08-14","TestHeaderVisible","test_elem_header","",""
"
Тест проверяет количество карточек в каждой вкладке статусов.

1. Получить ожидаемое количество из счётчика на вкладке
2. Кликнуть по вкладке и дождаться загрузки карточек
3. Пройти по всем страницам и сравнить фактическое количество с ожидаемым
","24699","Проверка категории: tab-status-Repaid","tests.lk_tests.investment_tests.primary_tests","2026-08-14","passed","2026-08-14","TestPrimaryFilter1","test_primary_market_filter1","",""
"
Тест проверяет количество карточек в каждой вкладке статусов.

1. Получить ожидаемое количество из счётчика на вкладке
2. Кликнуть по вкладке и дождаться загрузки карточек
3. Пройти по всем страницам и сравнить фактическое количество с ожидаемым
","24436","Проверка категории: tab-status-Coming soon","tests.lk_tests.investment_tests.primary_tests","2026-08-14","passed","2026-08-14","TestPrimaryFilter1","test_primary_market_filter1","",""
"
Тест проверяет переключение количества карточек на странице.

1. Переключить селект на {per_page} per page
2. Дождаться обновления
3. Проверить, что на странице {expected_count} карточек
","3382","Проверка переключения количества карточек на странице: 12","tests.lk_tests.investment_tests.primary_tests","2026-08-14","passed","2026-08-14","TestPrimaryMarket","test_primary_market","",""
"
Тест проверяет видимость и текст элементов страницы проекта.

Для каждого элемента:
1. Дождаться загрузки страницы
2. Проверить видимость элемента
3. Проверить, что текст элемента соответствует ожидаемому
","39","Проверка видимости и текста: min_investment_label","tests.lk_tests.project_tests","2026-08-14","passed","2026-08-14","TestElemProject","test_elem_project","",""
"
Тест проверяет видимость элементов на странице логина (без текстового содержимого).

Для каждого элемента:
1.Дождаться загрузки страницы
2.Проверить видимость элемента
","42","Проверка видимости: auth_top_bar","tests.auth_tests.login_page_tests","2026-08-14","passed","2026-08-14","TestLoginPageVisible","test_login_page","",""
"","97","Проверка видимости и текста: banner_title","tests.lk_tests.portfolio_tests","2026-08-14","passed","2026-08-14","TestPortfolioPageVisible","test_elem_portfolio_active","",""
"
Тест проверяет фильтрацию проектов по сроку на Secondary Market.

1. Получить список доступных диапазонов срока из фильтра
2. Для каждого диапазона: выбрать диапазон и проверить, что все карточки содержат срок в нужном диапазоне
3. Для каждого диапазона проверить, что количество карточек совпадает с заголовком
","35575","Проверка фильтрации по сроку на Secondary Market","tests.lk_tests.investment_tests.secondary_tests","2026-08-14","passed","2026-08-14","TestSecondaryMarketFilter1","test_secondary_market_filter1","",""
"
Тест проверяет количество элементов дашборда.

1.Дождаться загрузки страницы
2.Проверить количество элементов
3.Для progress-bar проверить что все имеют размеры
","8","Проверка количества: tier_bonuses (ожидается 4)","tests.lk_tests.dashboard_tests","2026-08-14","passed","2026-08-14","TestDashboardPageVisible","test_elem_dashboard","",""
"","60","Проверка видимости и текста: notifications_subtitle","tests.lk_tests.personal_settings_tests","2026-08-14","passed","2026-08-14","TestPersonalSettingsPageVisible","test_elem_personal_settings","",""
"
Тест проверяет видимость и текст элементов страницы Withdraw.

Для каждого элемента:
1. Дождаться загрузки страницы
2. Проверить видимость элемента
3. Проверить, что текст элемента соответствует ожидаемому
","26","Проверка видимости и текста: withdraw_title","tests.lk_tests.deposit_withdraw_tests.withdraw_tests","2026-08-14","passed","2026-08-14","TestWithdrawPageVisible","test_elem_withdraw","",""
"
Тест проверяет открытие модального окна покупки при клике на кнопку Buy.

1. Пройти по страницам в поиске кнопки Buy
2. Запомнить название проекта
3. Кликнуть Buy
4. Проверить, что открылось модальное окно
5. Проверить, что название проекта в модалке совпадает
","95","Проверка открытия модального окна покупки на Secondary Market","tests.lk_tests.investment_tests.secondary_tests","2026-08-14","passed","2026-08-14","TestSecondaryMarket","test_secondary_market","",""
"","5","Проверка видимости и текста: hero_reward_amount","tests.lk_tests.refer_tests","2026-08-14","passed","2026-08-14","TestReferralsPageVisible","test_elem_refer","",""
"
Тест проверяет переход на страницу проекта при клике на кнопку в карточке.

1. Пройти по страницам в поиске кнопки
2. Запомнить название проекта
3. Кликнуть кнопку
4. Проверить переход на страницу проекта
5. Проверить, что заголовок совпадает
","10914","Проверка перехода на страницу проекта по кнопке Invest now","tests.lk_tests.investment_tests.primary_tests","2026-08-14","passed","2026-08-14","TestPrimaryMarket","test_primary_market","",""
"
Тест проверяет видимость элементов страницы Withdraw (без проверки текста).

Для каждого элемента:
1. Дождаться загрузки страницы
2. Проверить видимость элемента по указанному индексу
","48","Проверка видимости: amount_input","tests.lk_tests.deposit_withdraw_tests.withdraw_tests","2026-08-14","passed","2026-08-14","TestWithdrawPageVisible","test_elem_withdraw","",""
"
Тест проверяет видимость и текст элементов страницы Deposit.

Для каждого элемента:
1. Дождаться загрузки страницы
2. Проверить видимость элемента
3. Проверить, что текст элемента соответствует ожидаемому
","100","Проверка видимости и текста: swift","tests.lk_tests.deposit_withdraw_tests.deposit_tests","2026-08-14","passed","2026-08-14","TestDepositPageVisible","test_elem_deposit","",""
"","167","Проверка видимости и текста: header_title","tests.lk_tests.portfolio_tests","2026-08-14","passed","2026-08-14","TestPortfolioPageVisible","test_elem_portfolio_active","",""
"
Тест проверяет, что при вводе неверных данных авторизация не проходит и появляется сообщение об ошибке.

Для каждого варианта невалидных данных:
1.Открыть страницу логина
2.Заполнить форму невалидными данными
3.Нажать кнопку логина
4.Проверить появление сообщения об ошибке
","5601","Проверка авторизации с невалидными данными: Без Password","tests.auth_tests.login_page_tests","2026-08-14","passed","2026-08-14","TestAuthorization","test_authorization","",""
"","23","Проверка видимости и текста: two_factor_email_title","tests.lk_tests.personal_settings_tests","2026-08-14","passed","2026-08-14","TestPersonalSettingsPageVisible","test_elem_personal_settings","",""
"
Тест проверяет видимость и текст элементов футера.

Для каждого элемента:
1.Дождаться загрузки футера
2.Проверить видимость элемента
3.Проверить, что текст элемента соответствует ожидаемому
","46","Проверка видимости и текста: contacts_title","tests.footer_tests","2026-08-14","passed","2026-08-14","TestFooterVisible","test_elem_footer","",""
"","47","Проверка видимости: banner_desc","tests.lk_tests.portfolio_tests","2026-08-14","passed","2026-08-14","TestPortfolioPageVisible","test_elem_portfolio_active","",""
"
Тест проверяет видимость и текст элементов дашборда.

Для каждого элемента:
1. Дождаться загрузки страницы
2. Проверить видимость элемента
3. Проверить, что текст элемента соответствует ожидаемому
","62","Проверка видимости и текста: dashboard_page_title","tests.lk_tests.dashboard_tests","2026-08-14","passed","2026-08-14","TestDashboardPageVisible","test_elem_dashboard","",""
"
Тест проверяет видимость и текст элементов на странице Secondary Market.

Для каждого элемента:
1. Дождаться загрузки страницы
2. Проверить видимость элемента
3. Проверить, что текст элемента соответствует ожидаемому
","23","Проверка видимости и текста: hide_own","tests.lk_tests.investment_tests.secondary_tests","2026-08-14","passed","2026-08-14","TestSecondaryPageVisible","test_elem_secondary","",""
"
Тест проверяет видимость элементов футера (контейнеры и иконки соцсетей).

Для каждого элемента:
1.Дождаться загрузки футера
2.Проверить видимость элемента
","58","Проверка видимости: twitter","tests.footer_tests","2026-08-14","passed","2026-08-14","TestFooterVisible","test_elem_footer","",""
"
Тест проверяет видимость и текст элементов страницы Withdraw.

Для каждого элемента:
1. Дождаться загрузки страницы
2. Проверить видимость элемента
3. Проверить, что текст элемента соответствует ожидаемому
","162","Проверка видимости и текста: view_transactions","tests.lk_tests.deposit_withdraw_tests.withdraw_tests","2026-08-14","passed","2026-08-14","TestWithdrawPageVisible","test_elem_withdraw","",""
"","4","Проверка видимости и текста: form_badge","tests.lk_tests.personal_settings_tests","2026-08-14","passed","2026-08-14","TestPersonalSettingsPageVisible","test_elem_personal_settings","",""
"
Тест проверяет видимость элементов дашборда (без текстового содержимого).

Для каждого элемента:
1.Дождаться загрузки страницы
2.Проверить видимость элемента
","33","Проверка видимости: loyalty_program_title","tests.lk_tests.dashboard_tests","2026-08-14","passed","2026-08-14","TestDashboardPageVisible","test_elem_dashboard","",""
"
Тест проверяет навигацию между страницами логина, регистрации и восстановления пароля.

1.Открыть страницу логина
2.Перейти на страницу восстановления пароля
3.Вернуться на страницу логина
4.Перейти на страницу регистрации
5.Вернуться на страницу логина
","4048","Переходы между страницами авторизации, регистрации, восстановления пароля","tests.auth_tests.login_page_tests","2026-08-14","passed","2026-08-14","TestAuthorization","test_authorization","",""
"","60","Проверка видимости и текста: channel_more","tests.lk_tests.refer_tests","2026-08-14","passed","2026-08-14","TestReferralsPageVisible","test_elem_refer","",""
"
Тест проверяет видимость и текст элементов вкладки Tax страницы Transactions.

Для каждого элемента:
1. Дождаться загрузки страницы
2. Проверить видимость элемента
3. Проверить, что текст элемента соответствует ожидаемому
","53","Проверка видимости и текста: tab_this_year","tests.lk_tests.transactions_tests","2026-08-14","passed","2026-08-14","TestTransactionsTaxPageVisible","test_elem_transactions_tax","",""
"
Тест проверяет видимость и текст элементов на странице Secondary Market.

Для каждого элемента:
1. Дождаться загрузки страницы
2. Проверить видимость элемента
3. Проверить, что текст элемента соответствует ожидаемому
","140","Проверка видимости и текста: banner_badge","tests.lk_tests.investment_tests.secondary_tests","2026-08-14","passed","2026-08-14","TestSecondaryPageVisible","test_elem_secondary","",""
"
Тест проверяет видимость и текст элементов вкладки Tax страницы Transactions.

Для каждого элемента:
1. Дождаться загрузки страницы
2. Проверить видимость элемента
3. Проверить, что текст элемента соответствует ожидаемому
","110","Проверка видимости и текста: tab_last_year","tests.lk_tests.transactions_tests","2026-08-14","passed","2026-08-14","TestTransactionsTaxPageVisible","test_elem_transactions_tax","",""
"","56","Проверка видимости и текста: th_reward","tests.lk_tests.refer_tests","2026-08-14","passed","2026-08-14","TestReferralsPageVisible","test_elem_refer","",""
"
Тест проверяет видимость и текст элементов страницы Withdraw.

Для каждого элемента:
1. Дождаться загрузки страницы
2. Проверить видимость элемента
3. Проверить, что текст элемента соответствует ожидаемому
","68","Проверка видимости и текста: withdraw_subtitle","tests.lk_tests.deposit_withdraw_tests.withdraw_tests","2026-08-14","passed","2026-08-14","TestWithdrawPageVisible","test_elem_withdraw","",""
"","34","Проверка видимости: header_active_count","tests.lk_tests.portfolio_tests","2026-08-14","passed","2026-08-14","TestPortfolioCompletedPageVisible","test_elem_portfolio_completed","",""
"
Тест проверяет видимость и текст элементов страницы Transactions.

Для каждого элемента:
1. Дождаться загрузки страницы
2. Проверить видимость элемента
3. Проверить, что текст элемента соответствует ожидаемому
","127","Проверка видимости и текста: tab_today","tests.lk_tests.transactions_tests","2026-08-14","passed","2026-08-14","TestTransactionsPageVisible","test_elem_transactions","",""
"
Тест проверяет видимость элементов страницы Rewards (без проверки текста).

Для каждого элемента:
1. Дождаться загрузки страницы
2. Проверить видимость элемента
","56","Проверка видимости: history_toggle","tests.lk_tests.rewards_tests","2026-08-14","passed","2026-08-14","TestRewardsPageVisible","test_elem_rewards","",""
"","72","Проверка видимости и текста: contact_support","tests.lk_tests.personal_settings_tests","2026-08-14","passed","2026-08-14","TestPersonalSettingsPageVisible","test_elem_personal_settings","",""
"","79","Проверка видимости и текста: step3_badge","tests.lk_tests.refer_tests","2026-08-14","passed","2026-08-14","TestReferralsPageVisible","test_elem_refer","",""
"
Тест проверяет видимость и текст элементов страницы Withdraw.

Для каждого элемента:
1. Дождаться загрузки страницы
2. Проверить видимость элемента
3. Проверить, что текст элемента соответствует ожидаемому
","81","Проверка видимости и текста: support_btn","tests.lk_tests.deposit_withdraw_tests.withdraw_tests","2026-08-14","passed","2026-08-14","TestWithdrawPageVisible","test_elem_withdraw","",""
"
Тест проверяет видимость элементов страницы проекта (без текстового содержимого).

Для каждого элемента:
1. Дождаться загрузки страницы
2. Проверить видимость элемента
","49","Проверка видимости: Project title","tests.lk_tests.project_tests","2026-08-14","passed","2026-08-14","TestElemProject","test_elem_project","",""
"
Тест проверяет открытие и элементы чата поддержки.

1.Открыть чат по кнопке
2.Проверить заголовок ""Crowdy""
3.Проверить статус ""Support companion · online now""
4.Проверить приветственное сообщение
5.Проверить наличие поля ввода
6.Ввести текст ""test""
7.Закрыть чат
","8234","Проверка чата поддержки Crowdy","tests.lk_tests.dashboard_tests","2026-08-14","passed","2026-08-14","TestDashboard","test_dashboard","",""
"
Тест проверяет видимость и текст элементов страницы Withdraw.

Для каждого элемента:
1. Дождаться загрузки страницы
2. Проверить видимость элемента
3. Проверить, что текст элемента соответствует ожидаемому
","46","Проверка видимости и текста: submit_btn","tests.lk_tests.deposit_withdraw_tests.withdraw_tests","2026-08-14","passed","2026-08-14","TestWithdrawPageVisible","test_elem_withdraw","",""
"","31","Проверка видимости и текста: pill_autoinvest","tests.lk_tests.investment_tests.primary_tests","2026-08-14","passed","2026-08-14","TestPrimaryPageVisible","test_elem_primary","",""
"
Тест проверяет видимость элементов страницы проекта (без текстового содержимого).

Для каждого элемента:
1. Дождаться загрузки страницы
2. Проверить видимость элемента
","52","Проверка видимости: Available funds label","tests.lk_tests.project_tests","2026-08-14","passed","2026-08-14","TestElemProject","test_elem_project","",""
"","128","Проверка видимости и текста: tab_all","tests.lk_tests.investment_tests.primary_tests","2026-08-14","passed","2026-08-14","TestPrimaryPageVisible","test_elem_primary","",""
"","112","Проверка видимости и текста: sort_label","tests.lk_tests.investment_tests.primary_tests","2026-08-14","passed","2026-08-14","TestPrimaryPageVisible","test_elem_primary","",""
"
Тест проверяет видимость и текст элементов страницы Rewards.

Для каждого элемента:
1. Дождаться загрузки страницы
2. Проверить видимость элемента
3. Проверить, что текст элемента соответствует ожидаемому
","56","Проверка видимости и текста: history_sort","tests.lk_tests.rewards_tests","2026-08-14","passed","2026-08-14","TestRewardsPageVisible","test_elem_rewards","",""
"
Тест проверяет количество карточек в каждой вкладке статусов.

1. Получить ожидаемое количество из счётчика на вкладке
2. Кликнуть по вкладке и дождаться загрузки карточек
3. Пройти по всем страницам и сравнить фактическое количество с ожидаемым
","24389","Проверка категории: tab-status-Not Raised","tests.lk_tests.investment_tests.primary_tests","2026-08-14","passed","2026-08-14","TestPrimaryFilter1","test_primary_market_filter1","",""
"","80","Проверка видимости и текста: qr_note","tests.lk_tests.refer_tests","2026-08-14","passed","2026-08-14","TestReferralsPageVisible","test_elem_refer","",""
"
Тест проверяет видимость элементов страницы проекта (без текстового содержимого).

Для каждого элемента:
1. Дождаться загрузки страницы
2. Проверить видимость элемента
","60","Проверка видимости: Project stat caption #2","tests.lk_tests.project_tests","2026-08-14","passed","2026-08-14","TestElemProject","test_elem_project","",""
"
Тест проверяет видимость и текст элементов модального окна Schedule.

Для каждого элемента:
1. Дождаться загрузки модального окна
2. Проверить видимость элемента
3. Проверить, что текст элемента соответствует ожидаемому
","56","Проверка видимости и текста: download_btn","tests.lk_tests.portfolio_tests","2026-08-14","passed","2026-08-14","TestPortfolioSchedule","test_elem_portfolio_schedule","",""
"
Тест проверяет видимость элементов на странице Secondary Market (без текстового содержимого).

Для каждого элемента:
1. Дождаться загрузки страницы
2. Проверить видимость элемента
","37","Проверка видимости: per_page_label","tests.lk_tests.investment_tests.secondary_tests","2026-08-14","passed","2026-08-14","TestSecondaryPageVisible","test_elem_secondary","",""
"","9","Проверка количества: password_toggles (ожидается 2)","tests.auth_tests.reg_page_tests","2026-08-14","passed","2026-08-14","TestRegistrationPageVisible","test_elem_registration_page","",""
"","56","Проверка видимости и текста: change_password_btn","tests.lk_tests.personal_settings_tests","2026-08-14","passed","2026-08-14","TestPersonalSettingsPageVisible","test_elem_personal_settings","",""
"
Тест проверяет видимость и текст элементов дашборда.

Для каждого элемента:
1. Дождаться загрузки страницы
2. Проверить видимость элемента
3. Проверить, что текст элемента соответствует ожидаемому
","142","Проверка видимости и текста: banner_cta","tests.lk_tests.dashboard_tests","2026-08-14","passed","2026-08-14","TestDashboardPageVisible","test_elem_dashboard","",""
"
Тест проверяет видимость и текст элементов вкладки Tax страницы Transactions.

Для каждого элемента:
1. Дождаться загрузки страницы
2. Проверить видимость элемента
3. Проверить, что текст элемента соответствует ожидаемому
","36","Проверка видимости и текста: past_title","tests.lk_tests.transactions_tests","2026-08-14","passed","2026-08-14","TestTransactionsTaxPageVisible","test_elem_transactions_tax","",""
"","76","Проверка видимости и текста: step3_badge","tests.lk_tests.refer_tests","2026-08-14","passed","2026-08-14","TestReferralsPageVisible","test_elem_refer","",""
"","62","Проверка видимости и текста: channel_linkedin","tests.lk_tests.refer_tests","2026-08-14","passed","2026-08-14","TestReferralsPageVisible","test_elem_refer","",""
"
Тест проверяет видимость элементов страницы проекта (без текстового содержимого).

Для каждого элемента:
1. Дождаться загрузки страницы
2. Проверить видимость элемента
","65","Проверка видимости: Project status badge","tests.lk_tests.project_tests","2026-08-14","passed","2026-08-14","TestElemProject","test_elem_project","",""
"
Тест проверяет переключение между сеткой и таблицей.

1. Определить текущий вид отображения
2. Кликнуть кнопку переключения
3. Проверить, что вид изменился
","1125","Проверка переключения вида отображения карточек","tests.lk_tests.investment_tests.primary_tests","2026-08-14","passed","2026-08-14","TestPrimaryMarket","test_primary_market","",""
"
Тест проверяет видимость и текст элементов страницы Withdraw.

Для каждого элемента:
1. Дождаться загрузки страницы
2. Проверить видимость элемента
3. Проверить, что текст элемента соответствует ожидаемому
","47","Проверка видимости и текста: recent_title","tests.lk_tests.deposit_withdraw_tests.withdraw_tests","2026-08-14","passed","2026-08-14","TestWithdrawPageVisible","test_elem_withdraw","",""
"
Тест проверяет видимость элементов дашборда (без текстового содержимого).

Для каждого элемента:
1.Дождаться загрузки страницы
2.Проверить видимость элемента
","25","Проверка видимости: ideas_action","tests.lk_tests.dashboard_tests","2026-08-14","passed","2026-08-14","TestDashboardPageVisible","test_elem_dashboard","",""
"
Тест проверяет видимость и текст элементов сайдбара.

Для каждого элемента:
1.Дождаться загрузки сайдбара
2.Проверить видимость элемента
3.Проверить, что текст элемента соответствует ожидаемому
","58","Проверка видимости и текста: Имя пользователя","tests.sidebar_tests","2026-08-14","passed","2026-08-14","TestSidebarVisible","test_elem_sidebar","",""
"","42","Проверка видимости: footer_amount","tests.lk_tests.refer_tests","2026-08-14","passed","2026-08-14","TestReferralsPageVisible","test_elem_refer","",""
"
Тест проверяет видимость и текст элементов на странице Secondary Market.

Для каждого элемента:
1. Дождаться загрузки страницы
2. Проверить видимость элемента
3. Проверить, что текст элемента соответствует ожидаемому
","43","Проверка видимости и текста: action","tests.lk_tests.investment_tests.secondary_tests","2026-08-14","passed","2026-08-14","TestSecondaryPageVisible","test_elem_secondary","",""
"
Тест проверяет видимость и текст элементов страницы Deposit.

Для каждого элемента:
1. Дождаться загрузки страницы
2. Проверить видимость элемента
3. Проверить, что текст элемента соответствует ожидаемому
","73","Проверка видимости и текста: bank_two_label","tests.lk_tests.deposit_withdraw_tests.deposit_tests","2026-08-14","passed","2026-08-14","TestDepositPageVisible","test_elem_deposit","",""
"","67","Проверка видимости и текста: step2_chip","tests.lk_tests.refer_tests","2026-08-14","passed","2026-08-14","TestReferralsPageVisible","test_elem_refer","",""
"
Тест проверяет переключение количества карточек на странице.

1. Переключить селект на {per_page} per page
2. Дождаться обновления
3. Проверить, что на странице {expected_count} карточек
","3127","Проверка переключения количества карточек на странице: 12","tests.lk_tests.investment_tests.primary_tests","2026-08-14","passed","2026-08-14","TestPrimaryMarket","test_primary_market","",""
"
Тест проверяет видимость и текст элементов модального окна Schedule.

Для каждого элемента:
1. Дождаться загрузки модального окна
2. Проверить видимость элемента
3. Проверить, что текст элемента соответствует ожидаемому
","111","Проверка видимости и текста: total","tests.lk_tests.portfolio_tests","2026-08-14","passed","2026-08-14","TestPortfolioSchedule","test_elem_portfolio_schedule","",""
"
Тест проверяет переключение количества карточек на странице Secondary Market.

1. Переключить селект на {per_page} per page
2. Дождаться обновления
3. Проверить, что на странице {expected_count} карточек
","3808","Проверка переключения количества карточек на странице Secondary: 12","tests.lk_tests.investment_tests.secondary_tests","2026-08-14","passed","2026-08-14","TestSecondaryMarket","test_secondary_market","",""
"","65","Проверка видимости и текста: account_id","tests.lk_tests.personal_settings_tests","2026-08-14","passed","2026-08-14","TestPersonalSettingsPageVisible","test_elem_personal_settings","",""
"
Тест проверяет видимость элементов дашборда (без текстового содержимого).

Для каждого элемента:
1.Дождаться загрузки страницы
2.Проверить видимость элемента
","145","Проверка видимости: ideas_action","tests.lk_tests.dashboard_tests","2026-08-14","passed","2026-08-14","TestDashboardPageVisible","test_elem_dashboard","",""
"
Тест проверяет видимость элементов страницы Transactions (без проверки текста).

Для каждого элемента:
1. Дождаться загрузки страницы
2. Проверить видимость элемента
","44","Проверка видимости: interest_value","tests.lk_tests.transactions_tests","2026-08-14","passed","2026-08-14","TestTransactionsPageVisible","test_elem_transactions","",""
"
Тест проверяет видимость элементов страницы Transactions (без проверки текста).

Для каждого элемента:
1. Дождаться загрузки страницы
2. Проверить видимость элемента
","54","Проверка видимости: account","tests.lk_tests.transactions_tests","2026-08-14","passed","2026-08-14","TestTransactionsPageVisible","test_elem_transactions","",""
"","63","Проверка видимости и текста: tab_completed","tests.lk_tests.portfolio_tests","2026-08-14","passed","2026-08-14","TestPortfolioPageVisible","test_elem_portfolio_active","",""
"
Тест проверяет видимость и текст элементов страницы проекта.

Для каждого элемента:
1. Дождаться загрузки страницы
2. Проверить видимость элемента
3. Проверить, что текст элемента соответствует ожидаемому
","81","Проверка видимости и текста: quick_500","tests.lk_tests.project_tests","2026-08-14","passed","2026-08-14","TestElemProject","test_elem_project","",""
"","49","Проверка видимости и текста: sort_label","tests.lk_tests.investment_tests.primary_tests","2026-08-14","passed","2026-08-14","TestPrimaryPageVisible","test_elem_primary","",""
"
Тест проверяет видимость и текст элементов страницы Deposit.

Для каждого элемента:
1. Дождаться загрузки страницы
2. Проверить видимость элемента
3. Проверить, что текст элемента соответствует ожидаемому
","64","Проверка видимости и текста: step1_label","tests.lk_tests.deposit_withdraw_tests.deposit_tests","2026-08-14","passed","2026-08-14","TestDepositPageVisible","test_elem_deposit","",""
"","75","Проверка видимости и текста: invite_label","tests.lk_tests.refer_tests","2026-08-14","passed","2026-08-14","TestReferralsPageVisible","test_elem_refer","",""
"
Тест проверяет видимость и текст элементов страницы Deposit.

Для каждого элемента:
1. Дождаться загрузки страницы
2. Проверить видимость элемента
3. Проверить, что текст элемента соответствует ожидаемому
","79","Проверка видимости и текста: updated","tests.lk_tests.deposit_withdraw_tests.deposit_tests","2026-08-14","passed","2026-08-14","TestDepositPageVisible","test_elem_deposit","",""
"
Тест проверяет видимость элементов дашборда (без текстового содержимого).

Для каждого элемента:
1.Дождаться загрузки страницы
2.Проверить видимость элемента
","32","Проверка видимости: loyalty_card_tiers","tests.lk_tests.dashboard_tests","2026-08-14","passed","2026-08-14","TestDashboardPageVisible","test_elem_dashboard","",""
"","90","Проверка видимости и текста: tab_not_raised","tests.lk_tests.investment_tests.primary_tests","2026-08-14","passed","2026-08-14","TestPrimaryPageVisible","test_elem_primary","",""
"
Тест проверяет видимость и текст элементов на странице Secondary Market.

Для каждого элемента:
1. Дождаться загрузки страницы
2. Проверить видимость элемента
3. Проверить, что текст элемента соответствует ожидаемому
","76","Проверка видимости и текста: sectors_label","tests.lk_tests.investment_tests.secondary_tests","2026-08-14","passed","2026-08-14","TestSecondaryPageVisible","test_elem_secondary","",""
"
Тест проверяет видимость и текст элементов страницы Withdraw.

Для каждого элемента:
1. Дождаться загрузки страницы
2. Проверить видимость элемента
3. Проверить, что текст элемента соответствует ожидаемому
","122","Проверка видимости и текста: withdraw_title","tests.lk_tests.deposit_withdraw_tests.withdraw_tests","2026-08-14","passed","2026-08-14","TestWithdrawPageVisible","test_elem_withdraw","",""
"
Тест проверяет видимость элементов страницы Transactions (без проверки текста).

Для каждого элемента:
1. Дождаться загрузки страницы
2. Проверить видимость элемента
","43","Проверка видимости: interest_value","tests.lk_tests.transactions_tests","2026-08-14","passed","2026-08-14","TestTransactionsPageVisible","test_elem_transactions","",""
"","556","Проверка видимости и текста: th_next_payment","tests.lk_tests.portfolio_tests","2026-08-14","passed","2026-08-14","TestPortfolioPageVisible","test_elem_portfolio_active","",""
"
Тест проверяет видимость и текст элементов страницы Rewards.

Для каждого элемента:
1. Дождаться загрузки страницы
2. Проверить видимость элемента
3. Проверить, что текст элемента соответствует ожидаемому
","52","Проверка видимости и текста: compare_platinum","tests.lk_tests.rewards_tests","2026-08-14","passed","2026-08-14","TestRewardsPageVisible","test_elem_rewards","",""
"
Тест проверяет количество элементов дашборда.

1.Дождаться загрузки страницы
2.Проверить количество элементов
3.Для progress-bar проверить что все имеют размеры
","37","Проверка количества: idea_card_rates (ожидается 3)","tests.lk_tests.dashboard_tests","2026-08-14","passed","2026-08-14","TestDashboardPageVisible","test_elem_dashboard","",""
"
Тест проверяет видимость и текст элементов вкладки Tax страницы Transactions.

Для каждого элемента:
1. Дождаться загрузки страницы
2. Проверить видимость элемента
3. Проверить, что текст элемента соответствует ожидаемому
","70","Проверка видимости и текста: featured_title","tests.lk_tests.transactions_tests","2026-08-14","passed","2026-08-14","TestTransactionsTaxPageVisible","test_elem_transactions_tax","",""
"
Тест проверяет видимость и текст элементов на странице Secondary Market.

Для каждого элемента:
1. Дождаться загрузки страницы
2. Проверить видимость элемента
3. Проверить, что текст элемента соответствует ожидаемому
","113","Проверка видимости и текста: banner_cta","tests.lk_tests.investment_tests.secondary_tests","2026-08-14","passed","2026-08-14","TestSecondaryPageVisible","test_elem_secondary","",""
"
Тест проверяет видимость и текст элементов на странице Secondary Market.

Для каждого элемента:
1. Дождаться загрузки страницы
2. Проверить видимость элемента
3. Проверить, что текст элемента соответствует ожидаемому
","3","Проверка видимости и текста: catalog_tagline","tests.lk_tests.investment_tests.secondary_tests","2026-08-14","passed","2026-08-14","TestSecondaryPageVisible","test_elem_secondary","",""
"","37","Проверка видимости: table_count","tests.lk_tests.refer_tests","2026-08-14","passed","2026-08-14","TestReferralsPageVisible","test_elem_refer","",""
"","73","Проверка видимости и текста: stats_deposited_label","tests.lk_tests.refer_tests","2026-08-14","passed","2026-08-14","TestReferralsPageVisible","test_elem_refer","",""
"
Тест проверяет количество элементов дашборда.

1.Дождаться загрузки страницы
2.Проверить количество элементов
3.Для progress-bar проверить что все имеют размеры
","32","Проверка количества: earning_dynamics (ожидается 2)","tests.lk_tests.dashboard_tests","2026-08-14","passed","2026-08-14","TestDashboardPageVisible","test_elem_dashboard","",""
"
Тест проверяет видимость и текст элементов страницы Deposit.

Для каждого элемента:
1. Дождаться загрузки страницы
2. Проверить видимость элемента
3. Проверить, что текст элемента соответствует ожидаемому
","59","Проверка видимости и текста: bank_one_badge","tests.lk_tests.deposit_withdraw_tests.deposit_tests","2026-08-14","passed","2026-08-14","TestDepositPageVisible","test_elem_deposit","",""
"
Тест проверяет фильтрацию проектов по сроку на Secondary Market.

1. Получить список доступных диапазонов срока из фильтра
2. Для каждого диапазона: выбрать диапазон и проверить, что все карточки содержат срок в нужном диапазоне
3. Для каждого диапазона проверить, что количество карточек совпадает с заголовком
","33552","Проверка фильтрации по сроку на Secondary Market","tests.lk_tests.investment_tests.secondary_tests","2026-08-14","passed","2026-08-14","TestSecondaryMarketFilter1","test_secondary_market_filter1","",""
"","46","Проверка видимости: header_capital","tests.lk_tests.portfolio_tests","2026-08-14","passed","2026-08-14","TestPortfolioPageVisible","test_elem_portfolio_active","",""
"
Тест проверяет фильтрацию проектов по секторам.

1. Получить список доступных секторов из фильтра
2. Для каждого сектора: выбрать сектор и проверить, что все карточки содержат сектор
3. Для каждого сектора проверить, что количество карточек совпадает с заголовком
","57388","Проверка фильтрации проектов по секторам","tests.lk_tests.investment_tests.primary_tests","2026-08-14","passed","2026-08-14","TestPrimaryFilter","test_primary_market_filter","",""
"","3","Проверка видимости и текста: header_subtitle","tests.lk_tests.refer_tests","2026-08-14","passed","2026-08-14","TestReferralsPageVisible","test_elem_refer","",""
"
Тест проверяет видимость элементов на странице Secondary Market (без текстового содержимого).

Для каждого элемента:
1. Дождаться загрузки страницы
2. Проверить видимость элемента
","49","Проверка видимости: grade_label","tests.lk_tests.investment_tests.secondary_tests","2026-08-14","passed","2026-08-14","TestSecondaryPageVisible","test_elem_secondary","",""
"","551","Проверка видимости и текста: th_status","tests.lk_tests.portfolio_tests","2026-08-14","passed","2026-08-14","TestPortfolioPageVisible","test_elem_portfolio_active","",""
"","74","Проверка видимости и текста: stats_earned_label","tests.lk_tests.refer_tests","2026-08-14","passed","2026-08-14","TestReferralsPageVisible","test_elem_refer","",""
"","116","Проверка видимости и текста: stat_expected_revenue","tests.lk_tests.portfolio_tests","2026-08-14","passed","2026-08-14","TestPortfolioPageVisible","test_elem_portfolio_active","",""
"","64","Проверка видимости и текста: step1_badge","tests.lk_tests.refer_tests","2026-08-14","passed","2026-08-14","TestReferralsPageVisible","test_elem_refer","",""
"
Тест проверяет видимость и текст элементов сайдбара.

Для каждого элемента:
1.Дождаться загрузки сайдбара
2.Проверить видимость элемента
3.Проверить, что текст элемента соответствует ожидаемому
","27","Проверка видимости и текста: Надпись Available Balance","tests.sidebar_tests","2026-08-14","passed","2026-08-14","TestSidebarVisible","test_elem_sidebar","",""
"
Тест проверяет видимость элементов страницы Rewards (без проверки текста).

Для каждого элемента:
1. Дождаться загрузки страницы
2. Проверить видимость элемента
","68","Проверка видимости: history_toggle","tests.lk_tests.rewards_tests","2026-08-14","passed","2026-08-14","TestRewardsPageVisible","test_elem_rewards","",""
"","67","Проверка видимости: chat_bot","tests.lk_tests.portfolio_tests","2026-08-14","passed","2026-08-14","TestPortfolioCompletedPageVisible","test_elem_portfolio_completed","",""
"","49","Проверка видимости и текста: banner_title","tests.lk_tests.investment_tests.primary_tests","2026-08-14","passed","2026-08-14","TestPrimaryPageVisible","test_elem_primary","",""
"","479","Проверка видимости и текста: hero_eyebrow","tests.lk_tests.refer_tests","2026-08-14","passed","2026-08-14","TestReferralsPageVisible","test_elem_refer","",""
"
Тест проверяет видимость элементов модального окна Schedule (без текстового содержимого).

Для каждого элемента:
1. Дождаться загрузки модального окна
2. Проверить видимость элемента
","49","Проверка видимости: show_all_btn","tests.lk_tests.portfolio_tests","2026-08-14","passed","2026-08-14","TestPortfolioSchedule","test_elem_portfolio_schedule","",""
"
Тест проверяет видимость и текст элементов страницы Rewards.

Для каждого элемента:
1. Дождаться загрузки страницы
2. Проверить видимость элемента
3. Проверить, что текст элемента соответствует ожидаемому
","45","Проверка видимости и текста: compare_platinum","tests.lk_tests.rewards_tests","2026-08-14","passed","2026-08-14","TestRewardsPageVisible","test_elem_rewards","",""
"
Тест проверяет видимость и текст элементов страницы Withdraw.

Для каждого элемента:
1. Дождаться загрузки страницы
2. Проверить видимость элемента
3. Проверить, что текст элемента соответствует ожидаемому
","71","Проверка видимости и текста: step2_name","tests.lk_tests.deposit_withdraw_tests.withdraw_tests","2026-08-14","passed","2026-08-14","TestWithdrawPageVisible","test_elem_withdraw","",""
"
Тест проверяет видимость элементов модального окна Schedule (без текстового содержимого).

Для каждого элемента:
1. Дождаться загрузки модального окна
2. Проверить видимость элемента
","37","Проверка видимости: subtitle","tests.lk_tests.portfolio_tests","2026-08-14","passed","2026-08-14","TestPortfolioSchedule","test_elem_portfolio_schedule","",""
"
Тест проверяет переход на страницу проекта при клике на кнопку в карточке.

1. Пройти по страницам в поиске кнопки
2. Запомнить название проекта
3. Кликнуть кнопку
4. Проверить переход на страницу проекта
5. Проверить, что заголовок совпадает
","2723","Проверка перехода на страницу проекта по кнопке Invest now","tests.lk_tests.investment_tests.primary_tests","2026-08-14","passed","2026-08-14","TestPrimaryMarket","test_primary_market","",""
"","110","Проверка видимости и текста: tab_open","tests.lk_tests.investment_tests.primary_tests","2026-08-14","passed","2026-08-14","TestPrimaryPageVisible","test_elem_primary","",""
"","6","Проверка видимости и текста: password_memo","tests.lk_tests.personal_settings_tests","2026-08-14","passed","2026-08-14","TestPersonalSettingsPageVisible","test_elem_personal_settings","",""
"","66","Проверка видимости и текста: first_name","tests.lk_tests.personal_settings_tests","2026-08-14","passed","2026-08-14","TestPersonalSettingsPageVisible","test_elem_personal_settings","",""
"","94","Проверка видимости и текста: page_title","tests.lk_tests.investment_tests.primary_tests","2026-08-14","passed","2026-08-14","TestPrimaryPageVisible","test_elem_primary","",""
"","42","Проверка видимости и текста: sectors_label","tests.lk_tests.investment_tests.primary_tests","2026-08-14","passed","2026-08-14","TestPrimaryPageVisible","test_elem_primary","",""
"
Тест проверяет видимость и текст элементов страницы Withdraw.

Для каждого элемента:
1. Дождаться загрузки страницы
2. Проверить видимость элемента
3. Проверить, что текст элемента соответствует ожидаемому
","50","Проверка видимости и текста: submit_btn","tests.lk_tests.deposit_withdraw_tests.withdraw_tests","2026-08-14","passed","2026-08-14","TestWithdrawPageVisible","test_elem_withdraw","",""
"","60","Проверка видимости и текста: contact_title","tests.lk_tests.personal_settings_tests","2026-08-14","passed","2026-08-14","TestPersonalSettingsPageVisible","test_elem_personal_settings","",""
"
Тест проверяет видимость и текст элементов футера.

Для каждого элемента:
1.Дождаться загрузки футера
2.Проверить видимость элемента
3.Проверить, что текст элемента соответствует ожидаемому
","75","Проверка видимости и текста: community_title","tests.footer_tests","2026-08-14","passed","2026-08-14","TestFooterVisible","test_elem_footer","",""
"
Тест проверяет фильтрацию по диапазону Price.

1. Открыть фильтр Price
2. Выставить левый ползунок на 300, правый на 550
3. Нажать Apply
4. Проверить, что все карточки содержат цену в диапазоне €300–€550
","4549","Проверка фильтрации по Price на Secondary Market","tests.lk_tests.investment_tests.secondary_tests","2026-08-14","passed","2026-08-14","TestSecondaryMarketFilter1","test_secondary_market_filter1","",""
"
Тест проверяет видимость и текст элементов панели покупки.

Для каждого элемента:
1. Дождаться загрузки панели
2. Проверить видимость элемента
3. Проверить, что текст элемента соответствует ожидаемому
","0","Проверка видимости и текста: table_title","tests.lk_tests.investment_tests.secondary_tests","2026-08-14","passed","2026-08-14","TestBuyPanel","test_elem_secondary_buy","",""
"
Тест проверяет видимость элементов на странице Secondary Market (без текстового содержимого).

Для каждого элемента:
1. Дождаться загрузки страницы
2. Проверить видимость элемента
","30","Проверка видимости: price_label","tests.lk_tests.investment_tests.secondary_tests","2026-08-14","passed","2026-08-14","TestSecondaryPageVisible","test_elem_secondary","",""
"","43","Проверка видимости и текста: tab_coming_soon","tests.lk_tests.investment_tests.primary_tests","2026-08-14","passed","2026-08-14","TestPrimaryPageVisible","test_elem_primary","",""
"
Тест проверяет видимость и текст элементов страницы Transactions.

Для каждого элемента:
1. Дождаться загрузки страницы
2. Проверить видимость элемента
3. Проверить, что текст элемента соответствует ожидаемому
","65","Проверка видимости и текста: filter_separator","tests.lk_tests.transactions_tests","2026-08-14","passed","2026-08-14","TestTransactionsPageVisible","test_elem_transactions","",""
"
Тест проверяет видимость элементов страницы проекта (без текстового содержимого).

Для каждого элемента:
1. Дождаться загрузки страницы
2. Проверить видимость элемента
","60","Проверка видимости: Rating","tests.lk_tests.project_tests","2026-08-14","passed","2026-08-14","TestElemProject","test_elem_project","",""
"
Тест проверяет фильтрацию проектов по рейтингу.

1. Получить список доступных рейтингов из фильтра
2. Для каждого рейтинга: выбрать рейтинг и проверить, что все карточки содержат рейтинг
3. Для каждого рейтинга проверить, что количество карточек совпадает с заголовком
","44308","Проверка фильтрации проектов по рейтингу","tests.lk_tests.investment_tests.primary_tests","2026-08-14","passed","2026-08-14","TestPrimaryFilter","test_primary_market_filter","",""
"","59","Проверка видимости и текста: th_reward","tests.lk_tests.refer_tests","2026-08-14","passed","2026-08-14","TestReferralsPageVisible","test_elem_refer","",""
"
Тест проверяет фильтрацию Secondary Market по диапазону доходности.

1. Открыть фильтр apr
2. Установить ползунок: левый на 13%, правый оставить 20%
3. Применить фильтр и проверить, что все карточки содержат доходность в диапазоне 13–20%
4. Сравнить количество карточек с заголовком
","17992","Проверка фильтрации по доходности","tests.lk_tests.investment_tests.secondary_tests","2026-08-14","passed","2026-08-14","TestSecondaryMarketFilter","test_secondary_market_filter","",""
"
Тест проверяет видимость и текст элементов на странице Secondary Market.

Для каждого элемента:
1. Дождаться загрузки страницы
2. Проверить видимость элемента
3. Проверить, что текст элемента соответствует ожидаемому
","28","Проверка видимости и текста: remaining","tests.lk_tests.investment_tests.secondary_tests","2026-08-14","passed","2026-08-14","TestSecondaryPageVisible","test_elem_secondary","",""
"
Тест проверяет видимость и текст элементов страницы Transactions.

Для каждого элемента:
1. Дождаться загрузки страницы
2. Проверить видимость элемента
3. Проверить, что текст элемента соответствует ожидаемому
","30","Проверка видимости и текста: tab_all_time","tests.lk_tests.transactions_tests","2026-08-14","passed","2026-08-14","TestTransactionsPageVisible","test_elem_transactions","",""
"
Тест проверяет ошибку при пустом email.

1.Нажать Send code с пустым полем
2.Проверить сообщение ""This field is required""
","280","Проверка восстановления пароля с пустым email","tests.auth_tests.forgot_page_tests","2026-08-14","passed","2026-08-14","TestForgotPasswordFalse","test_forgot_password","",""
"
Тест проверяет видимость элементов панели покупки (без текстового содержимого).

Для каждого элемента:
1. Дождаться загрузки панели
2. Проверить видимость элемента
","27","Проверка видимости: value_asking","tests.lk_tests.investment_tests.secondary_tests","2026-08-14","passed","2026-08-14","TestBuyPanel","test_elem_secondary_buy","",""
"
Тест проверяет переход на страницу Refer & Earn при клике на Invite friends.

1. Кликнуть на кнопку Invite friends
2. Проверить переход на /en/rewards
","1526","Проверка перехода по кнопке Invite friends на страницу Refer & Earn","tests.lk_tests.portfolio_tests","2026-08-14","passed","2026-08-14","TestPortfolioPage","test_portfolio","",""
"","29","Проверка видимости и текста: hero_title_accent","tests.lk_tests.refer_tests","2026-08-14","passed","2026-08-14","TestReferralsPageVisible","test_elem_refer","",""
"
Тест проверяет видимость элементов страницы проекта (без текстового содержимого).

Для каждого элемента:
1. Дождаться загрузки страницы
2. Проверить видимость элемента
","53","Проверка видимости: LTV value","tests.lk_tests.project_tests","2026-08-14","passed","2026-08-14","TestElemProject","test_elem_project","",""
"
Тест проверяет навигацию по элементам сайдбара.

Для каждого элемента:
1.Кликнуть по элементу
2.Дождаться перехода по URL
3.Проверить, что URL заканчивается на ожидаемый путь
","243","Проверка навигации: portfolio","tests.sidebar_tests","2026-08-14","passed","2026-08-14","TestSidebarNav","test_sidebar_nav","",""
"","32","Проверка видимости и текста: sector_filter","tests.lk_tests.portfolio_tests","2026-08-14","passed","2026-08-14","TestPortfolioCompletedPageVisible","test_elem_portfolio_completed","",""
"","32","Проверка видимости и текста: stat_next_payment","tests.lk_tests.portfolio_tests","2026-08-14","passed","2026-08-14","TestPortfolioPageVisible","test_elem_portfolio_active","",""
"","72","Проверка видимости и текста: button_register","tests.auth_tests.reg_page_tests","2026-08-14","passed","2026-08-14","TestRegistrationPageVisible","test_elem_registration_page","",""
"
Тест проверяет переключение количества карточек на странице.

1. Переключить селект на {per_page} per page
2. Дождаться обновления
3. Проверить, что на странице {expected_count} карточек
","3155","Проверка переключения количества карточек на странице: 18","tests.lk_tests.investment_tests.primary_tests","2026-08-14","passed","2026-08-14","TestPrimaryMarket","test_primary_market","",""
"
Тест проверяет видимость элементов страницы Transactions (без проверки текста).

Для каждого элемента:
1. Дождаться загрузки страницы
2. Проверить видимость элемента
","32","Проверка видимости: money_in_value","tests.lk_tests.transactions_tests","2026-08-14","passed","2026-08-14","TestTransactionsPageVisible","test_elem_transactions","",""
"","31","Проверка видимости и текста: collateral_label","tests.lk_tests.investment_tests.primary_tests","2026-08-14","passed","2026-08-14","TestPrimaryPageVisible","test_elem_primary","",""
"
Тест проверяет видимость и текст элементов страницы проекта.

Для каждого элемента:
1. Дождаться загрузки страницы
2. Проверить видимость элемента
3. Проверить, что текст элемента соответствует ожидаемому
","92","Проверка видимости и текста: due_diligence_caption","tests.lk_tests.project_tests","2026-08-14","passed","2026-08-14","TestElemProject","test_elem_project","",""
"
Тест проверяет видимость и текст элементов страницы Withdraw.

Для каждого элемента:
1. Дождаться загрузки страницы
2. Проверить видимость элемента
3. Проверить, что текст элемента соответствует ожидаемому
","78","Проверка видимости и текста: available_label","tests.lk_tests.deposit_withdraw_tests.withdraw_tests","2026-08-14","passed","2026-08-14","TestWithdrawPageVisible","test_elem_withdraw","",""
"
Тест проверяет навигацию по элементам сайдбара.

Для каждого элемента:
1.Кликнуть по элементу
2.Дождаться перехода по URL
3.Проверить, что URL заканчивается на ожидаемый путь
","144","Проверка навигации: investment","tests.sidebar_tests","2026-08-14","passed","2026-08-14","TestSidebarNav","test_sidebar_nav","",""
"
Тест проверяет видимость и текст элементов страницы проекта.

Для каждого элемента:
1. Дождаться загрузки страницы
2. Проверить видимость элемента
3. Проверить, что текст элемента соответствует ожидаемому
","77","Проверка видимости и текста: invest_title","tests.lk_tests.project_tests","2026-08-14","passed","2026-08-14","TestElemProject","test_elem_project","",""
"
Тест проверяет количество элементов дашборда.

1.Дождаться загрузки страницы
2.Проверить количество элементов
3.Для progress-bar проверить что все имеют размеры
","14","Проверка количества: idea_card_rates (ожидается 3)","tests.lk_tests.dashboard_tests","2026-08-14","passed","2026-08-14","TestDashboardPageVisible","test_elem_dashboard","",""
"
Тест проверяет видимость и текст элементов страницы Transactions.

Для каждого элемента:
1. Дождаться загрузки страницы
2. Проверить видимость элемента
3. Проверить, что текст элемента соответствует ожидаемому
","170","Проверка видимости и текста: tab_yesterday","tests.lk_tests.transactions_tests","2026-08-14","passed","2026-08-14","TestTransactionsPageVisible","test_elem_transactions","",""
"
Тест проверяет видимость и текст элементов футера.

Для каждого элемента:
1.Дождаться загрузки футера
2.Проверить видимость элемента
3.Проверить, что текст элемента соответствует ожидаемому
","72","Проверка видимости и текста: follow_us_title","tests.footer_tests","2026-08-14","passed","2026-08-14","TestFooterVisible","test_elem_footer","",""
"
Тест проверяет видимость и текст элементов страницы проекта.

Для каждого элемента:
1. Дождаться загрузки страницы
2. Проверить видимость элемента
3. Проверить, что текст элемента соответствует ожидаемому
","71","Проверка видимости и текста: min_investment_value","tests.lk_tests.project_tests","2026-08-14","passed","2026-08-14","TestElemProject","test_elem_project","",""
"
Тест проверяет видимость элементов страницы Transactions (без проверки текста).

Для каждого элемента:
1. Дождаться загрузки страницы
2. Проверить видимость элемента
","45","Проверка видимости: table_count_number","tests.lk_tests.transactions_tests","2026-08-14","passed","2026-08-14","TestTransactionsPageVisible","test_elem_transactions","",""
"
Тест проверяет навигацию по элементам сайдбара.

Для каждого элемента:
1.Кликнуть по элементу
2.Дождаться перехода по URL
3.Проверить, что URL заканчивается на ожидаемый путь
","113","Проверка навигации: investor_avatar","tests.sidebar_tests","2026-08-14","passed","2026-08-14","TestSidebarNav","test_sidebar_nav","",""
"
Тест проверяет видимость и текст элементов на странице Secondary Market.

Для каждого элемента:
1. Дождаться загрузки страницы
2. Проверить видимость элемента
3. Проверить, что текст элемента соответствует ожидаемому
","32","Проверка видимости и текста: grade","tests.lk_tests.investment_tests.secondary_tests","2026-08-14","passed","2026-08-14","TestSecondaryPageVisible","test_elem_secondary","",""
"
Тест проверяет видимость элементов страницы проекта (без текстового содержимого).

Для каждого элемента:
1. Дождаться загрузки страницы
2. Проверить видимость элемента
","50","Проверка видимости: Project stat caption #2","tests.lk_tests.project_tests","2026-08-14","passed","2026-08-14","TestElemProject","test_elem_project","",""
"
Тест проверяет видимость и текст элементов панели покупки.

Для каждого элемента:
1. Дождаться загрузки панели
2. Проверить видимость элемента
3. Проверить, что текст элемента соответствует ожидаемому
","0","Проверка видимости и текста: table_title","tests.lk_tests.investment_tests.secondary_tests","2026-08-14","passed","2026-08-14","TestBuyPanel","test_elem_secondary_buy","",""
"","56","Проверка видимости и текста: grade_filter","tests.lk_tests.portfolio_tests","2026-08-14","passed","2026-08-14","TestPortfolioPageVisible","test_elem_portfolio_active","",""
"","37","Проверка видимости: link_terms","tests.auth_tests.reg_page_tests","2026-08-14","passed","2026-08-14","TestRegistrationPageVisible","test_elem_registration_page","",""
"","50","Проверка видимости: input_email_input","tests.auth_tests.reg_page_tests","2026-08-14","passed","2026-08-14","TestRegistrationPageVisible","test_elem_registration_page","",""
"","72","Проверка видимости и текста: step1_title","tests.lk_tests.refer_tests","2026-08-14","passed","2026-08-14","TestReferralsPageVisible","test_elem_refer","",""
"","39","Проверка видимости: input_email_input","tests.auth_tests.reg_page_tests","2026-08-14","passed","2026-08-14","TestRegistrationPageVisible","test_elem_registration_page","",""
"","28","Проверка количества: stat_subs (ожидается 4)","tests.lk_tests.portfolio_tests","2026-08-14","passed","2026-08-14","TestPortfolioPageVisible","test_elem_portfolio_active","",""
"","51","Проверка видимости: table_count","tests.lk_tests.refer_tests","2026-08-14","passed","2026-08-14","TestReferralsPageVisible","test_elem_refer","",""
"
Тест проверяет количество элементов страницы проекта.

1. Дождаться загрузки страницы
2. Проверить количество элементов
","23","Проверка количества: Latest project titles (ожидается 4)","tests.lk_tests.project_tests","2026-08-14","passed","2026-08-14","TestElemProject","test_elem_project","",""
"
Тест проверяет видимость и текст элементов дашборда.

Для каждого элемента:
1. Дождаться загрузки страницы
2. Проверить видимость элемента
3. Проверить, что текст элемента соответствует ожидаемому
","124","Проверка видимости и текста: loyalty_tier_sub","tests.lk_tests.dashboard_tests","2026-08-14","passed","2026-08-14","TestDashboardPageVisible","test_elem_dashboard","",""
"
Тест проверяет видимость элементов на странице логина (без текстового содержимого).

Для каждого элемента:
1.Дождаться загрузки страницы
2.Проверить видимость элемента
","31","Проверка видимости: form_login","tests.auth_tests.login_page_tests","2026-08-14","passed","2026-08-14","TestLoginPageVisible","test_login_page","",""
"
Тест проверяет видимость элементов страницы Rewards (без проверки текста).

Для каждого элемента:
1. Дождаться загрузки страницы
2. Проверить видимость элемента
","45","Проверка видимости: history_count","tests.lk_tests.rewards_tests","2026-08-14","passed","2026-08-14","TestRewardsPageVisible","test_elem_rewards","",""
"","35","Проверка видимости и текста: countries_label","tests.lk_tests.investment_tests.primary_tests","2026-08-14","passed","2026-08-14","TestPrimaryPageVisible","test_elem_primary","",""
"","61","Проверка видимости и текста: two_factor_email_title","tests.lk_tests.personal_settings_tests","2026-08-14","passed","2026-08-14","TestPersonalSettingsPageVisible","test_elem_personal_settings","",""
"
Тест проверяет видимость и текст элементов на странице Secondary Market.

Для каждого элемента:
1. Дождаться загрузки страницы
2. Проверить видимость элемента
3. Проверить, что текст элемента соответствует ожидаемому
","82","Проверка видимости и текста: hide_invested","tests.lk_tests.investment_tests.secondary_tests","2026-08-14","passed","2026-08-14","TestSecondaryPageVisible","test_elem_secondary","",""
"","12","Проверка видимости и текста: text_agreement_legal","tests.auth_tests.reg_page_tests","2026-08-14","passed","2026-08-14","TestRegistrationPageVisible","test_elem_registration_page","",""
"
Тест проверяет видимость элементов страницы проекта (без текстового содержимого).

Для каждого элемента:
1. Дождаться загрузки страницы
2. Проверить видимость элемента
","59","Проверка видимости: Project description","tests.lk_tests.project_tests","2026-08-14","passed","2026-08-14","TestElemProject","test_elem_project","",""
"","29","Проверка видимости и текста: tab_repaid","tests.lk_tests.investment_tests.primary_tests","2026-08-14","passed","2026-08-14","TestPrimaryPageVisible","test_elem_primary","",""
"
Тест проверяет, что при вводе неверных данных авторизация не проходит и появляется сообщение об ошибке.

Для каждого варианта невалидных данных:
1.Открыть страницу логина
2.Заполнить форму невалидными данными
3.Нажать кнопку логина
4.Проверить появление сообщения об ошибке
","3632","Проверка авторизации с невалидными данными: Неверный пароль","tests.auth_tests.login_page_tests","2026-08-14","passed","2026-08-14","TestAuthorization","test_authorization","",""
"","124","Проверка видимости и текста: steps_title","tests.lk_tests.refer_tests","2026-08-14","passed","2026-08-14","TestReferralsPageVisible","test_elem_refer","",""
"","50","Проверка видимости: rate_label","tests.lk_tests.investment_tests.primary_tests","2026-08-14","passed","2026-08-14","TestPrimaryPageVisible","test_elem_primary","",""
"
Тест проверяет количество элементов страницы Rewards.

Для каждого элемента:
1. Дождаться загрузки страницы
2. Проверить, что количество элементов соответствует ожидаемому
","3","Проверка количества: step_line_filled (ожидается 3)","tests.lk_tests.rewards_tests","2026-08-14","passed","2026-08-14","TestRewardsPageVisible","test_elem_rewards","",""
"
Тест проверяет видимость и текст элементов на странице логина.

Для каждого элемента:
1.Дождаться загрузки страницы
2.Проверить видимость элемента
3.Проверить, что текст элемента соответствует ожидаемому
","140","Проверка видимости и текста: page_title","tests.auth_tests.login_page_tests","2026-08-14","passed","2026-08-14","TestLoginPageVisible","test_login_page","",""
"
Тест проверяет переключение между сеткой и таблицей на Secondary Market.

1. Определить текущий вид отображения
2. Кликнуть кнопку переключения
3. Проверить, что вид изменился
","1194","Проверка переключения вида отображения карточек на Secondary Market","tests.lk_tests.investment_tests.secondary_tests","2026-08-14","passed","2026-08-14","TestSecondaryMarket","test_secondary_market","",""
"
Тест проверяет видимость и текст элементов хедера.

Для каждого элемента:
1.Дождаться загрузки хедера
2.Проверить видимость элемента
3.Проверить, что текст элемента соответствует ожидаемому
","31","Проверка видимости и текста: user_avatar","tests.header_tests","2026-08-14","passed","2026-08-14","TestHeaderVisible","test_elem_header","",""
"
Тест проверяет ошибку валидации при несовпадающих паролях.

1. Заполнить email, пароль и другое подтверждение
2. Нажать кнопку Agree & Create account
3. Проверить сообщение ""Passwords must match""
","248","Ошибка валидации: пароли не совпадают","tests.auth_tests.reg_page_tests","2026-08-14","passed","2026-08-14","TestRegistrationFalse","test_registration","",""
"
Тест проверяет видимость и текст элементов дашборда.

Для каждого элемента:
1. Дождаться загрузки страницы
2. Проверить видимость элемента
3. Проверить, что текст элемента соответствует ожидаемому
","52","Проверка видимости и текста: available_balance","tests.lk_tests.dashboard_tests","2026-08-14","passed","2026-08-14","TestDashboardPageVisible","test_elem_dashboard","",""
"
Тест проверяет видимость и текст элементов панели покупки.

Для каждого элемента:
1. Дождаться загрузки панели
2. Проверить видимость элемента
3. Проверить, что текст элемента соответствует ожидаемому
","77","Проверка видимости и текста: outstanding_label","tests.lk_tests.investment_tests.secondary_tests","2026-08-14","passed","2026-08-14","TestBuyPanel","test_elem_secondary_buy","",""
"
Тест проверяет видимость и текст элементов на странице Secondary Market.

Для каждого элемента:
1. Дождаться загрузки страницы
2. Проверить видимость элемента
3. Проверить, что текст элемента соответствует ожидаемому
","1745","Проверка видимости и текста: page_title","tests.lk_tests.investment_tests.secondary_tests","2026-08-14","passed","2026-08-14","TestSecondaryPageVisible","test_elem_secondary","",""
"","29","Проверка видимости: password_strength_bar","tests.auth_tests.reg_page_tests","2026-08-14","passed","2026-08-14","TestRegistrationPageVisible","test_elem_registration_page","",""
"","626","Проверка видимости и текста: th_status","tests.lk_tests.portfolio_tests","2026-08-14","passed","2026-08-14","TestPortfolioCompletedPageVisible","test_elem_portfolio_completed","",""
"
Тест проверяет видимость и текст элементов на странице Secondary Market.

Для каждого элемента:
1. Дождаться загрузки страницы
2. Проверить видимость элемента
3. Проверить, что текст элемента соответствует ожидаемому
","72","Проверка видимости и текста: sectors_label","tests.lk_tests.investment_tests.secondary_tests","2026-08-14","passed","2026-08-14","TestSecondaryPageVisible","test_elem_secondary","",""
"
Тест проверяет количество элементов страницы проекта.

1. Дождаться загрузки страницы
2. Проверить количество элементов
","22","Проверка количества: Latest project left (ожидается 4)","tests.lk_tests.project_tests","2026-08-14","passed","2026-08-14","TestElemProject","test_elem_project","",""
"
Тест проверяет видимость и текст элементов страницы Rewards.

Для каждого элемента:
1. Дождаться загрузки страницы
2. Проверить видимость элемента
3. Проверить, что текст элемента соответствует ожидаемому
","52","Проверка видимости и текста: compare_benefit_header","tests.lk_tests.rewards_tests","2026-08-14","passed","2026-08-14","TestRewardsPageVisible","test_elem_rewards","",""
"
Тест проверяет видимость и текст элементов на странице Secondary Market.

Для каждого элемента:
1. Дождаться загрузки страницы
2. Проверить видимость элемента
3. Проверить, что текст элемента соответствует ожидаемому
","46","Проверка видимости и текста: banner_badge","tests.lk_tests.investment_tests.secondary_tests","2026-08-14","passed","2026-08-14","TestSecondaryPageVisible","test_elem_secondary","",""
"
Тест проверяет видимость и количество элементов страницы Deposit.

Для каждого элемента:
1. Дождаться загрузки страницы
2. Проверить видимость элемента
3. Проверить, что количество элементов соответствует ожидаемому
","47","Проверка видимости и количества: bank_card_radios (ожидается 2)","tests.lk_tests.deposit_withdraw_tests.deposit_tests","2026-08-14","passed","2026-08-14","TestDepositPageVisible","test_elem_deposit","",""
"","75","Проверка видимости и текста: banner_cta","tests.lk_tests.investment_tests.primary_tests","2026-08-14","passed","2026-08-14","TestPrimaryPageVisible","test_elem_primary","",""
"","232","Проверка видимости и текста: pill_secondary","tests.lk_tests.investment_tests.primary_tests","2026-08-14","passed","2026-08-14","TestPrimaryPageVisible","test_elem_primary","",""
"
Тест проверяет видимость и текст элементов панели покупки.

Для каждого элемента:
1. Дождаться загрузки панели
2. Проверить видимость элемента
3. Проверить, что текст элемента соответствует ожидаемому
","0","Проверка видимости и текста: asking_label","tests.lk_tests.investment_tests.secondary_tests","2026-08-14","passed","2026-08-14","TestBuyPanel","test_elem_secondary_buy","",""
"
Тест проверяет видимость элементов модального окна Schedule (без текстового содержимого).

Для каждого элемента:
1. Дождаться загрузки модального окна
2. Проверить видимость элемента
","45","Проверка видимости: subtitle","tests.lk_tests.portfolio_tests","2026-08-14","passed","2026-08-14","TestPortfolioSchedule","test_elem_portfolio_schedule","",""
"
Тест проверяет видимость и текст элементов дашборда.

Для каждого элемента:
1. Дождаться загрузки страницы
2. Проверить видимость элемента
3. Проверить, что текст элемента соответствует ожидаемому
","135","Проверка видимости и текста: banner_cta","tests.lk_tests.dashboard_tests","2026-08-14","passed","2026-08-14","TestDashboardPageVisible","test_elem_dashboard","",""
"
Тест проверяет видимость и текст элементов дашборда.

Для каждого элемента:
1. Дождаться загрузки страницы
2. Проверить видимость элемента
3. Проверить, что текст элемента соответствует ожидаемому
","60","Проверка видимости и текста: growth_legend_actual","tests.lk_tests.dashboard_tests","2026-08-14","passed","2026-08-14","TestDashboardPageVisible","test_elem_dashboard","",""
"
Тест проверяет видимость и текст элементов страницы Rewards.

Для каждого элемента:
1. Дождаться загрузки страницы
2. Проверить видимость элемента
3. Проверить, что текст элемента соответствует ожидаемому
","34","Проверка видимости и текста: available_rules","tests.lk_tests.rewards_tests","2026-08-14","passed","2026-08-14","TestRewardsPageVisible","test_elem_rewards","",""
"
Тест проверяет переход на страницу проекта при клике на кнопку в карточке.

1. Пройти по страницам в поиске кнопки
2. Запомнить название проекта
3. Кликнуть кнопку
4. Проверить переход на страницу проекта
5. Проверить, что заголовок совпадает
","1318","Проверка перехода на страницу проекта по кнопке Add more","tests.lk_tests.investment_tests.primary_tests","2026-08-14","passed","2026-08-14","TestPrimaryMarket","test_primary_market","",""
"
Тест проверяет видимость и текст элементов панели покупки.

Для каждого элемента:
1. Дождаться загрузки панели
2. Проверить видимость элемента
3. Проверить, что текст элемента соответствует ожидаемому
","39","Проверка видимости и текста: payment_date","tests.lk_tests.investment_tests.secondary_tests","2026-08-14","passed","2026-08-14","TestBuyPanel","test_elem_secondary_buy","",""
"
Тест проверяет количество карточек в каждой вкладке статусов.

1. Получить ожидаемое количество из счётчика на вкладке
2. Кликнуть по вкладке и дождаться загрузки карточек
3. Пройти по всем страницам и сравнить фактическое количество с ожидаемым
","25742","Проверка категории: tab-status-Not Raised","tests.lk_tests.investment_tests.primary_tests","2026-08-14","passed","2026-08-14","TestPrimaryFilter1","test_primary_market_filter1","",""
"
Тест проверяет видимость и количество элементов страницы Deposit.

Для каждого элемента:
1. Дождаться загрузки страницы
2. Проверить видимость элемента
3. Проверить, что количество элементов соответствует ожидаемому
","37","Проверка видимости и количества: list_elem_titles (ожидается 6)","tests.lk_tests.deposit_withdraw_tests.deposit_tests","2026-08-14","passed","2026-08-14","TestDepositPageVisible","test_elem_deposit","",""
"","46","Проверка видимости и текста: banner_badge","tests.lk_tests.portfolio_tests","2026-08-14","passed","2026-08-14","TestPortfolioCompletedPageVisible","test_elem_portfolio_completed","",""
"
Тест проверяет видимость и текст элементов страницы Withdraw.

Для каждого элемента:
1. Дождаться загрузки страницы
2. Проверить видимость элемента
3. Проверить, что текст элемента соответствует ожидаемому
","49","Проверка видимости и текста: recent_all","tests.lk_tests.deposit_withdraw_tests.withdraw_tests","2026-08-14","passed","2026-08-14","TestWithdrawPageVisible","test_elem_withdraw","",""
"
Тест проверяет видимость элементов страницы проекта (без текстового содержимого).

Для каждого элемента:
1. Дождаться загрузки страницы
2. Проверить видимость элемента
","46","Проверка видимости: Project type badge","tests.lk_tests.project_tests","2026-08-14","passed","2026-08-14","TestElemProject","test_elem_project","",""
"
Тест проверяет видимость и текст элементов страницы Rewards.

Для каждого элемента:
1. Дождаться загрузки страницы
2. Проверить видимость элемента
3. Проверить, что текст элемента соответствует ожидаемому
","41","Проверка видимости и текста: compare_title","tests.lk_tests.rewards_tests","2026-08-14","passed","2026-08-14","TestRewardsPageVisible","test_elem_rewards","",""
"
Тест проверяет видимость и текст элементов страницы Deposit.

Для каждого элемента:
1. Дождаться загрузки страницы
2. Проверить видимость элемента
3. Проверить, что текст элемента соответствует ожидаемому
","49","Проверка видимости и текста: bank","tests.lk_tests.deposit_withdraw_tests.deposit_tests","2026-08-14","passed","2026-08-14","TestDepositPageVisible","test_elem_deposit","",""
"
Тест проверяет количество элементов дашборда.

1.Дождаться загрузки страницы
2.Проверить количество элементов
3.Для progress-bar проверить что все имеют размеры
","29","Проверка количества: overview_statistics_tiles (ожидается 4)","tests.lk_tests.dashboard_tests","2026-08-14","passed","2026-08-14","TestDashboardPageVisible","test_elem_dashboard","",""
"
Тест проверяет видимость и текст элементов вкладки Tax страницы Transactions.

Для каждого элемента:
1. Дождаться загрузки страницы
2. Проверить видимость элемента
3. Проверить, что текст элемента соответствует ожидаемому
","78","Проверка видимости и текста: tab_last_quarter","tests.lk_tests.transactions_tests","2026-08-14","passed","2026-08-14","TestTransactionsTaxPageVisible","test_elem_transactions_tax","",""
"","60","Проверка видимости и текста: note_text","tests.lk_tests.personal_settings_tests","2026-08-14","passed","2026-08-14","TestPersonalSettingsPageVisible","test_elem_personal_settings","",""
"
Тест проверяет переход на страницу Investment при клике на See all projects.

1. Кликнуть на See all projects
2. Проверить переход на /en/investment
","553","Проверка перехода по кнопке See all projects на страницу Investment","tests.lk_tests.dashboard_tests","2026-08-14","passed","2026-08-14","TestDashboard","test_dashboard","",""
"","65","Проверка видимости и текста: account_id","tests.lk_tests.personal_settings_tests","2026-08-14","passed","2026-08-14","TestPersonalSettingsPageVisible","test_elem_personal_settings","",""
"
Тест проверяет видимость и текст элементов страницы проекта.

Для каждого элемента:
1. Дождаться загрузки страницы
2. Проверить видимость элемента
3. Проверить, что текст элемента соответствует ожидаемому
","261","Проверка видимости и текста: gross_fees_caption","tests.lk_tests.project_tests","2026-08-14","passed","2026-08-14","TestElemProject","test_elem_project","",""
"
Тест проверяет видимость и текст элементов вкладки Tax страницы Transactions.

Для каждого элемента:
1. Дождаться загрузки страницы
2. Проверить видимость элемента
3. Проверить, что текст элемента соответствует ожидаемому
","56","Проверка видимости и текста: tab_custom_range","tests.lk_tests.transactions_tests","2026-08-14","passed","2026-08-14","TestTransactionsTaxPageVisible","test_elem_transactions_tax","",""
"
Тест проверяет видимость элементов на странице логина (без текстового содержимого).

Для каждого элемента:
1.Дождаться загрузки страницы
2.Проверить видимость элемента
","23","Проверка видимости: form_login","tests.auth_tests.login_page_tests","2026-08-14","passed","2026-08-14","TestLoginPageVisible","test_login_page","",""
"","48","Проверка видимости и текста: phone_badge","tests.lk_tests.personal_settings_tests","2026-08-14","passed","2026-08-14","TestPersonalSettingsPageVisible","test_elem_personal_settings","",""
"
Тест проверяет видимость элементов страницы проекта (без текстового содержимого).

Для каждого элемента:
1. Дождаться загрузки страницы
2. Проверить видимость элемента
","43","Проверка видимости: Project stat value","tests.lk_tests.project_tests","2026-08-14","passed","2026-08-14","TestElemProject","test_elem_project","",""
"
Тест проверяет видимость и текст элементов модального окна Schedule.

Для каждого элемента:
1. Дождаться загрузки модального окна
2. Проверить видимость элемента
3. Проверить, что текст элемента соответствует ожидаемому
","105","Проверка видимости и текста: payment_date","tests.lk_tests.portfolio_tests","2026-08-14","passed","2026-08-14","TestPortfolioSchedule","test_elem_portfolio_schedule","",""
"
Тест проверяет количество элементов дашборда.

1.Дождаться загрузки страницы
2.Проверить количество элементов
3.Для progress-bar проверить что все имеют размеры
","38","Проверка количества: growth_legends (ожидается 3)","tests.lk_tests.dashboard_tests","2026-08-14","passed","2026-08-14","TestDashboardPageVisible","test_elem_dashboard","",""
"
Тест проверяет видимость и текст элементов страницы Rewards.

Для каждого элемента:
1. Дождаться загрузки страницы
2. Проверить видимость элемента
3. Проверить, что текст элемента соответствует ожидаемому
","59","Проверка видимости и текста: step_platinum","tests.lk_tests.rewards_tests","2026-08-14","passed","2026-08-14","TestRewardsPageVisible","test_elem_rewards","",""
"","57","Проверка видимости и текста: step3_title","tests.lk_tests.refer_tests","2026-08-14","passed","2026-08-14","TestReferralsPageVisible","test_elem_refer","",""
"","24","Проверка видимости и текста: grade_filter","tests.lk_tests.portfolio_tests","2026-08-14","passed","2026-08-14","TestPortfolioCompletedPageVisible","test_elem_portfolio_completed","",""
"
Тест проверяет видимость и текст элементов страницы Rewards.

Для каждого элемента:
1. Дождаться загрузки страницы
2. Проверить видимость элемента
3. Проверить, что текст элемента соответствует ожидаемому
","28","Проверка видимости и текста: how_tiers_btn","tests.lk_tests.rewards_tests","2026-08-14","passed","2026-08-14","TestRewardsPageVisible","test_elem_rewards","",""
"
Тест проверяет открытие, содержимое и навигацию панели уведомлений.

1.Открыть панель уведомлений
2.Проверить заголовок ""Notifications""
3.Проверить наличие хотя бы одного уведомления
4.Проверить видимость кнопки закрытия
5.Проверить видимость кнопки ""View all notifications""
6.Закрыть панель
7.Открыть панель снова
8.Кликнуть ""View all notifications""
9.Проверить переход на страницу /en/notifications
","2437","Проверка панели уведомлений в хедере","tests.header_tests","2026-08-14","passed","2026-08-14","TestHeader","test_header","",""
"
Тест проверяет открытие и элементы чата поддержки.

1.Открыть чат по кнопке
2.Проверить заголовок ""Crowdy""
3.Проверить статус ""Support companion · online now""
4.Проверить приветственное сообщение
5.Проверить наличие поля ввода
6.Ввести текст ""test""
7.Закрыть чат
","1544","Проверка чата поддержки Crowdy","tests.lk_tests.dashboard_tests","2026-08-14","passed","2026-08-14","TestDashboard","test_dashboard","",""
"
Тест проверяет видимость и текст элементов страницы Transactions.

Для каждого элемента:
1. Дождаться загрузки страницы
2. Проверить видимость элемента
3. Проверить, что текст элемента соответствует ожидаемому
","31","Проверка видимости и текста: export_csv","tests.lk_tests.transactions_tests","2026-08-14","passed","2026-08-14","TestTransactionsPageVisible","test_elem_transactions","",""
"
Тест проверяет количество элементов дашборда.

1.Дождаться загрузки страницы
2.Проверить количество элементов
3.Для progress-bar проверить что все имеют размеры
","11","Проверка количества: overview_statistics_tiles (ожидается 4)","tests.lk_tests.dashboard_tests","2026-08-14","passed","2026-08-14","TestDashboardPageVisible","test_elem_dashboard","",""
"
Тест проверяет видимость элементов дашборда (без текстового содержимого).

Для каждого элемента:
1.Дождаться загрузки страницы
2.Проверить видимость элемента
","27","Проверка видимости: banner_content","tests.lk_tests.dashboard_tests","2026-08-14","passed","2026-08-14","TestDashboardPageVisible","test_elem_dashboard","",""
"","12","Проверка видимости и текста: text_already_have_account","tests.auth_tests.reg_page_tests","2026-08-14","passed","2026-08-14","TestRegistrationPageVisible","test_elem_registration_page","",""
"
Тест проверяет видимость и текст элементов страницы Withdraw.

Для каждого элемента:
1. Дождаться загрузки страницы
2. Проверить видимость элемента
3. Проверить, что текст элемента соответствует ожидаемому
","56","Проверка видимости и текста: preset_500","tests.lk_tests.deposit_withdraw_tests.withdraw_tests","2026-08-14","passed","2026-08-14","TestWithdrawPageVisible","test_elem_withdraw","",""
"
Тест проверяет видимость и текст элементов дашборда.

Для каждого элемента:
1. Дождаться загрузки страницы
2. Проверить видимость элемента
3. Проверить, что текст элемента соответствует ожидаемому
","43","Проверка видимости и текста: loyalty_tier_sub","tests.lk_tests.dashboard_tests","2026-08-14","passed","2026-08-14","TestDashboardPageVisible","test_elem_dashboard","",""
"
Тест проверяет ошибку валидации при незаполненном поле email.

1. Заполнить пароль и подтверждение пароля
2. Нажать кнопку Agree & Create account
3. Проверить сообщение ""This field is required"" у поля email
","130","Ошибка валидации: пустой email","tests.auth_tests.reg_page_tests","2026-08-14","passed","2026-08-14","TestRegistrationFalse","test_registration","",""
"","74","Проверка видимости и текста: header_title","tests.lk_tests.portfolio_tests","2026-08-14","passed","2026-08-14","TestPortfolioCompletedPageVisible","test_elem_portfolio_completed","",""
"
Тест проверяет видимость и текст элементов модального окна Schedule.

Для каждого элемента:
1. Дождаться загрузки модального окна
2. Проверить видимость элемента
3. Проверить, что текст элемента соответствует ожидаемому
","22","Проверка видимости и текста: principal","tests.lk_tests.portfolio_tests","2026-08-14","passed","2026-08-14","TestPortfolioSchedule","test_elem_portfolio_schedule","",""
"
Тест проверяет видимость и текст элементов на странице логина.

Для каждого элемента:
1.Дождаться загрузки страницы
2.Проверить видимость элемента
3.Проверить, что текст элемента соответствует ожидаемому
","31","Проверка видимости и текста: button_login","tests.auth_tests.login_page_tests","2026-08-14","passed","2026-08-14","TestLoginPageVisible","test_login_page","",""
"
Тест проверяет видимость элементов на странице восстановления пароля (без текстового содержимого).

Для каждого элемента:
1.Дождаться загрузки страницы
2.Проверить видимость элемента
","30","Проверка видимости: page_footer","tests.auth_tests.forgot_page_tests","2026-08-14","passed","2026-08-14","TestForgotPasswordPageVisible","test_elem_forgot_page","",""
"
Тест проверяет видимость и текст элементов страницы Deposit.

Для каждого элемента:
1. Дождаться загрузки страницы
2. Проверить видимость элемента
3. Проверить, что текст элемента соответствует ожидаемому
","28","Проверка видимости и текста: bank_one_badge","tests.lk_tests.deposit_withdraw_tests.deposit_tests","2026-08-14","passed","2026-08-14","TestDepositPageVisible","test_elem_deposit","",""
"
Тест проверяет, что при нажатии ""Show all 31"" список разворачивается.

1. Нажать кнопку ""Show all ""
2. Проверить, что кнопка изменилась на ""Show less""
3. Проверить, что количество строк увеличилось
","712","Проверка разворачивания списка Bonus history","tests.lk_tests.rewards_tests","2026-08-14","passed","2026-08-14","TestRewardsPage","test_rewards","",""
"
Тест проверяет видимость и текст элементов страницы Withdraw.

Для каждого элемента:
1. Дождаться загрузки страницы
2. Проверить видимость элемента
3. Проверить, что текст элемента соответствует ожидаемому
","61","Проверка видимости и текста: preset_100","tests.lk_tests.deposit_withdraw_tests.withdraw_tests","2026-08-14","passed","2026-08-14","TestWithdrawPageVisible","test_elem_withdraw","",""
"
Тест проверяет видимость и текст элементов страницы Deposit.

Для каждого элемента:
1. Дождаться загрузки страницы
2. Проверить видимость элемента
3. Проверить, что текст элемента соответствует ожидаемому
","74","Проверка видимости и текста: step2_label","tests.lk_tests.deposit_withdraw_tests.deposit_tests","2026-08-14","passed","2026-08-14","TestDepositPageVisible","test_elem_deposit","",""
"
Тест проверяет видимость и текст элементов страницы проекта.

Для каждого элемента:
1. Дождаться загрузки страницы
2. Проверить видимость элемента
3. Проверить, что текст элемента соответствует ожидаемому
","76","Проверка видимости и текста: quick_100","tests.lk_tests.project_tests","2026-08-14","passed","2026-08-14","TestElemProject","test_elem_project","",""
"
Тест проверяет видимость и текст элементов страницы Transactions.

Для каждого элемента:
1. Дождаться загрузки страницы
2. Проверить видимость элемента
3. Проверить, что текст элемента соответствует ожидаемому
","116","Проверка видимости и текста: money_in_desc","tests.lk_tests.transactions_tests","2026-08-14","passed","2026-08-14","TestTransactionsPageVisible","test_elem_transactions","",""
"","37","Проверка видимости и текста: invite_label","tests.lk_tests.refer_tests","2026-08-14","passed","2026-08-14","TestReferralsPageVisible","test_elem_refer","",""
"
Тест проверяет количество элементов страницы Rewards.

Для каждого элемента:
1. Дождаться загрузки страницы
2. Проверить, что количество элементов соответствует ожидаемому
","8","Проверка количества: compare_cell_value (ожидается 8)","tests.lk_tests.rewards_tests","2026-08-14","passed","2026-08-14","TestRewardsPageVisible","test_elem_rewards","",""
"
Тест проверяет навигацию между страницами логина, регистрации и восстановления пароля.

1.Открыть страницу логина
2.Перейти на страницу восстановления пароля
3.Вернуться на страницу логина
4.Перейти на страницу регистрации
5.Вернуться на страницу логина
","6108","Переходы между страницами авторизации, регистрации, восстановления пароля","tests.auth_tests.login_page_tests","2026-08-14","passed","2026-08-14","TestAuthorization","test_authorization","",""
"","61","Проверка видимости и текста: channel_more","tests.lk_tests.refer_tests","2026-08-14","passed","2026-08-14","TestReferralsPageVisible","test_elem_refer","",""
"
Тест проверяет видимость и текст элементов страницы Rewards.

Для каждого элемента:
1. Дождаться загрузки страницы
2. Проверить видимость элемента
3. Проверить, что текст элемента соответствует ожидаемому
","39","Проверка видимости и текста: hcell_date","tests.lk_tests.rewards_tests","2026-08-14","passed","2026-08-14","TestRewardsPageVisible","test_elem_rewards","",""
"","18","Проверка видимости: table_count","tests.lk_tests.refer_tests","2026-08-14","passed","2026-08-14","TestReferralsPageVisible","test_elem_refer","",""
"
Тест проверяет видимость и текст элементов страницы проекта.

Для каждого элемента:
1. Дождаться загрузки страницы
2. Проверить видимость элемента
3. Проверить, что текст элемента соответствует ожидаемому
","65","Проверка видимости и текста: paid_monthly_caption","tests.lk_tests.project_tests","2026-08-14","passed","2026-08-14","TestElemProject","test_elem_project","",""
"
Тест проверяет видимость элементов страницы проекта (без текстового содержимого).

Для каждого элемента:
1. Дождаться загрузки страницы
2. Проверить видимость элемента
","61","Проверка видимости: Gallery progress","tests.lk_tests.project_tests","2026-08-14","passed","2026-08-14","TestElemProject","test_elem_project","",""
"
Тест проверяет видимость и текст элементов модального окна Schedule.

Для каждого элемента:
1. Дождаться загрузки модального окна
2. Проверить видимость элемента
3. Проверить, что текст элемента соответствует ожидаемому
","133","Проверка видимости и текста: status","tests.lk_tests.portfolio_tests","2026-08-14","passed","2026-08-14","TestPortfolioSchedule","test_elem_portfolio_schedule","",""
"
Тест проверяет видимость и текст элементов страницы Rewards.

Для каждого элемента:
1. Дождаться загрузки страницы
2. Проверить видимость элемента
3. Проверить, что текст элемента соответствует ожидаемому
","54","Проверка видимости и текста: available_rules","tests.lk_tests.rewards_tests","2026-08-14","passed","2026-08-14","TestRewardsPageVisible","test_elem_rewards","",""
"
Тест проверяет видимость элементов на странице Secondary Market (без текстового содержимого).

Для каждого элемента:
1. Дождаться загрузки страницы
2. Проверить видимость элемента
","47","Проверка видимости: apr_label","tests.lk_tests.investment_tests.secondary_tests","2026-08-14","passed","2026-08-14","TestSecondaryPageVisible","test_elem_secondary","",""
"
Тест проверяет видимость и текст элементов страницы Transactions.

Для каждого элемента:
1. Дождаться загрузки страницы
2. Проверить видимость элемента
3. Проверить, что текст элемента соответствует ожидаемому
","12","Проверка видимости и текста: export_pdf","tests.lk_tests.transactions_tests","2026-08-14","passed","2026-08-14","TestTransactionsPageVisible","test_elem_transactions","",""
"","58","Проверка видимости и текста: notif_deposit","tests.lk_tests.personal_settings_tests","2026-08-14","passed","2026-08-14","TestPersonalSettingsPageVisible","test_elem_personal_settings","",""
"
Тест проверяет видимость и текст элементов панели покупки.

Для каждого элемента:
1. Дождаться загрузки панели
2. Проверить видимость элемента
3. Проверить, что текст элемента соответствует ожидаемому
","46","Проверка видимости и текста: payment_date","tests.lk_tests.investment_tests.secondary_tests","2026-08-14","passed","2026-08-14","TestBuyPanel","test_elem_secondary_buy","",""
"
Тест проверяет количество элементов дашборда.

1.Дождаться загрузки страницы
2.Проверить количество элементов
3.Для progress-bar проверить что все имеют размеры
","64","Проверка количества: growth_tabs (ожидается 4)","tests.lk_tests.dashboard_tests","2026-08-14","passed","2026-08-14","TestDashboardPageVisible","test_elem_dashboard","",""
"","59","Проверка видимости и текста: step3_chip","tests.lk_tests.refer_tests","2026-08-14","passed","2026-08-14","TestReferralsPageVisible","test_elem_refer","",""
"
Тест проверяет видимость и текст элементов дашборда.

Для каждого элемента:
1. Дождаться загрузки страницы
2. Проверить видимость элемента
3. Проверить, что текст элемента соответствует ожидаемому
","63","Проверка видимости и текста: loyalty_tier_pill","tests.lk_tests.dashboard_tests","2026-08-14","passed","2026-08-14","TestDashboardPageVisible","test_elem_dashboard","",""
"","50","Проверка видимости и текста: sector_filter","tests.lk_tests.portfolio_tests","2026-08-14","passed","2026-08-14","TestPortfolioCompletedPageVisible","test_elem_portfolio_completed","",""
"
Тест проверяет фильтр Hide Invested на Secondary Market.

1. Нажать кнопку Hide Invested
2. Проверить, что на всех карточках кнопка Buy
3. Сравнить количество карточек с заголовком
","6568","Проверка фильтра Hide Invested","tests.lk_tests.investment_tests.secondary_tests","2026-08-14","passed","2026-08-14","TestSecondaryMarketFilter1","test_secondary_market_filter1","",""
"
Тест проверяет видимость и текст элементов страницы Deposit.

Для каждого элемента:
1. Дождаться загрузки страницы
2. Проверить видимость элемента
3. Проверить, что текст элемента соответствует ожидаемому
","66","Проверка видимости и текста: recipient_name","tests.lk_tests.deposit_withdraw_tests.deposit_tests","2026-08-14","passed","2026-08-14","TestDepositPageVisible","test_elem_deposit","",""
"
Тест проверяет видимость и текст элементов страницы Withdraw.

Для каждого элемента:
1. Дождаться загрузки страницы
2. Проверить видимость элемента
3. Проверить, что текст элемента соответствует ожидаемому
","26","Проверка видимости и текста: step1_name","tests.lk_tests.deposit_withdraw_tests.withdraw_tests","2026-08-14","passed","2026-08-14","TestWithdrawPageVisible","test_elem_withdraw","",""
"
Тест проверяет переход на страницу Rewards при клике на Start the guide → .

1. Кликнуть на кнопку Start the guide →
2. Проверить переход на /en/rewards
","0","Проверка перехода по кнопке Start the guide → ","tests.lk_tests.investment_tests.secondary_tests","2026-08-14","skipped","2026-08-14","TestSecondaryMarket","test_secondary_market","",""
"
Тест проверяет видимость элементов страницы проекта (без текстового содержимого).

Для каждого элемента:
1. Дождаться загрузки страницы
2. Проверить видимость элемента
","48","Проверка видимости: Project description","tests.lk_tests.project_tests","2026-08-14","passed","2026-08-14","TestElemProject","test_elem_project","",""
"
Тест проверяет, что при вводе неверных данных авторизация не проходит и появляется сообщение об ошибке.

Для каждого варианта невалидных данных:
1.Открыть страницу логина
2.Заполнить форму невалидными данными
3.Нажать кнопку логина
4.Проверить появление сообщения об ошибке
","3243","Проверка авторизации с невалидными данными: Неверный email","tests.auth_tests.login_page_tests","2026-08-14","passed","2026-08-14","TestAuthorization","test_authorization","",""
"
Тест проверяет видимость и текст элементов футера.

Для каждого элемента:
1.Дождаться загрузки футера
2.Проверить видимость элемента
3.Проверить, что текст элемента соответствует ожидаемому
","30","Проверка видимости и текста: contacts_item_address","tests.footer_tests","2026-08-14","passed","2026-08-14","TestFooterVisible","test_elem_footer","",""
"
Тест проверяет видимость и текст элементов панели покупки.

Для каждого элемента:
1. Дождаться загрузки панели
2. Проверить видимость элемента
3. Проверить, что текст элемента соответствует ожидаемому
","47","Проверка видимости и текста: status","tests.lk_tests.investment_tests.secondary_tests","2026-08-14","passed","2026-08-14","TestBuyPanel","test_elem_secondary_buy","",""
"
Тест проверяет видимость и текст элементов страницы Withdraw.

Для каждого элемента:
1. Дождаться загрузки страницы
2. Проверить видимость элемента
3. Проверить, что текст элемента соответствует ожидаемому
","83","Проверка видимости и текста: tab_deposit","tests.lk_tests.deposit_withdraw_tests.withdraw_tests","2026-08-14","passed","2026-08-14","TestWithdrawPageVisible","test_elem_withdraw","",""
"
Тест проверяет видимость и количество элементов страницы Deposit.

Для каждого элемента:
1. Дождаться загрузки страницы
2. Проверить видимость элемента
3. Проверить, что количество элементов соответствует ожидаемому
","79","Проверка видимости и количества: chat_bot (ожидается 1)","tests.lk_tests.deposit_withdraw_tests.deposit_tests","2026-08-14","passed","2026-08-14","TestDepositPageVisible","test_elem_deposit","",""
"","605","Проверка видимости и текста: th_invested","tests.lk_tests.portfolio_tests","2026-08-14","passed","2026-08-14","TestPortfolioCompletedPageVisible","test_elem_portfolio_completed","",""
"
Тест проверяет видимость элементов на странице логина (без текстового содержимого).

Для каждого элемента:
1.Дождаться загрузки страницы
2.Проверить видимость элемента
","35","Проверка видимости: password_toggle","tests.auth_tests.login_page_tests","2026-08-14","passed","2026-08-14","TestLoginPageVisible","test_login_page","",""
"
Тест проверяет видимость и текст элементов вкладки Tax страницы Transactions.

Для каждого элемента:
1. Дождаться загрузки страницы
2. Проверить видимость элемента
3. Проверить, что текст элемента соответствует ожидаемому
","75","Проверка видимости и текста: tab_last_quarter","tests.lk_tests.transactions_tests","2026-08-14","passed","2026-08-14","TestTransactionsTaxPageVisible","test_elem_transactions_tax","",""
"
Тест проверяет видимость и текст элементов страницы Rewards.

Для каждого элемента:
1. Дождаться загрузки страницы
2. Проверить видимость элемента
3. Проверить, что текст элемента соответствует ожидаемому
","53","Проверка видимости и текста: banner_eyebrow","tests.lk_tests.rewards_tests","2026-08-14","passed","2026-08-14","TestRewardsPageVisible","test_elem_rewards","",""
"
Тест проверяет переключение языка через дропдаун в хедере.

Для каждой локали:
1.Открыть дропдаун
2.Проверить наличие локали в списке
3.Скроллить до локали
4.Проверить видимость локали
5.Кликнуть по локали
6.Проверить, что URL содержит код языка
","414","Проверка переключения языка: Español","tests.header_tests","2026-08-14","passed","2026-08-14","TestHeader","test_header","",""
"
Тест проверяет количество элементов дашборда.

1.Дождаться загрузки страницы
2.Проверить количество элементов
3.Для progress-bar проверить что все имеют размеры
","23","Проверка количества: idea_cards (ожидается 3)","tests.lk_tests.dashboard_tests","2026-08-14","passed","2026-08-14","TestDashboardPageVisible","test_elem_dashboard","",""
"
Тест проверяет фильтрацию карточек Secondary Market по странам.

1. Получить список доступных стран из фильтра
2. Для каждой страны: выбрать страну и проверить, что все карточки содержат страну
3. Для каждой страны проверить, что количество карточек совпадает с заголовком
","23106","Проверка фильтрации Secondary Market по странам","tests.lk_tests.investment_tests.secondary_tests","2026-08-14","passed","2026-08-14","TestSecondaryMarketFilter","test_secondary_market_filter","",""
"
Тест проверяет видимость и текст элементов сайдбара.

Для каждого элемента:
1.Дождаться загрузки сайдбара
2.Проверить видимость элемента
3.Проверить, что текст элемента соответствует ожидаемому
","34","Проверка видимости и текста: deposit_withdraw","tests.sidebar_tests","2026-08-14","passed","2026-08-14","TestSidebarVisible","test_elem_sidebar","",""
"
Тест проверяет видимость и текст элементов страницы проекта.

Для каждого элемента:
1. Дождаться загрузки страницы
2. Проверить видимость элемента
3. Проверить, что текст элемента соответствует ожидаемому
","62","Проверка видимости и текста: currency","tests.lk_tests.project_tests","2026-08-14","passed","2026-08-14","TestElemProject","test_elem_project","",""
"
Тест проверяет видимость элементов панели покупки (без текстового содержимого).

Для каждого элемента:
1. Дождаться загрузки панели
2. Проверить видимость элемента
","54","Проверка видимости: value_outstanding","tests.lk_tests.investment_tests.secondary_tests","2026-08-14","passed","2026-08-14","TestBuyPanel","test_elem_secondary_buy","",""
"
Тест проверяет видимость и текст элементов страницы Deposit.

Для каждого элемента:
1. Дождаться загрузки страницы
2. Проверить видимость элемента
3. Проверить, что текст элемента соответствует ожидаемому
","62","Проверка видимости и текста: step2_badge","tests.lk_tests.deposit_withdraw_tests.deposit_tests","2026-08-14","passed","2026-08-14","TestDepositPageVisible","test_elem_deposit","",""
"
Тест проверяет видимость и количество элементов страницы Deposit.

Для каждого элемента:
1. Дождаться загрузки страницы
2. Проверить видимость элемента
3. Проверить, что количество элементов соответствует ожидаемому
","39","Проверка видимости и количества: copy_buttons (ожидается 4)","tests.lk_tests.deposit_withdraw_tests.deposit_tests","2026-08-14","passed","2026-08-14","TestDepositPageVisible","test_elem_deposit","",""
"
Тест проверяет видимость и текст элементов страницы Rewards.

Для каждого элемента:
1. Дождаться загрузки страницы
2. Проверить видимость элемента
3. Проверить, что текст элемента соответствует ожидаемому
","48","Проверка видимости и текста: step_platinum","tests.lk_tests.rewards_tests","2026-08-14","passed","2026-08-14","TestRewardsPageVisible","test_elem_rewards","",""
"
Тест проверяет видимость элементов дашборда (без текстового содержимого).

Для каждого элемента:
1.Дождаться загрузки страницы
2.Проверить видимость элемента
","26","Проверка видимости: ideas_action","tests.lk_tests.dashboard_tests","2026-08-14","passed","2026-08-14","TestDashboardPageVisible","test_elem_dashboard","",""
"
Тест проверяет переход на страницу Rewards при клике на Activate offer.

1. Кликнуть на кнопку Activate offer
2. Проверить переход на /en/rewards
","694","Проверка перехода по кнопке Activate offer на страницу Rewards","tests.lk_tests.investment_tests.primary_tests","2026-08-14","passed","2026-08-14","TestPrimaryMarket","test_primary_market","",""
"
Тест проверяет переключение количества карточек на странице Secondary Market.

1. Переключить селект на {per_page} per page
2. Дождаться обновления
3. Проверить, что на странице {expected_count} карточек
","3644","Проверка переключения количества карточек на странице Secondary: 18","tests.lk_tests.investment_tests.secondary_tests","2026-08-14","passed","2026-08-14","TestSecondaryMarket","test_secondary_market","",""
"
Тест проверяет количество элементов дашборда.

1.Дождаться загрузки страницы
2.Проверить количество элементов
3.Для progress-bar проверить что все имеют размеры
","11","Проверка количества: idea_card_titles (ожидается 3)","tests.lk_tests.dashboard_tests","2026-08-14","passed","2026-08-14","TestDashboardPageVisible","test_elem_dashboard","",""
"","55","Проверка видимости и текста: security_title","tests.lk_tests.personal_settings_tests","2026-08-14","passed","2026-08-14","TestPersonalSettingsPageVisible","test_elem_personal_settings","",""
"
Тест проверяет видимость элементов на странице Secondary Market (без текстового содержимого).

Для каждого элемента:
1. Дождаться загрузки страницы
2. Проверить видимость элемента
","30","Проверка видимости: toggle_view","tests.lk_tests.investment_tests.secondary_tests","2026-08-14","passed","2026-08-14","TestSecondaryPageVisible","test_elem_secondary","",""
"
Тест проверяет видимость и текст элементов страницы Transactions.

Для каждого элемента:
1. Дождаться загрузки страницы
2. Проверить видимость элемента
3. Проверить, что текст элемента соответствует ожидаемому
","49","Проверка видимости и текста: tab_transactions","tests.lk_tests.transactions_tests","2026-08-14","passed","2026-08-14","TestTransactionsPageVisible","test_elem_transactions","",""
"
Тест проверяет, что при нажатии ""Talk to support"" открывается чат с ботом.
","994","Проверка открытия чата поддержки со страницы Withdraw","tests.lk_tests.deposit_withdraw_tests.withdraw_tests","2026-08-14","passed","2026-08-14","TestWithdrawPage","test_withdraw","",""
"
Тест проверяет видимость и текст элементов на странице Secondary Market.

Для каждого элемента:
1. Дождаться загрузки страницы
2. Проверить видимость элемента
3. Проверить, что текст элемента соответствует ожидаемому
","83","Проверка видимости и текста: project","tests.lk_tests.investment_tests.secondary_tests","2026-08-14","passed","2026-08-14","TestSecondaryPageVisible","test_elem_secondary","",""
"
Тест проверяет навигацию по элементам сайдбара.

Для каждого элемента:
1.Кликнуть по элементу
2.Дождаться перехода по URL
3.Проверить, что URL заканчивается на ожидаемый путь
","129","Проверка навигации: dashboard","tests.sidebar_tests","2026-08-14","passed","2026-08-14","TestSidebarNav","test_sidebar_nav","",""
"
Тест проверяет видимость и текст элементов панели покупки.

Для каждого элемента:
1. Дождаться загрузки панели
2. Проверить видимость элемента
3. Проверить, что текст элемента соответствует ожидаемому
","42","Проверка видимости и текста: your_purchase","tests.lk_tests.investment_tests.secondary_tests","2026-08-14","passed","2026-08-14","TestBuyPanel","test_elem_secondary_buy","",""
"
Тест проверяет видимость элементов на странице Secondary Market (без текстового содержимого).

Для каждого элемента:
1. Дождаться загрузки страницы
2. Проверить видимость элемента
","30","Проверка видимости: chat_bot","tests.lk_tests.investment_tests.secondary_tests","2026-08-14","passed","2026-08-14","TestSecondaryPageVisible","test_elem_secondary","",""
"
Тест проверяет фильтрацию проектов по рейтингу на Secondary Market.

1. Получить список доступных рейтингов из фильтра Grade
2. Для каждого рейтинга: выбрать рейтинг и проверить, что все карточки содержат рейтинг
3. Для каждого рейтинга проверить, что количество карточек совпадает с заголовком
","18964","Проверка фильтрации проектов по рейтингу на Secondary Market","tests.lk_tests.investment_tests.secondary_tests","2026-08-14","passed","2026-08-14","TestSecondaryMarketFilter1","test_secondary_market_filter1","",""
"
Тест проверяет видимость и текст элементов страницы проекта.

Для каждого элемента:
1. Дождаться загрузки страницы
2. Проверить видимость элемента
3. Проверить, что текст элемента соответствует ожидаемому
","48","Проверка видимости и текста: paid_monthly_caption","tests.lk_tests.project_tests","2026-08-14","passed","2026-08-14","TestElemProject","test_elem_project","",""
"","349","Проверка видимости: chat_bot","tests.lk_tests.refer_tests","2026-08-14","passed","2026-08-14","TestReferralsPageVisible","test_elem_refer","",""
"
Тест проверяет видимость и текст элементов сайдбара.

Для каждого элемента:
1.Дождаться загрузки сайдбара
2.Проверить видимость элемента
3.Проверить, что текст элемента соответствует ожидаемому
","34","Проверка видимости и текста: portfolio","tests.sidebar_tests","2026-08-14","passed","2026-08-14","TestSidebarVisible","test_elem_sidebar","",""
"","76","Проверка видимости: banner_desc","tests.lk_tests.portfolio_tests","2026-08-14","passed","2026-08-14","TestPortfolioCompletedPageVisible","test_elem_portfolio_completed","",""
"
Тест проверяет количество элементов страницы Transactions.

Для каждого элемента:
1. Дождаться загрузки страницы
2. Проверить, что количество элементов соответствует ожидаемому
","27","Проверка количества: input_fields (ожидается 2)","tests.lk_tests.transactions_tests","2026-08-14","passed","2026-08-14","TestTransactionsPageVisible","test_elem_transactions","",""
"
Тест проверяет видимость и текст элементов на странице Secondary Market.

Для каждого элемента:
1. Дождаться загрузки страницы
2. Проверить видимость элемента
3. Проверить, что текст элемента соответствует ожидаемому
","48","Проверка видимости и текста: remaining","tests.lk_tests.investment_tests.secondary_tests","2026-08-14","passed","2026-08-14","TestSecondaryPageVisible","test_elem_secondary","",""
"
Тест проверяет видимость и текст элементов сайдбара.

Для каждого элемента:
1.Дождаться загрузки сайдбара
2.Проверить видимость элемента
3.Проверить, что текст элемента соответствует ожидаемому
","34","Проверка видимости и текста: Надпись Available Balance","tests.sidebar_tests","2026-08-14","passed","2026-08-14","TestSidebarVisible","test_elem_sidebar","",""
"
Тест проверяет видимость и текст элементов футера.

Для каждого элемента:
1.Дождаться загрузки футера
2.Проверить видимость элемента
3.Проверить, что текст элемента соответствует ожидаемому
","77","Проверка видимости и текста: agreements_item_vqf","tests.footer_tests","2026-08-14","passed","2026-08-14","TestFooterVisible","test_elem_footer","",""
"","37","Проверка видимости: link_privacy_policy","tests.auth_tests.reg_page_tests","2026-08-14","passed","2026-08-14","TestRegistrationPageVisible","test_elem_registration_page","",""
"
Тест проверяет видимость и текст элементов страницы Transactions.

Для каждого элемента:
1. Дождаться загрузки страницы
2. Проверить видимость элемента
3. Проверить, что текст элемента соответствует ожидаемому
","68","Проверка видимости и текста: tab_tax","tests.lk_tests.transactions_tests","2026-08-14","passed","2026-08-14","TestTransactionsPageVisible","test_elem_transactions","",""
"
Тест проверяет видимость элементов на странице логина (без текстового содержимого).

Для каждого элемента:
1.Дождаться загрузки страницы
2.Проверить видимость элемента
","48","Проверка видимости: locale_switcher","tests.auth_tests.login_page_tests","2026-08-14","passed","2026-08-14","TestLoginPageVisible","test_login_page","",""
"
Тест проверяет видимость и текст элементов страницы Deposit.

Для каждого элемента:
1. Дождаться загрузки страницы
2. Проверить видимость элемента
3. Проверить, что текст элемента соответствует ожидаемому
","83","Проверка видимости и текста: step1_label","tests.lk_tests.deposit_withdraw_tests.deposit_tests","2026-08-14","passed","2026-08-14","TestDepositPageVisible","test_elem_deposit","",""
"","5","Проверка видимости и текста: footer_total","tests.lk_tests.refer_tests","2026-08-14","passed","2026-08-14","TestReferralsPageVisible","test_elem_refer","",""
"
Тест проверяет видимость элементов страницы проекта (без текстового содержимого).

Для каждого элемента:
1. Дождаться загрузки страницы
2. Проверить видимость элемента
","30","Проверка видимости: Funded value","tests.lk_tests.project_tests","2026-08-14","passed","2026-08-14","TestElemProject","test_elem_project","",""
"
Тест проверяет количество элементов дашборда.

1.Дождаться загрузки страницы
2.Проверить количество элементов
3.Для progress-bar проверить что все имеют размеры
","11","Проверка количества: tier_bonuses (ожидается 4)","tests.lk_tests.dashboard_tests","2026-08-14","passed","2026-08-14","TestDashboardPageVisible","test_elem_dashboard","",""
"
Тест проверяет количество элементов дашборда.

1.Дождаться загрузки страницы
2.Проверить количество элементов
3.Для progress-bar проверить что все имеют размеры
","7","Проверка количества: stories_images (ожидается 4)","tests.lk_tests.dashboard_tests","2026-08-14","passed","2026-08-14","TestDashboardPageVisible","test_elem_dashboard","",""
"","70","Проверка видимости и текста: steps_link","tests.lk_tests.refer_tests","2026-08-14","passed","2026-08-14","TestReferralsPageVisible","test_elem_refer","",""
"
Тест проверяет видимость и текст элементов на странице Secondary Market.

Для каждого элемента:
1. Дождаться загрузки страницы
2. Проверить видимость элемента
3. Проверить, что текст элемента соответствует ожидаемому
","44","Проверка видимости и текста: remaining","tests.lk_tests.investment_tests.secondary_tests","2026-08-14","passed","2026-08-14","TestSecondaryPageVisible","test_elem_secondary","",""
"
Тест проверяет видимость и текст элементов на странице Secondary Market.

Для каждого элемента:
1. Дождаться загрузки страницы
2. Проверить видимость элемента
3. Проверить, что текст элемента соответствует ожидаемому
","54","Проверка видимости и текста: original_apr","tests.lk_tests.investment_tests.secondary_tests","2026-08-14","passed","2026-08-14","TestSecondaryPageVisible","test_elem_secondary","",""
"
Тест проверяет видимость элементов страницы проекта (без текстового содержимого).

Для каждого элемента:
1. Дождаться загрузки страницы
2. Проверить видимость элемента
","43","Проверка видимости: Loan period value","tests.lk_tests.project_tests","2026-08-14","passed","2026-08-14","TestElemProject","test_elem_project","",""
"","90","Проверка видимости и текста: two_factor_app_title","tests.lk_tests.personal_settings_tests","2026-08-14","passed","2026-08-14","TestPersonalSettingsPageVisible","test_elem_personal_settings","",""
"
Тест проверяет видимость и текст элементов страницы Transactions.

Для каждого элемента:
1. Дождаться загрузки страницы
2. Проверить видимость элемента
3. Проверить, что текст элемента соответствует ожидаемому
","11","Проверка видимости и текста: export_csv","tests.lk_tests.transactions_tests","2026-08-14","passed","2026-08-14","TestTransactionsPageVisible","test_elem_transactions","",""
"
Тест проверяет видимость и текст элементов страницы Rewards.

Для каждого элемента:
1. Дождаться загрузки страницы
2. Проверить видимость элемента
3. Проверить, что текст элемента соответствует ожидаемому
","55","Проверка видимости и текста: banner_max","tests.lk_tests.rewards_tests","2026-08-14","passed","2026-08-14","TestRewardsPageVisible","test_elem_rewards","",""
"
Тест проверяет полный цикл регистрации нового пользователя до этапа верификации Sumsub.

1. Заполнить форму регистрации валидными данными
2. Нажать кнопку Agree & Create account
3. На странице проверки email ввести код 111111 и нажать Continue
4. На странице identity_intro выбрать Yes для PEP
5. Нажать Start verification
6. Проверить загрузку iframe Sumsub на странице identity
","6578","Регистрация нового пользователя с валидными данными","tests.auth_tests.reg_page_tests","2026-08-14","passed","2026-08-14","TestRegistrationTrue","test_registration","",""
"
Тест проверяет видимость и текст элементов футера.

Для каждого элемента:
1.Дождаться загрузки футера
2.Проверить видимость элемента
3.Проверить, что текст элемента соответствует ожидаемому
","46","Проверка видимости и текста: contacts_commercial_email","tests.footer_tests","2026-08-14","passed","2026-08-14","TestFooterVisible","test_elem_footer","",""
"
Тест проверяет переход на страницу проекта при клике на случайную карточку.

1. Получить список видимых карточек
2. Выбрать случайную
3. Запомнить название проекта
4. Кликнуть по карточке
5. Проверить переход на страницу проекта
6. Проверить, что заголовок проекта совпадает
","1059","Проверка перехода на страницу проекта по клику на карточку","tests.lk_tests.investment_tests.primary_tests","2026-08-14","passed","2026-08-14","TestPrimaryMarket","test_primary_market","",""
"
Тест проверяет видимость элементов панели покупки (без текстового содержимого).

Для каждого элемента:
1. Дождаться загрузки панели
2. Проверить видимость элемента
","54","Проверка видимости: checkbox_agreement","tests.lk_tests.investment_tests.secondary_tests","2026-08-14","passed","2026-08-14","TestBuyPanel","test_elem_secondary_buy","",""
"","24","Проверка количества: tab_counts (ожидается 2)","tests.lk_tests.portfolio_tests","2026-08-14","passed","2026-08-14","TestPortfolioCompletedPageVisible","test_elem_portfolio_completed","",""
"
Тест проверяет видимость и текст элементов модального окна Schedule.

Для каждого элемента:
1. Дождаться загрузки модального окна
2. Проверить видимость элемента
3. Проверить, что текст элемента соответствует ожидаемому
","87","Проверка видимости и текста: agreement_btn","tests.lk_tests.portfolio_tests","2026-08-14","passed","2026-08-14","TestPortfolioSchedule","test_elem_portfolio_schedule","",""
"
Тест проверяет видимость и текст элементов страницы Deposit.

Для каждого элемента:
1. Дождаться загрузки страницы
2. Проверить видимость элемента
3. Проверить, что текст элемента соответствует ожидаемому
","73","Проверка видимости и текста: updated","tests.lk_tests.deposit_withdraw_tests.deposit_tests","2026-08-14","passed","2026-08-14","TestDepositPageVisible","test_elem_deposit","",""
"","4","Проверка видимости и текста: hero_title","tests.lk_tests.refer_tests","2026-08-14","passed","2026-08-14","TestReferralsPageVisible","test_elem_refer","",""
"
Тест проверяет количество карточек в каждой вкладке статусов.

1. Получить ожидаемое количество из счётчика на вкладке
2. Кликнуть по вкладке и дождаться загрузки карточек
3. Пройти по всем страницам и сравнить фактическое количество с ожидаемым
","24829","Проверка категории: tab-status-Not Raised","tests.lk_tests.investment_tests.primary_tests","2026-08-14","passed","2026-08-14","TestPrimaryFilter1","test_primary_market_filter1","",""
"
Тест проверяет видимость элементов футера (контейнеры и иконки соцсетей).

Для каждого элемента:
1.Дождаться загрузки футера
2.Проверить видимость элемента
","23","Проверка видимости: twitter","tests.footer_tests","2026-08-14","passed","2026-08-14","TestFooterVisible","test_elem_footer","",""
"
Тест проверяет видимость и текст элементов страницы Rewards.

Для каждого элемента:
1. Дождаться загрузки страницы
2. Проверить видимость элемента
3. Проверить, что текст элемента соответствует ожидаемому
","25","Проверка видимости и текста: available_title","tests.lk_tests.rewards_tests","2026-08-14","passed","2026-08-14","TestRewardsPageVisible","test_elem_rewards","",""
"
Тест проверяет видимость и текст элементов страницы Deposit.

Для каждого элемента:
1. Дождаться загрузки страницы
2. Проверить видимость элемента
3. Проверить, что текст элемента соответствует ожидаемому
","102","Проверка видимости и текста: available_label","tests.lk_tests.deposit_withdraw_tests.deposit_tests","2026-08-14","passed","2026-08-14","TestDepositPageVisible","test_elem_deposit","",""
"","276","Проверка видимости и текста: page_title","tests.lk_tests.personal_settings_tests","2026-08-14","passed","2026-08-14","TestPersonalSettingsPageVisible","test_elem_personal_settings","",""
"","8","Проверка количества: stat_values (ожидается 4)","tests.lk_tests.portfolio_tests","2026-08-14","passed","2026-08-14","TestPortfolioPageVisible","test_elem_portfolio_active","",""
"
Тест проверяет видимость и текст элементов страницы проекта.

Для каждого элемента:
1. Дождаться загрузки страницы
2. Проверить видимость элемента
3. Проверить, что текст элемента соответствует ожидаемому
","77","Проверка видимости и текста: risk_grade_label","tests.lk_tests.project_tests","2026-08-14","passed","2026-08-14","TestElemProject","test_elem_project","",""
"
Тест проверяет видимость и текст элементов страницы Deposit.

Для каждого элемента:
1. Дождаться загрузки страницы
2. Проверить видимость элемента
3. Проверить, что текст элемента соответствует ожидаемому
","75","Проверка видимости и текста: swift","tests.lk_tests.deposit_withdraw_tests.deposit_tests","2026-08-14","passed","2026-08-14","TestDepositPageVisible","test_elem_deposit","",""
"
Тест проверяет видимость элементов страницы Rewards (без проверки текста).

Для каждого элемента:
1. Дождаться загрузки страницы
2. Проверить видимость элемента
","52","Проверка видимости: history_summary","tests.lk_tests.rewards_tests","2026-08-14","passed","2026-08-14","TestRewardsPageVisible","test_elem_rewards","",""
"","59","Проверка видимости: stats_commission_value","tests.lk_tests.refer_tests","2026-08-14","passed","2026-08-14","TestReferralsPageVisible","test_elem_refer","",""
"
Тест проверяет видимость и текст элементов страницы Transactions.

Для каждого элемента:
1. Дождаться загрузки страницы
2. Проверить видимость элемента
3. Проверить, что текст элемента соответствует ожидаемому
","142","Проверка видимости и текста: tab_current_month","tests.lk_tests.transactions_tests","2026-08-14","passed","2026-08-14","TestTransactionsPageVisible","test_elem_transactions","",""
"
Тест проверяет видимость элементов страницы проекта (без текстового содержимого).

Для каждого элемента:
1. Дождаться загрузки страницы
2. Проверить видимость элемента
","46","Проверка видимости: Invest block subtitle","tests.lk_tests.project_tests","2026-08-14","passed","2026-08-14","TestElemProject","test_elem_project","",""
"","59","Проверка видимости и текста: notif_subscriptions","tests.lk_tests.personal_settings_tests","2026-08-14","passed","2026-08-14","TestPersonalSettingsPageVisible","test_elem_personal_settings","",""
"","337","Проверка видимости и текста: page_title","tests.auth_tests.reg_page_tests","2026-08-14","passed","2026-08-14","TestRegistrationPageVisible","test_elem_registration_page","",""
"
Тест проверяет количество элементов страницы проекта.

1. Дождаться загрузки страницы
2. Проверить количество элементов
","17","Проверка количества: Latest project funded (ожидается 4)","tests.lk_tests.project_tests","2026-08-14","passed","2026-08-14","TestElemProject","test_elem_project","",""
"
Тест проверяет видимость и текст элементов на странице Secondary Market.

Для каждого элемента:
1. Дождаться загрузки страницы
2. Проверить видимость элемента
3. Проверить, что текст элемента соответствует ожидаемому
","48","Проверка видимости и текста: banner_title","tests.lk_tests.investment_tests.secondary_tests","2026-08-14","passed","2026-08-14","TestSecondaryPageVisible","test_elem_secondary","",""
"
Тест проверяет видимость и текст элементов футера.

Для каждого элемента:
1.Дождаться загрузки футера
2.Проверить видимость элемента
3.Проверить, что текст элемента соответствует ожидаемому
","1889","Проверка видимости и текста: footer_logo","tests.footer_tests","2026-08-14","passed","2026-08-14","TestFooterVisible","test_elem_footer","",""
"
Тест проверяет видимость элементов модального окна Schedule (без текстового содержимого).

Для каждого элемента:
1. Дождаться загрузки модального окна
2. Проверить видимость элемента
","53","Проверка видимости: project_name","tests.lk_tests.portfolio_tests","2026-08-14","passed","2026-08-14","TestPortfolioSchedule","test_elem_portfolio_schedule","",""
"
Тест проверяет видимость и текст элементов на странице логина.

Для каждого элемента:
1.Дождаться загрузки страницы
2.Проверить видимость элемента
3.Проверить, что текст элемента соответствует ожидаемому
","29","Проверка видимости и текста: locale_code","tests.auth_tests.login_page_tests","2026-08-14","passed","2026-08-14","TestLoginPageVisible","test_login_page","",""
"","50","Проверка видимости и текста: header_title","tests.lk_tests.portfolio_tests","2026-08-14","passed","2026-08-14","TestPortfolioCompletedPageVisible","test_elem_portfolio_completed","",""
"
Тест проверяет видимость элементов вкладки Tax страницы Transactions (без проверки текста).

Для каждого элемента:
1. Дождаться загрузки страницы
2. Проверить видимость элемента
","60","Проверка видимости: chat_bot","tests.lk_tests.transactions_tests","2026-08-14","passed","2026-08-14","TestTransactionsTaxPageVisible","test_elem_transactions_tax","",""
"","85","Проверка видимости: stats_earned_value","tests.lk_tests.refer_tests","2026-08-14","passed","2026-08-14","TestReferralsPageVisible","test_elem_refer","",""
"
Тест проверяет видимость элементов страницы проекта (без текстового содержимого).

Для каждого элемента:
1. Дождаться загрузки страницы
2. Проверить видимость элемента
","36","Проверка видимости: Invest block subtitle","tests.lk_tests.project_tests","2026-08-14","passed","2026-08-14","TestElemProject","test_elem_project","",""
"
Тест проверяет видимость и текст элементов страницы Transactions.

Для каждого элемента:
1. Дождаться загрузки страницы
2. Проверить видимость элемента
3. Проверить, что текст элемента соответствует ожидаемому
","69","Проверка видимости и текста: tab_transactions","tests.lk_tests.transactions_tests","2026-08-14","passed","2026-08-14","TestTransactionsPageVisible","test_elem_transactions","",""
"","45","Проверка видимости и текста: city","tests.lk_tests.personal_settings_tests","2026-08-14","passed","2026-08-14","TestPersonalSettingsPageVisible","test_elem_personal_settings","",""
"
Тест проверяет видимость и текст элементов страницы Withdraw.

Для каждого элемента:
1. Дождаться загрузки страницы
2. Проверить видимость элемента
3. Проверить, что текст элемента соответствует ожидаемому
","43","Проверка видимости и текста: amount_badge","tests.lk_tests.deposit_withdraw_tests.withdraw_tests","2026-08-14","passed","2026-08-14","TestWithdrawPageVisible","test_elem_withdraw","",""
"
Тест проверяет количество элементов дашборда.

1.Дождаться загрузки страницы
2.Проверить количество элементов
3.Для progress-bar проверить что все имеют размеры
","36","Проверка количества: overview_statistics_values (ожидается 4)","tests.lk_tests.dashboard_tests","2026-08-14","passed","2026-08-14","TestDashboardPageVisible","test_elem_dashboard","",""
"","29","Проверка видимости и текста: step2_chip","tests.lk_tests.refer_tests","2026-08-14","passed","2026-08-14","TestReferralsPageVisible","test_elem_refer","",""
"
Тест проверяет видимость и текст элементов сайдбара.

Для каждого элемента:
1.Дождаться загрузки сайдбара
2.Проверить видимость элемента
3.Проверить, что текст элемента соответствует ожидаемому
","51","Проверка видимости и текста: transactions","tests.sidebar_tests","2026-08-14","passed","2026-08-14","TestSidebarVisible","test_elem_sidebar","",""
"
Тест проверяет фильтрацию проектов по типу залога.

1. Получить список доступных типов залога из фильтра
2. Для каждого типа: выбрать тип и проверить, что все карточки содержат тип залога
3. Для каждого типа проверить, что количество карточек совпадает с заголовком
","53720","Проверка фильтрации проектов по типу залога","tests.lk_tests.investment_tests.primary_tests","2026-08-14","passed","2026-08-14","TestPrimaryFilter1","test_primary_market_filter1","",""
"","59","Проверка видимости и текста: stats_commission_label","tests.lk_tests.refer_tests","2026-08-14","passed","2026-08-14","TestReferralsPageVisible","test_elem_refer","",""
"
Тест проверяет навигацию по элементам сайдбара.

Для каждого элемента:
1.Кликнуть по элементу
2.Дождаться перехода по URL
3.Проверить, что URL заканчивается на ожидаемый путь
","91","Проверка навигации: deposit_withdraw","tests.sidebar_tests","2026-08-14","passed","2026-08-14","TestSidebarNav","test_sidebar_nav","",""
"
Тест проверяет видимость и текст элементов вкладки Tax страницы Transactions.

Для каждого элемента:
1. Дождаться загрузки страницы
2. Проверить видимость элемента
3. Проверить, что текст элемента соответствует ожидаемому
","9","Проверка видимости и текста: download_csv","tests.lk_tests.transactions_tests","2026-08-14","passed","2026-08-14","TestTransactionsTaxPageVisible","test_elem_transactions_tax","",""
"","89","Проверка видимости и текста: stats_earned_label","tests.lk_tests.refer_tests","2026-08-14","passed","2026-08-14","TestReferralsPageVisible","test_elem_refer","",""
"","99","Проверка видимости и текста: banner_paragraph","tests.lk_tests.portfolio_tests","2026-08-14","passed","2026-08-14","TestPortfolioPageVisible","test_elem_portfolio_active","",""
"
Тест проверяет видимость элементов страницы проекта (без текстового содержимого).

Для каждого элемента:
1. Дождаться загрузки страницы
2. Проверить видимость элемента
","59","Проверка видимости: Loan period value","tests.lk_tests.project_tests","2026-08-14","passed","2026-08-14","TestElemProject","test_elem_project","",""
"","27","Проверка видимости и текста: notif_interest","tests.lk_tests.personal_settings_tests","2026-08-14","passed","2026-08-14","TestPersonalSettingsPageVisible","test_elem_personal_settings","",""
"
Тест проверяет видимость и текст элементов дашборда.

Для каждого элемента:
1. Дождаться загрузки страницы
2. Проверить видимость элемента
3. Проверить, что текст элемента соответствует ожидаемому
","132","Проверка видимости и текста: banner_title","tests.lk_tests.dashboard_tests","2026-08-14","passed","2026-08-14","TestDashboardPageVisible","test_elem_dashboard","",""
"","682","Проверка видимости и текста: th_details","tests.lk_tests.portfolio_tests","2026-08-14","passed","2026-08-14","TestPortfolioPageVisible","test_elem_portfolio_active","",""
"","76","Проверка видимости и текста: channel_whatsapp","tests.lk_tests.refer_tests","2026-08-14","passed","2026-08-14","TestReferralsPageVisible","test_elem_refer","",""
"","58","Проверка видимости и текста: postal_code","tests.lk_tests.personal_settings_tests","2026-08-14","passed","2026-08-14","TestPersonalSettingsPageVisible","test_elem_personal_settings","",""
"
Тест проверяет фильтрацию Secondary Market по диапазону доходности.

1. Открыть фильтр apr
2. Установить ползунок: левый на 13%, правый оставить 20%
3. Применить фильтр и проверить, что все карточки содержат доходность в диапазоне 13–20%
4. Сравнить количество карточек с заголовком
","19580","Проверка фильтрации по доходности","tests.lk_tests.investment_tests.secondary_tests","2026-08-14","passed","2026-08-14","TestSecondaryMarketFilter","test_secondary_market_filter","",""
"
Тест проверяет видимость и текст элементов страницы Rewards.

Для каждого элемента:
1. Дождаться загрузки страницы
2. Проверить видимость элемента
3. Проверить, что текст элемента соответствует ожидаемому
","36","Проверка видимости и текста: benefit_qualifying","tests.lk_tests.rewards_tests","2026-08-14","passed","2026-08-14","TestRewardsPageVisible","test_elem_rewards","",""
"
Тест проверяет видимость элементов футера (контейнеры и иконки соцсетей).

Для каждого элемента:
1.Дождаться загрузки футера
2.Проверить видимость элемента
","31","Проверка видимости: newletter","tests.footer_tests","2026-08-14","passed","2026-08-14","TestFooterVisible","test_elem_footer","",""
"
Тест проверяет видимость элементов страницы проекта (без текстового содержимого).

Для каждого элемента:
1. Дождаться загрузки страницы
2. Проверить видимость элемента
","55","Проверка видимости: Gallery scrim","tests.lk_tests.project_tests","2026-08-14","passed","2026-08-14","TestElemProject","test_elem_project","",""
"
Тест проверяет навигацию по элементам сайдбара.

Для каждого элемента:
1.Кликнуть по элементу
2.Дождаться перехода по URL
3.Проверить, что URL заканчивается на ожидаемый путь
","83","Проверка навигации: transactions","tests.sidebar_tests","2026-08-14","passed","2026-08-14","TestSidebarNav","test_sidebar_nav","",""
"
Тест проверяет видимость элементов страницы Transactions (без проверки текста).

Для каждого элемента:
1. Дождаться загрузки страницы
2. Проверить видимость элемента
","28","Проверка видимости: pagination_summary","tests.lk_tests.transactions_tests","2026-08-14","passed","2026-08-14","TestTransactionsPageVisible","test_elem_transactions","",""
"
Тест проверяет видимость и текст элементов страницы проекта.

Для каждого элемента:
1. Дождаться загрузки страницы
2. Проверить видимость элемента
3. Проверить, что текст элемента соответствует ожидаемому
","47","Проверка видимости и текста: min_investment_label","tests.lk_tests.project_tests","2026-08-14","passed","2026-08-14","TestElemProject","test_elem_project","",""
"
Тест проверяет видимость и текст элементов страницы Deposit.

Для каждого элемента:
1. Дождаться загрузки страницы
2. Проверить видимость элемента
3. Проверить, что текст элемента соответствует ожидаемому
","75","Проверка видимости и текста: swift","tests.lk_tests.deposit_withdraw_tests.deposit_tests","2026-08-14","passed","2026-08-14","TestDepositPageVisible","test_elem_deposit","",""
"
Тест проверяет видимость элементов страницы Transactions (без проверки текста).

Для каждого элемента:
1. Дождаться загрузки страницы
2. Проверить видимость элемента
","34","Проверка видимости: table_count_number","tests.lk_tests.transactions_tests","2026-08-14","passed","2026-08-14","TestTransactionsPageVisible","test_elem_transactions","",""
"
Тест проверяет ошибку при некорректном email.

1.Ввести некорректный email
2.Нажать Send code
3.Проверить сообщение об ошибке
","183","Проверка восстановления пароля с некорректным (незарегистрированным) email","tests.auth_tests.forgot_page_tests","2026-08-14","passed","2026-08-14","TestForgotPasswordFalse","test_forgot_password","",""
"
Тест проверяет видимость элементов страницы проекта (без текстового содержимого).

Для каждого элемента:
1. Дождаться загрузки страницы
2. Проверить видимость элемента
","19","Проверка видимости: Project stat caption #2","tests.lk_tests.project_tests","2026-08-14","passed","2026-08-14","TestElemProject","test_elem_project","",""
"
Тест проверяет фильтрацию проектов по секторам.

1. Получить список доступных секторов из фильтра
2. Для каждого сектора: выбрать сектор и проверить, что все карточки содержат сектор
3. Для каждого сектора проверить, что количество карточек совпадает с заголовком
","51685","Проверка фильтрации проектов по секторам","tests.lk_tests.investment_tests.primary_tests","2026-08-14","passed","2026-08-14","TestPrimaryFilter","test_primary_market_filter","",""
"","125","Проверка видимости: filter_hide_invested","tests.lk_tests.investment_tests.primary_tests","2026-08-14","passed","2026-08-14","TestPrimaryPageVisible","test_elem_primary","",""
"
Тест проверяет навигацию по элементам сайдбара.

Для каждого элемента:
1.Кликнуть по элементу
2.Дождаться перехода по URL
3.Проверить, что URL заканчивается на ожидаемый путь
","189","Проверка навигации: refer","tests.sidebar_tests","2026-08-14","passed","2026-08-14","TestSidebarNav","test_sidebar_nav","",""
"
Тест проверяет видимость элементов на странице логина (без текстового содержимого).

Для каждого элемента:
1.Дождаться загрузки страницы
2.Проверить видимость элемента
","31","Проверка видимости: input_email","tests.auth_tests.login_page_tests","2026-08-14","passed","2026-08-14","TestLoginPageVisible","test_login_page","",""
"
Тест проверяет ошибку валидации при незаполненном поле пароля.

1. Заполнить email и подтверждение пароля
2. Нажать кнопку Agree & Create account
3. Проверить сообщение ""This field is required"" у поля пароля
","241","Ошибка валидации: пустой пароль","tests.auth_tests.reg_page_tests","2026-08-14","passed","2026-08-14","TestRegistrationFalse","test_registration","",""
"
Тест проверяет видимость и текст элементов модального окна Schedule.

Для каждого элемента:
1. Дождаться загрузки модального окна
2. Проверить видимость элемента
3. Проверить, что текст элемента соответствует ожидаемому
","107","Проверка видимости и текста: download_btn","tests.lk_tests.portfolio_tests","2026-08-14","passed","2026-08-14","TestPortfolioSchedule","test_elem_portfolio_schedule","",""
"","32","Проверка видимости: link_question_login","tests.auth_tests.reg_page_tests","2026-08-14","passed","2026-08-14","TestRegistrationPageVisible","test_elem_registration_page","",""
"
Тест проверяет видимость элементов модального окна Schedule (без текстового содержимого).

Для каждого элемента:
1. Дождаться загрузки модального окна
2. Проверить видимость элемента
","31","Проверка видимости: subtitle","tests.lk_tests.portfolio_tests","2026-08-14","passed","2026-08-14","TestPortfolioSchedule","test_elem_portfolio_schedule","",""
"
Тест проверяет видимость и текст элементов страницы Deposit.

Для каждого элемента:
1. Дождаться загрузки страницы
2. Проверить видимость элемента
3. Проверить, что текст элемента соответствует ожидаемому
","107","Проверка видимости и текста: deposit_title","tests.lk_tests.deposit_withdraw_tests.deposit_tests","2026-08-14","passed","2026-08-14","TestDepositPageVisible","test_elem_deposit","",""
"
Тест проверяет видимость и текст элементов страницы Rewards.

Для каждого элемента:
1. Дождаться загрузки страницы
2. Проверить видимость элемента
3. Проверить, что текст элемента соответствует ожидаемому
","67","Проверка видимости и текста: compare_title","tests.lk_tests.rewards_tests","2026-08-14","passed","2026-08-14","TestRewardsPageVisible","test_elem_rewards","",""
"
Тест проверяет видимость элементов страницы Rewards (без проверки текста).

Для каждого элемента:
1. Дождаться загрузки страницы
2. Проверить видимость элемента
","88","Проверка видимости: chat_bot","tests.lk_tests.rewards_tests","2026-08-14","passed","2026-08-14","TestRewardsPageVisible","test_elem_rewards","",""
"
Тест проверяет переключение языка через дропдаун в хедере.

Для каждой локали:
1.Открыть дропдаун
2.Проверить наличие локали в списке
3.Скроллить до локали
4.Проверить видимость локали
5.Кликнуть по локали
6.Проверить, что URL содержит код языка
","383","Проверка переключения языка: Italiano","tests.header_tests","2026-08-14","passed","2026-08-14","TestHeader","test_header","",""
"","67","Проверка видимости и текста: copy_link_btn","tests.lk_tests.refer_tests","2026-08-14","passed","2026-08-14","TestReferralsPageVisible","test_elem_refer","",""
"
Тест проверяет видимость и текст элементов страницы Deposit.

Для каждого элемента:
1. Дождаться загрузки страницы
2. Проверить видимость элемента
3. Проверить, что текст элемента соответствует ожидаемому
","60","Проверка видимости и текста: deposit_page_title","tests.lk_tests.deposit_withdraw_tests.deposit_tests","2026-08-14","passed","2026-08-14","TestDepositPageVisible","test_elem_deposit","",""
"
Тест проверяет количество элементов страницы Rewards.

Для каждого элемента:
1. Дождаться загрузки страницы
2. Проверить, что количество элементов соответствует ожидаемому
","50","Проверка количества: compare_cell_value (ожидается 8)","tests.lk_tests.rewards_tests","2026-08-14","passed","2026-08-14","TestRewardsPageVisible","test_elem_rewards","",""
"","46","Проверка видимости: chat_bot","tests.lk_tests.investment_tests.primary_tests","2026-08-14","passed","2026-08-14","TestPrimaryPageVisible","test_elem_primary","",""
"
Тест проверяет видимость и текст элементов страницы Withdraw.

Для каждого элемента:
1. Дождаться загрузки страницы
2. Проверить видимость элемента
3. Проверить, что текст элемента соответствует ожидаемому
","64","Проверка видимости и текста: step1_name","tests.lk_tests.deposit_withdraw_tests.withdraw_tests","2026-08-14","passed","2026-08-14","TestWithdrawPageVisible","test_elem_withdraw","",""
"","7","Проверка видимости и текста: hero_title","tests.lk_tests.refer_tests","2026-08-14","passed","2026-08-14","TestReferralsPageVisible","test_elem_refer","",""
"
Тест проверяет видимость элементов модального окна Schedule (без текстового содержимого).

Для каждого элемента:
1. Дождаться загрузки модального окна
2. Проверить видимость элемента
","41","Проверка видимости: show_all_btn","tests.lk_tests.portfolio_tests","2026-08-14","passed","2026-08-14","TestPortfolioSchedule","test_elem_portfolio_schedule","",""
"
Тест проверяет видимость и текст элементов страницы Deposit.

Для каждого элемента:
1. Дождаться загрузки страницы
2. Проверить видимость элемента
3. Проверить, что текст элемента соответствует ожидаемому
","75","Проверка видимости и текста: tab_deposit","tests.lk_tests.deposit_withdraw_tests.deposit_tests","2026-08-14","passed","2026-08-14","TestDepositPageVisible","test_elem_deposit","",""
"","63","Проверка видимости и текста: first_name","tests.lk_tests.personal_settings_tests","2026-08-14","passed","2026-08-14","TestPersonalSettingsPageVisible","test_elem_personal_settings","",""
"","31","Проверка видимости и текста: grade_filter","tests.lk_tests.portfolio_tests","2026-08-14","passed","2026-08-14","TestPortfolioCompletedPageVisible","test_elem_portfolio_completed","",""
"
Тест проверяет количество элементов страницы Rewards.

Для каждого элемента:
1. Дождаться загрузки страницы
2. Проверить, что количество элементов соответствует ожидаемому
","15","Проверка количества: step_line_filled (ожидается 3)","tests.lk_tests.rewards_tests","2026-08-14","passed","2026-08-14","TestRewardsPageVisible","test_elem_rewards","",""
"
Тест проверяет видимость элементов панели покупки (без текстового содержимого).

Для каждого элемента:
1. Дождаться загрузки панели
2. Проверить видимость элемента
","35","Проверка видимости: checkbox_agreement","tests.lk_tests.investment_tests.secondary_tests","2026-08-14","passed","2026-08-14","TestBuyPanel","test_elem_secondary_buy","",""
"","570","Проверка видимости и текста: th_apr","tests.lk_tests.portfolio_tests","2026-08-14","passed","2026-08-14","TestPortfolioCompletedPageVisible","test_elem_portfolio_completed","",""
"
Тест проверяет видимость и текст элементов страницы Withdraw.

Для каждого элемента:
1. Дождаться загрузки страницы
2. Проверить видимость элемента
3. Проверить, что текст элемента соответствует ожидаемому
","50","Проверка видимости и текста: step2_name","tests.lk_tests.deposit_withdraw_tests.withdraw_tests","2026-08-14","passed","2026-08-14","TestWithdrawPageVisible","test_elem_withdraw","",""
"","24","Проверка видимости: input_confirm_password","tests.auth_tests.reg_page_tests","2026-08-14","passed","2026-08-14","TestRegistrationPageVisible","test_elem_registration_page","",""
"","77","Проверка видимости и текста: notifications_subtitle","tests.lk_tests.personal_settings_tests","2026-08-14","passed","2026-08-14","TestPersonalSettingsPageVisible","test_elem_personal_settings","",""
"","58","Проверка видимости и текста: stats_signups_label","tests.lk_tests.refer_tests","2026-08-14","passed","2026-08-14","TestReferralsPageVisible","test_elem_refer","",""
"
Тест проверяет видимость и текст элементов страницы проекта.

Для каждого элемента:
1. Дождаться загрузки страницы
2. Проверить видимость элемента
3. Проверить, что текст элемента соответствует ожидаемому
","49","Проверка видимости и текста: min_investment_value","tests.lk_tests.project_tests","2026-08-14","passed","2026-08-14","TestElemProject","test_elem_project","",""
"
Тест проверяет видимость элементов страницы проекта (без текстового содержимого).

Для каждого элемента:
1. Дождаться загрузки страницы
2. Проверить видимость элемента
","49","Проверка видимости: Funded value","tests.lk_tests.project_tests","2026-08-14","passed","2026-08-14","TestElemProject","test_elem_project","",""
"
Тест проверяет видимость и текст элементов хедера.

Для каждого элемента:
1.Дождаться загрузки хедера
2.Проверить видимость элемента
3.Проверить, что текст элемента соответствует ожидаемому
","43","Проверка видимости и текста: language_switcher","tests.header_tests","2026-08-14","passed","2026-08-14","TestHeaderVisible","test_elem_header","",""
"
Тест проверяет видимость и текст элементов сайдбара.

Для каждого элемента:
1.Дождаться загрузки сайдбара
2.Проверить видимость элемента
3.Проверить, что текст элемента соответствует ожидаемому
","44","Проверка видимости и текста: dashboard","tests.sidebar_tests","2026-08-14","passed","2026-08-14","TestSidebarVisible","test_elem_sidebar","",""
"","35","Проверка видимости: rating_label","tests.lk_tests.investment_tests.primary_tests","2026-08-14","passed","2026-08-14","TestPrimaryPageVisible","test_elem_primary","",""
"","64","Проверка видимости и текста: notif_withdrawal","tests.lk_tests.personal_settings_tests","2026-08-14","passed","2026-08-14","TestPersonalSettingsPageVisible","test_elem_personal_settings","",""
"
Тест проверяет навигацию по элементам сайдбара.

Для каждого элемента:
1.Кликнуть по элементу
2.Дождаться перехода по URL
3.Проверить, что URL заканчивается на ожидаемый путь
","3011","Проверка навигации: portfolio","tests.sidebar_tests","2026-08-14","passed","2026-08-14","TestSidebarNav","test_sidebar_nav","",""
"
Тест проверяет видимость элементов футера (контейнеры и иконки соцсетей).

Для каждого элемента:
1.Дождаться загрузки футера
2.Проверить видимость элемента
","61","Проверка видимости: telegram","tests.footer_tests","2026-08-14","passed","2026-08-14","TestFooterVisible","test_elem_footer","",""
"
Тест проверяет видимость и текст элементов страницы Withdraw.

Для каждого элемента:
1. Дождаться загрузки страницы
2. Проверить видимость элемента
3. Проверить, что текст элемента соответствует ожидаемому
","60","Проверка видимости и текста: step1_badge","tests.lk_tests.deposit_withdraw_tests.withdraw_tests","2026-08-14","passed","2026-08-14","TestWithdrawPageVisible","test_elem_withdraw","",""
"
Тест проверяет видимость и текст элементов дашборда.

Для каждого элемента:
1. Дождаться загрузки страницы
2. Проверить видимость элемента
3. Проверить, что текст элемента соответствует ожидаемому
","69","Проверка видимости и текста: total_earned","tests.lk_tests.dashboard_tests","2026-08-14","passed","2026-08-14","TestDashboardPageVisible","test_elem_dashboard","",""
"
Тест проверяет видимость элементов на странице логина (без текстового содержимого).

Для каждого элемента:
1.Дождаться загрузки страницы
2.Проверить видимость элемента
","25","Проверка видимости: page_subtitle","tests.auth_tests.login_page_tests","2026-08-14","passed","2026-08-14","TestLoginPageVisible","test_login_page","",""
"
Тест проверяет, что при пустом поле суммы появляется ошибка валидации.
","1272","Проверка валидации пустой суммы Withdraw","tests.lk_tests.deposit_withdraw_tests.withdraw_tests","2026-08-14","passed","2026-08-14","TestWithdrawPage","test_withdraw","",""
"
Тест проверяет переход на страницу проекта при клике на Invest now.

1. Кликнуть на первую кнопку Invest now
2. Проверить, что URL содержит investment-projects/project
","118","Проверка перехода по кнопке Invest now на страницу проекта","tests.lk_tests.dashboard_tests","2026-08-14","passed","2026-08-14","TestDashboard","test_dashboard","",""
"
Тест проверяет фильтрацию проектов по сроку на Primary Market.

1. Получить список доступных диапазонов срока из фильтра
2. Для каждого диапазона: выбрать диапазон и проверить, что все карточки содержат срок в нужном диапазоне
3. Для каждого диапазона проверить, что количество карточек совпадает с заголовком
","124216","Проверка фильтрации проектов по сроку","tests.lk_tests.investment_tests.primary_tests","2026-08-14","passed","2026-08-14","TestPrimaryFilter1","test_primary_market_filter1","",""
"
Тест проверяет видимость элементов панели покупки (без текстового содержимого).

Для каждого элемента:
1. Дождаться загрузки панели
2. Проверить видимость элемента
","24","Проверка видимости: project_name","tests.lk_tests.investment_tests.secondary_tests","2026-08-14","passed","2026-08-14","TestBuyPanel","test_elem_secondary_buy","",""
"
Тест проверяет видимость элементов страницы проекта (без текстового содержимого).

Для каждого элемента:
1. Дождаться загрузки страницы
2. Проверить видимость элемента
","42","Проверка видимости: Project stat caption","tests.lk_tests.project_tests","2026-08-14","passed","2026-08-14","TestElemProject","test_elem_project","",""
"
Тест проверяет видимость и текст элементов сайдбара.

Для каждого элемента:
1.Дождаться загрузки сайдбара
2.Проверить видимость элемента
3.Проверить, что текст элемента соответствует ожидаемому
","32","Проверка видимости и текста: investment","tests.sidebar_tests","2026-08-14","passed","2026-08-14","TestSidebarVisible","test_elem_sidebar","",""
"","593","Проверка видимости и текста: th_status","tests.lk_tests.portfolio_tests","2026-08-14","passed","2026-08-14","TestPortfolioPageVisible","test_elem_portfolio_active","",""
"
Тест проверяет переключение языка через дропдаун в хедере.

Для каждой локали:
1.Открыть дропдаун
2.Проверить наличие локали в списке
3.Скроллить до локали
4.Проверить видимость локали
5.Кликнуть по локали
6.Проверить, что URL содержит код языка
","356","Проверка переключения языка: English","tests.header_tests","2026-08-14","passed","2026-08-14","TestHeader","test_header","",""
"
Тест проверяет количество элементов дашборда.

1.Дождаться загрузки страницы
2.Проверить количество элементов
3.Для progress-bar проверить что все имеют размеры
","10","Проверка количества: overview_statistics_tiles (ожидается 4)","tests.lk_tests.dashboard_tests","2026-08-14","passed","2026-08-14","TestDashboardPageVisible","test_elem_dashboard","",""
"","11","Проверка количества: password_strength_rules_list (ожидается 6)","tests.auth_tests.reg_page_tests","2026-08-14","passed","2026-08-14","TestRegistrationPageVisible","test_elem_registration_page","",""
"
Тест проверяет видимость и текст элементов страницы Rewards.

Для каждого элемента:
1. Дождаться загрузки страницы
2. Проверить видимость элемента
3. Проверить, что текст элемента соответствует ожидаемому
","117","Проверка видимости и текста: how_tiers_btn","tests.lk_tests.rewards_tests","2026-08-14","passed","2026-08-14","TestRewardsPageVisible","test_elem_rewards","",""
"
Тест проверяет видимость элементов страницы проекта (без текстового содержимого).

Для каждого элемента:
1. Дождаться загрузки страницы
2. Проверить видимость элемента
","51","Проверка видимости: Debt to equity value","tests.lk_tests.project_tests","2026-08-14","passed","2026-08-14","TestElemProject","test_elem_project","",""
"
Тест проверяет переход на страницу Personal settings и возврат на дашборд через лого.

1.Нажать на аватар в хедере
2.Проверить переход на /en/profile и заголовок
3.Нажать на лого CrowdHive
4.Проверить возврат на /en/dashboard и заголовок
","817","Проверка перехода в Personal settings через иконку пользователяи возврата на дашборд","tests.header_tests","2026-08-14","passed","2026-08-14","TestHeader","test_header","",""
"
Тест проверяет видимость и текст элементов дашборда.

Для каждого элемента:
1. Дождаться загрузки страницы
2. Проверить видимость элемента
3. Проверить, что текст элемента соответствует ожидаемому
","60","Проверка видимости и текста: total_earned","tests.lk_tests.dashboard_tests","2026-08-14","passed","2026-08-14","TestDashboardPageVisible","test_elem_dashboard","",""
"
Тест проверяет навигацию по элементам сайдбара.

Для каждого элемента:
1.Кликнуть по элементу
2.Дождаться перехода по URL
3.Проверить, что URL заканчивается на ожидаемый путь
","1411","Проверка навигации: deposit_withdraw","tests.sidebar_tests","2026-08-14","passed","2026-08-14","TestSidebarNav","test_sidebar_nav","",""
"","31","Проверка видимости: link_question_login","tests.auth_tests.reg_page_tests","2026-08-14","passed","2026-08-14","TestRegistrationPageVisible","test_elem_registration_page","",""
"","99","Проверка видимости и текста: notif_principal","tests.lk_tests.personal_settings_tests","2026-08-14","passed","2026-08-14","TestPersonalSettingsPageVisible","test_elem_personal_settings","",""
"","105","Проверка видимости и текста: tab_raised","tests.lk_tests.investment_tests.primary_tests","2026-08-14","passed","2026-08-14","TestPrimaryPageVisible","test_elem_primary","",""
"
Тест проверяет видимость и текст элементов страницы Rewards.

Для каждого элемента:
1. Дождаться загрузки страницы
2. Проверить видимость элемента
3. Проверить, что текст элемента соответствует ожидаемому
","60","Проверка видимости и текста: benefit_apr","tests.lk_tests.rewards_tests","2026-08-14","passed","2026-08-14","TestRewardsPageVisible","test_elem_rewards","",""
"","90","Проверка видимости и текста: footer_export","tests.lk_tests.refer_tests","2026-08-14","passed","2026-08-14","TestReferralsPageVisible","test_elem_refer","",""
"","44","Проверка видимости и текста: phone","tests.lk_tests.personal_settings_tests","2026-08-14","passed","2026-08-14","TestPersonalSettingsPageVisible","test_elem_personal_settings","",""
"","7","Проверка количества: tab_dots (ожидается 5)","tests.lk_tests.investment_tests.primary_tests","2026-08-14","passed","2026-08-14","TestPrimaryPageVisible","test_elem_primary","",""
"
Тест проверяет переход на страницу Investment при клике на See all projects.

1. Кликнуть на See all projects
2. Проверить переход на /en/investment
","121","Проверка перехода по кнопке See all projects на страницу Investment","tests.lk_tests.dashboard_tests","2026-08-14","passed","2026-08-14","TestDashboard","test_dashboard","",""
"
Тест проверяет фильтрацию карточек Secondary Market по странам.

1. Получить список доступных стран из фильтра
2. Для каждой страны: выбрать страну и проверить, что все карточки содержат страну
3. Для каждой страны проверить, что количество карточек совпадает с заголовком
","37717","Проверка фильтрации Secondary Market по странам","tests.lk_tests.investment_tests.secondary_tests","2026-08-14","passed","2026-08-14","TestSecondaryMarketFilter","test_secondary_market_filter","",""
"","42","Проверка видимости: link_privacy_policy","tests.auth_tests.reg_page_tests","2026-08-14","passed","2026-08-14","TestRegistrationPageVisible","test_elem_registration_page","",""
"
Тест проверяет видимость и текст элементов страницы проекта.

Для каждого элемента:
1. Дождаться загрузки страницы
2. Проверить видимость элемента
3. Проверить, что текст элемента соответствует ожидаемому
","64","Проверка видимости и текста: due_diligence_caption","tests.lk_tests.project_tests","2026-08-14","passed","2026-08-14","TestElemProject","test_elem_project","",""
"
Тест проверяет видимость и текст элементов дашборда.

Для каждого элемента:
1. Дождаться загрузки страницы
2. Проверить видимость элемента
3. Проверить, что текст элемента соответствует ожидаемому
","73","Проверка видимости и текста: growth_legend_whatif","tests.lk_tests.dashboard_tests","2026-08-14","passed","2026-08-14","TestDashboardPageVisible","test_elem_dashboard","",""
"
Тест проверяет видимость элементов на странице логина (без текстового содержимого).

Для каждого элемента:
1.Дождаться загрузки страницы
2.Проверить видимость элемента
","51","Проверка видимости: auth_top_bar","tests.auth_tests.login_page_tests","2026-08-14","passed","2026-08-14","TestLoginPageVisible","test_login_page","",""
"
Тест проверяет видимость элементов страницы проекта (без текстового содержимого).

Для каждого элемента:
1. Дождаться загрузки страницы
2. Проверить видимость элемента
","67","Проверка видимости: Invest amount input","tests.lk_tests.project_tests","2026-08-14","passed","2026-08-14","TestElemProject","test_elem_project","",""
"","49","Проверка видимости: chat_bot","tests.lk_tests.personal_settings_tests","2026-08-14","passed","2026-08-14","TestPersonalSettingsPageVisible","test_elem_personal_settings","",""
"
Тест проверяет видимость и текст элементов на странице Secondary Market.

Для каждого элемента:
1. Дождаться загрузки страницы
2. Проверить видимость элемента
3. Проверить, что текст элемента соответствует ожидаемому
","63","Проверка видимости и текста: sort_label","tests.lk_tests.investment_tests.secondary_tests","2026-08-14","passed","2026-08-14","TestSecondaryPageVisible","test_elem_secondary","",""
"
Тест проверяет видимость и текст элементов страницы Transactions.

Для каждого элемента:
1. Дождаться загрузки страницы
2. Проверить видимость элемента
3. Проверить, что текст элемента соответствует ожидаемому
","102","Проверка видимости и текста: net_change_desc","tests.lk_tests.transactions_tests","2026-08-14","passed","2026-08-14","TestTransactionsPageVisible","test_elem_transactions","",""
"
Тест проверяет видимость и текст элементов дашборда.

Для каждого элемента:
1. Дождаться загрузки страницы
2. Проверить видимость элемента
3. Проверить, что текст элемента соответствует ожидаемому
","63","Проверка видимости и текста: growth_legend_actual","tests.lk_tests.dashboard_tests","2026-08-14","passed","2026-08-14","TestDashboardPageVisible","test_elem_dashboard","",""
"
Тест проверяет переключение количества карточек на странице.

1. Переключить селект на {per_page} per page
2. Дождаться обновления
3. Проверить, что на странице {expected_count} карточек
","3995","Проверка переключения количества карточек на странице: 9","tests.lk_tests.investment_tests.primary_tests","2026-08-14","passed","2026-08-14","TestPrimaryMarket","test_primary_market","",""
"","53","Проверка видимости и текста: hero_chip_no_limit","tests.lk_tests.refer_tests","2026-08-14","passed","2026-08-14","TestReferralsPageVisible","test_elem_refer","",""
"","46","Проверка видимости: search_input","tests.lk_tests.refer_tests","2026-08-14","passed","2026-08-14","TestReferralsPageVisible","test_elem_refer","",""
"
Тест проверяет видимость и количество элементов страницы Deposit.

Для каждого элемента:
1. Дождаться загрузки страницы
2. Проверить видимость элемента
3. Проверить, что количество элементов соответствует ожидаемому
","25","Проверка видимости и количества: list_elem_values (ожидается 6)","tests.lk_tests.deposit_withdraw_tests.deposit_tests","2026-08-14","passed","2026-08-14","TestDepositPageVisible","test_elem_deposit","",""
"
Тест проверяет видимость и текст элементов на странице Secondary Market.

Для каждого элемента:
1. Дождаться загрузки страницы
2. Проверить видимость элемента
3. Проверить, что текст элемента соответствует ожидаемому
","26","Проверка видимости и текста: banner_title","tests.lk_tests.investment_tests.secondary_tests","2026-08-14","passed","2026-08-14","TestSecondaryPageVisible","test_elem_secondary","",""
"
Тест проверяет фильтрацию проектов по секторам.

1. Получить список доступных секторов из фильтра
2. Для каждого сектора: выбрать сектор и проверить, что все карточки содержат сектор
3. Для каждого сектора проверить, что количество карточек совпадает с заголовком
","103719","Проверка фильтрации проектов по секторам","tests.lk_tests.investment_tests.primary_tests","2026-08-14","passed","2026-08-14","TestPrimaryFilter","test_primary_market_filter","",""
"
Тест проверяет количество элементов страницы Rewards.

Для каждого элемента:
1. Дождаться загрузки страницы
2. Проверить, что количество элементов соответствует ожидаемому
","11","Проверка количества: compare_cell_value (ожидается 8)","tests.lk_tests.rewards_tests","2026-08-14","passed","2026-08-14","TestRewardsPageVisible","test_elem_rewards","",""
"","69","Проверка видимости и текста: stats_deposited_label","tests.lk_tests.refer_tests","2026-08-14","passed","2026-08-14","TestReferralsPageVisible","test_elem_refer","",""
"
Тест проверяет видимость и текст элементов страницы Withdraw.

Для каждого элемента:
1. Дождаться загрузки страницы
2. Проверить видимость элемента
3. Проверить, что текст элемента соответствует ожидаемому
","60","Проверка видимости и текста: withdraw_subtitle","tests.lk_tests.deposit_withdraw_tests.withdraw_tests","2026-08-14","passed","2026-08-14","TestWithdrawPageVisible","test_elem_withdraw","",""
"","59","Проверка видимости и текста: banner_title","tests.lk_tests.portfolio_tests","2026-08-14","passed","2026-08-14","TestPortfolioCompletedPageVisible","test_elem_portfolio_completed","",""
"
Тест проверяет видимость и текст элементов сайдбара.

Для каждого элемента:
1.Дождаться загрузки сайдбара
2.Проверить видимость элемента
3.Проверить, что текст элемента соответствует ожидаемому
","27","Проверка видимости и текста: Имя пользователя","tests.sidebar_tests","2026-08-14","passed","2026-08-14","TestSidebarVisible","test_elem_sidebar","",""
"
Тест проверяет видимость элементов страницы Withdraw (без проверки текста).

Для каждого элемента:
1. Дождаться загрузки страницы
2. Проверить видимость элемента по указанному индексу
","49","Проверка видимости: deposit_balance_amount","tests.lk_tests.deposit_withdraw_tests.withdraw_tests","2026-08-14","passed","2026-08-14","TestWithdrawPageVisible","test_elem_withdraw","",""
"
Тест проверяет видимость и текст элементов дашборда.

Для каждого элемента:
1. Дождаться загрузки страницы
2. Проверить видимость элемента
3. Проверить, что текст элемента соответствует ожидаемому
","68","Проверка видимости и текста: growth_path_sub","tests.lk_tests.dashboard_tests","2026-08-14","passed","2026-08-14","TestDashboardPageVisible","test_elem_dashboard","",""
"","62","Проверка видимости и текста: step3_badge","tests.lk_tests.refer_tests","2026-08-14","passed","2026-08-14","TestReferralsPageVisible","test_elem_refer","",""
"
Тест проверяет навигацию по элементам сайдбара.

Для каждого элемента:
1.Кликнуть по элементу
2.Дождаться перехода по URL
3.Проверить, что URL заканчивается на ожидаемый путь
","855","Проверка навигации: dashboard","tests.sidebar_tests","2026-08-14","passed","2026-08-14","TestSidebarNav","test_sidebar_nav","",""
"
Тест проверяет фильтр Hide Invested на Secondary Market.

1. Нажать кнопку Hide Invested
2. Проверить, что на всех карточках кнопка Buy
3. Сравнить количество карточек с заголовком
","9692","Проверка фильтра Hide Invested","tests.lk_tests.investment_tests.secondary_tests","2026-08-14","passed","2026-08-14","TestSecondaryMarketFilter1","test_secondary_market_filter1","",""
"
Тест проверяет ошибку валидации при незаполненном поле email.

1. Заполнить пароль и подтверждение пароля
2. Нажать кнопку Agree & Create account
3. Проверить сообщение ""This field is required"" у поля email
","524","Ошибка валидации: пустой email","tests.auth_tests.reg_page_tests","2026-08-14","passed","2026-08-14","TestRegistrationFalse","test_registration","",""
"","67","Проверка видимости и текста: notif_principal","tests.lk_tests.personal_settings_tests","2026-08-14","passed","2026-08-14","TestPersonalSettingsPageVisible","test_elem_personal_settings","",""
"","62","Проверка видимости и текста: status_filter","tests.lk_tests.portfolio_tests","2026-08-14","passed","2026-08-14","TestPortfolioCompletedPageVisible","test_elem_portfolio_completed","",""
"","86","Проверка видимости и текста: grade_filter","tests.lk_tests.portfolio_tests","2026-08-14","passed","2026-08-14","TestPortfolioPageVisible","test_elem_portfolio_active","",""
"
Тест проверяет видимость и текст элементов страницы Deposit.

Для каждого элемента:
1. Дождаться загрузки страницы
2. Проверить видимость элемента
3. Проверить, что текст элемента соответствует ожидаемому
","71","Проверка видимости и текста: recipient_name","tests.lk_tests.deposit_withdraw_tests.deposit_tests","2026-08-14","passed","2026-08-14","TestDepositPageVisible","test_elem_deposit","",""
"","20","Проверка количества: switch_toggles (ожидается 6)","tests.lk_tests.personal_settings_tests","2026-08-14","passed","2026-08-14","TestPersonalSettingsPageVisible","test_elem_personal_settings","",""
"
Тест проверяет открытие и элементы чата поддержки.

1.Открыть чат по кнопке
2.Проверить заголовок ""Crowdy""
3.Проверить статус ""Support companion · online now""
4.Проверить приветственное сообщение
5.Проверить наличие поля ввода
6.Ввести текст ""test""
7.Закрыть чат
","1551","Проверка чата поддержки Crowdy","tests.lk_tests.dashboard_tests","2026-08-14","passed","2026-08-14","TestDashboard","test_dashboard","",""
"","570","Проверка видимости и текста: th_grade","tests.lk_tests.portfolio_tests","2026-08-14","passed","2026-08-14","TestPortfolioCompletedPageVisible","test_elem_portfolio_completed","",""
"","92","Проверка видимости и текста: sectors_label","tests.lk_tests.investment_tests.primary_tests","2026-08-14","passed","2026-08-14","TestPrimaryPageVisible","test_elem_primary","",""
"
Тест проверяет переключение языка через дропдаун в хедере.

Для каждой локали:
1.Открыть дропдаун
2.Проверить наличие локали в списке
3.Скроллить до локали
4.Проверить видимость локали
5.Кликнуть по локали
6.Проверить, что URL содержит код языка
","263","Проверка переключения языка: Polski","tests.header_tests","2026-08-14","passed","2026-08-14","TestHeader","test_header","",""
"","62","Проверка видимости и текста: stats_signups_label","tests.lk_tests.refer_tests","2026-08-14","passed","2026-08-14","TestReferralsPageVisible","test_elem_refer","",""
"
Тест проверяет видимость элементов страницы проекта (без текстового содержимого).

Для каждого элемента:
1. Дождаться загрузки страницы
2. Проверить видимость элемента
","61","Проверка видимости: Input label","tests.lk_tests.project_tests","2026-08-14","passed","2026-08-14","TestElemProject","test_elem_project","",""
"
Тест проверяет видимость и текст элементов футера.

Для каждого элемента:
1.Дождаться загрузки футера
2.Проверить видимость элемента
3.Проверить, что текст элемента соответствует ожидаемому
","29","Проверка видимости и текста: agreements_item_vqf","tests.footer_tests","2026-08-14","passed","2026-08-14","TestFooterVisible","test_elem_footer","",""
"
Тест проверяет видимость элементов на странице логина (без текстового содержимого).

Для каждого элемента:
1.Дождаться загрузки страницы
2.Проверить видимость элемента
","46","Проверка видимости: input_email","tests.auth_tests.login_page_tests","2026-08-14","passed","2026-08-14","TestLoginPageVisible","test_login_page","",""
"
Тест проверяет видимость и текст элементов дашборда.

Для каждого элемента:
1. Дождаться загрузки страницы
2. Проверить видимость элемента
3. Проверить, что текст элемента соответствует ожидаемому
","2228","Проверка видимости и текста: banner_desc","tests.lk_tests.dashboard_tests","2026-08-14","passed","2026-08-14","TestDashboardPageVisible","test_elem_dashboard","",""
"
Тест проверяет видимость и текст элементов страницы Rewards.

Для каждого элемента:
1. Дождаться загрузки страницы
2. Проверить видимость элемента
3. Проверить, что текст элемента соответствует ожидаемому
","67","Проверка видимости и текста: history_sort_value","tests.lk_tests.rewards_tests","2026-08-14","passed","2026-08-14","TestRewardsPageVisible","test_elem_rewards","",""
"
Тест проверяет видимость и текст элементов панели покупки.

Для каждого элемента:
1. Дождаться загрузки панели
2. Проверить видимость элемента
3. Проверить, что текст элемента соответствует ожидаемому
","40","Проверка видимости и текста: type","tests.lk_tests.investment_tests.secondary_tests","2026-08-14","passed","2026-08-14","TestBuyPanel","test_elem_secondary_buy","",""
"
Тест проверяет видимость элементов страницы проекта (без текстового содержимого).

Для каждого элемента:
1. Дождаться загрузки страницы
2. Проверить видимость элемента
","48","Проверка видимости: Credit history value","tests.lk_tests.project_tests","2026-08-14","passed","2026-08-14","TestElemProject","test_elem_project","",""
"","98","Проверка видимости и текста: banner_title","tests.lk_tests.investment_tests.primary_tests","2026-08-14","passed","2026-08-14","TestPrimaryPageVisible","test_elem_primary","",""
"","38","Проверка видимости и текста: hero_reward_extra","tests.lk_tests.refer_tests","2026-08-14","passed","2026-08-14","TestReferralsPageVisible","test_elem_refer","",""
"
Тест проверяет, что при вводе неверных данных авторизация не проходит и появляется сообщение об ошибке.

Для каждого варианта невалидных данных:
1.Открыть страницу логина
2.Заполнить форму невалидными данными
3.Нажать кнопку логина
4.Проверить появление сообщения об ошибке
","6108","Проверка авторизации с невалидными данными: Неверный email","tests.auth_tests.login_page_tests","2026-08-14","passed","2026-08-14","TestAuthorization","test_authorization","",""
"
Тест проверяет видимость и текст элементов страницы Deposit.

Для каждого элемента:
1. Дождаться загрузки страницы
2. Проверить видимость элемента
3. Проверить, что текст элемента соответствует ожидаемому
","75","Проверка видимости и текста: tab_withdraw","tests.lk_tests.deposit_withdraw_tests.deposit_tests","2026-08-14","passed","2026-08-14","TestDepositPageVisible","test_elem_deposit","",""
"
Тест проверяет видимость элементов страницы проекта (без текстового содержимого).

Для каждого элемента:
1. Дождаться загрузки страницы
2. Проверить видимость элемента
","61","Проверка видимости: Invest block subtitle","tests.lk_tests.project_tests","2026-08-14","passed","2026-08-14","TestElemProject","test_elem_project","",""
"
Тест проверяет видимость и текст элементов модального окна Schedule.

Для каждого элемента:
1. Дождаться загрузки модального окна
2. Проверить видимость элемента
3. Проверить, что текст элемента соответствует ожидаемому
","30","Проверка видимости и текста: download_btn","tests.lk_tests.portfolio_tests","2026-08-14","passed","2026-08-14","TestPortfolioSchedule","test_elem_portfolio_schedule","",""
"
Тест проверяет видимость и текст элементов хедера.

Для каждого элемента:
1.Дождаться загрузки хедера
2.Проверить видимость элемента
3.Проверить, что текст элемента соответствует ожидаемому
","85","Проверка видимости и текста: logo","tests.header_tests","2026-08-14","passed","2026-08-14","TestHeaderVisible","test_elem_header","",""
"","551","Проверка видимости и текста: th_earned","tests.lk_tests.portfolio_tests","2026-08-14","passed","2026-08-14","TestPortfolioCompletedPageVisible","test_elem_portfolio_completed","",""
"","38","Проверка видимости: checkbox_referral","tests.auth_tests.reg_page_tests","2026-08-14","passed","2026-08-14","TestRegistrationPageVisible","test_elem_registration_page","",""
"
Тест проверяет видимость элементов дашборда (без текстового содержимого).

Для каждого элемента:
1.Дождаться загрузки страницы
2.Проверить видимость элемента
","48","Проверка видимости: stories","tests.lk_tests.dashboard_tests","2026-08-14","passed","2026-08-14","TestDashboardPageVisible","test_elem_dashboard","",""
"
Тест проверяет количество элементов дашборда.

1.Дождаться загрузки страницы
2.Проверить количество элементов
3.Для progress-bar проверить что все имеют размеры
","18","Проверка количества: growth_legends (ожидается 3)","tests.lk_tests.dashboard_tests","2026-08-14","passed","2026-08-14","TestDashboardPageVisible","test_elem_dashboard","",""
"
Тест проверяет видимость и текст элементов страницы Deposit.

Для каждого элемента:
1. Дождаться загрузки страницы
2. Проверить видимость элемента
3. Проверить, что текст элемента соответствует ожидаемому
","65","Проверка видимости и текста: payment_reference","tests.lk_tests.deposit_withdraw_tests.deposit_tests","2026-08-14","passed","2026-08-14","TestDepositPageVisible","test_elem_deposit","",""
"
Тест проверяет видимость элементов футера (контейнеры и иконки соцсетей).

Для каждого элемента:
1.Дождаться загрузки футера
2.Проверить видимость элемента
","69","Проверка видимости: newletter","tests.footer_tests","2026-08-14","passed","2026-08-14","TestFooterVisible","test_elem_footer","",""
"
Тест проверяет переход на страницу проекта при клике на случайную карточку.

1. Получить список видимых карточек
2. Выбрать случайную
3. Запомнить название проекта
4. Кликнуть по карточке
5. Проверить переход на страницу проекта
6. Проверить, что заголовок проекта совпадает
","2337","Проверка перехода на страницу проекта по клику на карточку на Secondary Market","tests.lk_tests.investment_tests.secondary_tests","2026-08-14","passed","2026-08-14","TestSecondaryMarket","test_secondary_market","",""
"
Тест проверяет видимость и текст элементов сайдбара.

Для каждого элемента:
1.Дождаться загрузки сайдбара
2.Проверить видимость элемента
3.Проверить, что текст элемента соответствует ожидаемому
","97","Проверка видимости и текста: Аватар","tests.sidebar_tests","2026-08-14","passed","2026-08-14","TestSidebarVisible","test_elem_sidebar","",""
"
Тест проверяет, что при вводе неверных данных авторизация не проходит и появляется сообщение об ошибке.

Для каждого варианта невалидных данных:
1.Открыть страницу логина
2.Заполнить форму невалидными данными
3.Нажать кнопку логина
4.Проверить появление сообщения об ошибке
","5476","Проверка авторизации с невалидными данными: Без Email","tests.auth_tests.login_page_tests","2026-08-14","passed","2026-08-14","TestAuthorization","test_authorization","",""
"
Тест проверяет сохранение состояния авторизации при повторном открытии дашборда.

1.Открыть дашборд, используя сохранённое состояние из фикстуры
2.Дождаться загрузки страницы
3.Закрыть модальное окно
4.Проверить, что URL заканчивается на /dashboard
","6","Проверка сохранения состояния после авторизации","tests.auth_tests.login_page_tests","2026-08-14","passed","2026-08-14","TestAuthorization","test_authorization","",""
"","61","Проверка видимости и текста: banner_title","tests.lk_tests.portfolio_tests","2026-08-14","passed","2026-08-14","TestPortfolioCompletedPageVisible","test_elem_portfolio_completed","",""
"
Тест проверяет количество элементов дашборда.

1.Дождаться загрузки страницы
2.Проверить количество элементов
3.Для progress-bar проверить что все имеют размеры
","16","Проверка количества: idea_card_images (ожидается 3)","tests.lk_tests.dashboard_tests","2026-08-14","passed","2026-08-14","TestDashboardPageVisible","test_elem_dashboard","",""
"
Тест проверяет видимость и текст элементов панели покупки.

Для каждого элемента:
1. Дождаться загрузки панели
2. Проверить видимость элемента
3. Проверить, что текст элемента соответствует ожидаемому
","56","Проверка видимости и текста: repayment_schedule","tests.lk_tests.investment_tests.secondary_tests","2026-08-14","passed","2026-08-14","TestBuyPanel","test_elem_secondary_buy","",""
"","10","Проверка видимости и текста: header_subtitle","tests.lk_tests.refer_tests","2026-08-14","passed","2026-08-14","TestReferralsPageVisible","test_elem_refer","",""
"","581","Проверка видимости и текста: th_details","tests.lk_tests.portfolio_tests","2026-08-14","passed","2026-08-14","TestPortfolioPageVisible","test_elem_portfolio_active","",""
"","32","Проверка видимости: stats_signups_value","tests.lk_tests.refer_tests","2026-08-14","passed","2026-08-14","TestReferralsPageVisible","test_elem_refer","",""
"
Тест проверяет видимость элементов футера (контейнеры и иконки соцсетей).

Для каждого элемента:
1.Дождаться загрузки футера
2.Проверить видимость элемента
","15","Проверка видимости: instagram","tests.footer_tests","2026-08-14","passed","2026-08-14","TestFooterVisible","test_elem_footer","",""
"
Тест проверяет видимость элементов страницы Rewards (без проверки текста).

Для каждого элемента:
1. Дождаться загрузки страницы
2. Проверить видимость элемента
","133","Проверка видимости: available_count","tests.lk_tests.rewards_tests","2026-08-14","passed","2026-08-14","TestRewardsPageVisible","test_elem_rewards","",""
"","171","Проверка видимости и текста: hero_chip_no_limit","tests.lk_tests.refer_tests","2026-08-14","passed","2026-08-14","TestReferralsPageVisible","test_elem_refer","",""
"
Тест проверяет ошибку при некорректном email.

1.Ввести некорректный email
2.Нажать Send code
3.Проверить сообщение об ошибке
","573","Проверка восстановления пароля с некорректным (незарегистрированным) email","tests.auth_tests.forgot_page_tests","2026-08-14","passed","2026-08-14","TestForgotPasswordFalse","test_forgot_password","",""
"
Тест проверяет видимость и текст элементов страницы Rewards.

Для каждого элемента:
1. Дождаться загрузки страницы
2. Проверить видимость элемента
3. Проверить, что текст элемента соответствует ожидаемому
","55","Проверка видимости и текста: compare_bronze","tests.lk_tests.rewards_tests","2026-08-14","passed","2026-08-14","TestRewardsPageVisible","test_elem_rewards","",""
"","13","Проверка видимости и текста: two_factor_title","tests.lk_tests.personal_settings_tests","2026-08-14","passed","2026-08-14","TestPersonalSettingsPageVisible","test_elem_personal_settings","",""
"
Тест проверяет переход на страницу Transactions по кнопкам.

1. Проскроллить до элемента
2. Нажать
3. Проверить URL
","434","Проверка перехода на страницу Transactions","tests.lk_tests.deposit_withdraw_tests.withdraw_tests","2026-08-14","passed","2026-08-14","TestWithdrawPage","test_withdraw","",""
"
Тест проверяет видимость и текст элементов дашборда.

Для каждого элемента:
1. Дождаться загрузки страницы
2. Проверить видимость элемента
3. Проверить, что текст элемента соответствует ожидаемому
","128","Проверка видимости и текста: loyalty_max","tests.lk_tests.dashboard_tests","2026-08-14","passed","2026-08-14","TestDashboardPageVisible","test_elem_dashboard","",""
"","53","Проверка видимости и текста: notif_project","tests.lk_tests.personal_settings_tests","2026-08-14","passed","2026-08-14","TestPersonalSettingsPageVisible","test_elem_personal_settings","",""
"
Тест проверяет количество элементов дашборда.

1.Дождаться загрузки страницы
2.Проверить количество элементов
3.Для progress-bar проверить что все имеют размеры
","61","Проверка количества: tier_names (ожидается 4)","tests.lk_tests.dashboard_tests","2026-08-14","passed","2026-08-14","TestDashboardPageVisible","test_elem_dashboard","",""
"
Тест проверяет видимость и текст элементов страницы Deposit.

Для каждого элемента:
1. Дождаться загрузки страницы
2. Проверить видимость элемента
3. Проверить, что текст элемента соответствует ожидаемому
","36","Проверка видимости и текста: bank","tests.lk_tests.deposit_withdraw_tests.deposit_tests","2026-08-14","passed","2026-08-14","TestDepositPageVisible","test_elem_deposit","",""
"
Тест проверяет видимость и текст элементов страницы Rewards.

Для каждого элемента:
1. Дождаться загрузки страницы
2. Проверить видимость элемента
3. Проверить, что текст элемента соответствует ожидаемому
","60","Проверка видимости и текста: step_bronze","tests.lk_tests.rewards_tests","2026-08-14","passed","2026-08-14","TestRewardsPageVisible","test_elem_rewards","",""
"
Тест проверяет видимость и текст элементов футера.

Для каждого элемента:
1.Дождаться загрузки футера
2.Проверить видимость элемента
3.Проверить, что текст элемента соответствует ожидаемому
","23","Проверка видимости и текста: follow_us_title","tests.footer_tests","2026-08-14","passed","2026-08-14","TestFooterVisible","test_elem_footer","",""
"","59","Проверка видимости и текста: grade_filter","tests.lk_tests.portfolio_tests","2026-08-14","passed","2026-08-14","TestPortfolioCompletedPageVisible","test_elem_portfolio_completed","",""
"
Тест проверяет видимость и текст элементов страницы Transactions.

Для каждого элемента:
1. Дождаться загрузки страницы
2. Проверить видимость элемента
3. Проверить, что текст элемента соответствует ожидаемому
","83","Проверка видимости и текста: interest_desc","tests.lk_tests.transactions_tests","2026-08-14","passed","2026-08-14","TestTransactionsPageVisible","test_elem_transactions","",""
"
Тест проверяет фильтрацию по диапазону Price.

1. Открыть фильтр Price
2. Выставить левый ползунок на 300, правый на 550
3. Нажать Apply
4. Проверить, что все карточки содержат цену в диапазоне €300–€550
","3888","Проверка фильтрации по Price на Secondary Market","tests.lk_tests.investment_tests.secondary_tests","2026-08-14","passed","2026-08-14","TestSecondaryMarketFilter1","test_secondary_market_filter1","",""
"
Тест проверяет видимость и текст элементов дашборда.

Для каждого элемента:
1. Дождаться загрузки страницы
2. Проверить видимость элемента
3. Проверить, что текст элемента соответствует ожидаемому
","47","Проверка видимости и текста: growth_legend_whatif","tests.lk_tests.dashboard_tests","2026-08-14","passed","2026-08-14","TestDashboardPageVisible","test_elem_dashboard","",""
"","144","Проверка видимости и текста: banner_title","tests.lk_tests.portfolio_tests","2026-08-14","passed","2026-08-14","TestPortfolioPageVisible","test_elem_portfolio_active","",""
"
Тест проверяет видимость и текст элементов страницы Withdraw.

Для каждого элемента:
1. Дождаться загрузки страницы
2. Проверить видимость элемента
3. Проверить, что текст элемента соответствует ожидаемому
","51","Проверка видимости и текста: hint_text","tests.lk_tests.deposit_withdraw_tests.withdraw_tests","2026-08-14","passed","2026-08-14","TestWithdrawPageVisible","test_elem_withdraw","",""
"
Тест проверяет переход на страницу Rewards при клике на Activate offer.

1. Кликнуть на кнопку Activate offer
2. Проверить переход на /en/rewards
","1546","Проверка перехода по кнопке Activate offer на страницу Rewards","tests.lk_tests.dashboard_tests","2026-08-14","passed","2026-08-14","TestDashboard","test_dashboard","",""
"
Тест проверяет видимость элементов дашборда (без текстового содержимого).

Для каждого элемента:
1.Дождаться загрузки страницы
2.Проверить видимость элемента
","89","Проверка видимости: loyalty_card_hero","tests.lk_tests.dashboard_tests","2026-08-14","passed","2026-08-14","TestDashboardPageVisible","test_elem_dashboard","",""
"","24","Проверка количества: tab_counts (ожидается 2)","tests.lk_tests.portfolio_tests","2026-08-14","passed","2026-08-14","TestPortfolioCompletedPageVisible","test_elem_portfolio_completed","",""
"","10","Проверка видимости и текста: text_agreement_legal","tests.auth_tests.reg_page_tests","2026-08-14","passed","2026-08-14","TestRegistrationPageVisible","test_elem_registration_page","",""
"
Тест проверяет видимость и текст элементов панели покупки.

Для каждого элемента:
1. Дождаться загрузки панели
2. Проверить видимость элемента
3. Проверить, что текст элемента соответствует ожидаемому
","0","Проверка видимости и текста: asking_label","tests.lk_tests.investment_tests.secondary_tests","2026-08-14","passed","2026-08-14","TestBuyPanel","test_elem_secondary_buy","",""
"
Тест проверяет видимость и текст элементов на странице логина.

Для каждого элемента:
1.Дождаться загрузки страницы
2.Проверить видимость элемента
3.Проверить, что текст элемента соответствует ожидаемому
","257","Проверка видимости и текста: page_title","tests.auth_tests.login_page_tests","2026-08-14","passed","2026-08-14","TestLoginPageVisible","test_login_page","",""
"
Тест проверяет видимость элементов страницы проекта (без текстового содержимого).

Для каждого элемента:
1. Дождаться загрузки страницы
2. Проверить видимость элемента
","20","Проверка видимости: Checkbox","tests.lk_tests.project_tests","2026-08-14","passed","2026-08-14","TestElemProject","test_elem_project","",""
"
Тест проверяет видимость и текст элементов страницы Withdraw.

Для каждого элемента:
1. Дождаться загрузки страницы
2. Проверить видимость элемента
3. Проверить, что текст элемента соответствует ожидаемому
","30","Проверка видимости и текста: preset_500","tests.lk_tests.deposit_withdraw_tests.withdraw_tests","2026-08-14","passed","2026-08-14","TestWithdrawPageVisible","test_elem_withdraw","",""
"
Тест проверяет видимость и текст элементов страницы Deposit.

Для каждого элемента:
1. Дождаться загрузки страницы
2. Проверить видимость элемента
3. Проверить, что текст элемента соответствует ожидаемому
","56","Проверка видимости и текста: recent_all","tests.lk_tests.deposit_withdraw_tests.deposit_tests","2026-08-14","passed","2026-08-14","TestDepositPageVisible","test_elem_deposit","",""
"
Тест проверяет видимость и текст элементов сайдбара.

Для каждого элемента:
1.Дождаться загрузки сайдбара
2.Проверить видимость элемента
3.Проверить, что текст элемента соответствует ожидаемому
","53","Проверка видимости и текста: deposit_withdraw","tests.sidebar_tests","2026-08-14","passed","2026-08-14","TestSidebarVisible","test_elem_sidebar","",""
"","47","Проверка видимости: chat_bot","tests.lk_tests.investment_tests.primary_tests","2026-08-14","passed","2026-08-14","TestPrimaryPageVisible","test_elem_primary","",""
"","595","Проверка видимости и текста: th_invested","tests.lk_tests.portfolio_tests","2026-08-14","passed","2026-08-14","TestPortfolioCompletedPageVisible","test_elem_portfolio_completed","",""
"
Тест проверяет видимость и текст элементов страницы проекта.

Для каждого элемента:
1. Дождаться загрузки страницы
2. Проверить видимость элемента
3. Проверить, что текст элемента соответствует ожидаемому
","73","Проверка видимости и текста: share_btn","tests.lk_tests.project_tests","2026-08-14","passed","2026-08-14","TestElemProject","test_elem_project","",""
"","47","Проверка видимости: negative_badge","tests.lk_tests.personal_settings_tests","2026-08-14","passed","2026-08-14","TestPersonalSettingsPageVisible","test_elem_personal_settings","",""
"
Тест проверяет видимость и текст элементов футера.

Для каждого элемента:
1.Дождаться загрузки футера
2.Проверить видимость элемента
3.Проверить, что текст элемента соответствует ожидаемому
","50","Проверка видимости и текста: agreements_methodology","tests.footer_tests","2026-08-14","passed","2026-08-14","TestFooterVisible","test_elem_footer","",""
"
Тест проверяет выход из системы по кнопке Log Out.

1.Кликнуть по кнопке Log Out
2.Дождаться перехода на страницу логина
3.Проверить, что URL заканчивается на /en/login
","333","Проверка выхода из системы","tests.header_tests","2026-08-14","passed","2026-08-14","TestHeader","test_header","",""
"
Тест проверяет видимость и текст элементов страницы Transactions.

Для каждого элемента:
1. Дождаться загрузки страницы
2. Проверить видимость элемента
3. Проверить, что текст элемента соответствует ожидаемому
","76","Проверка видимости и текста: net_change_label","tests.lk_tests.transactions_tests","2026-08-14","passed","2026-08-14","TestTransactionsPageVisible","test_elem_transactions","",""
"
Тест проверяет видимость элементов страницы Rewards (без проверки текста).

Для каждого элемента:
1. Дождаться загрузки страницы
2. Проверить видимость элемента
","31","Проверка видимости: available_count","tests.lk_tests.rewards_tests","2026-08-14","passed","2026-08-14","TestRewardsPageVisible","test_elem_rewards","",""
"
Тест проверяет видимость и текст элементов страницы Rewards.

Для каждого элемента:
1. Дождаться загрузки страницы
2. Проверить видимость элемента
3. Проверить, что текст элемента соответствует ожидаемому
","52","Проверка видимости и текста: you_are_here","tests.lk_tests.rewards_tests","2026-08-14","passed","2026-08-14","TestRewardsPageVisible","test_elem_rewards","",""
"","51","Проверка видимости: rating_label","tests.lk_tests.investment_tests.primary_tests","2026-08-14","passed","2026-08-14","TestPrimaryPageVisible","test_elem_primary","",""
"","1590","Проверка видимости и текста: page_title","tests.lk_tests.investment_tests.primary_tests","2026-08-14","passed","2026-08-14","TestPrimaryPageVisible","test_elem_primary","",""
"
Тест проверяет количество карточек в каждой вкладке статусов.

1. Получить ожидаемое количество из счётчика на вкладке
2. Кликнуть по вкладке и дождаться загрузки карточек
3. Пройти по всем страницам и сравнить фактическое количество с ожидаемым
","29448","Проверка категории: tab-status-Open","tests.lk_tests.investment_tests.primary_tests","2026-08-14","passed","2026-08-14","TestPrimaryFilter1","test_primary_market_filter1","",""
"
Тест проверяет видимость и текст элементов на странице Secondary Market.

Для каждого элемента:
1. Дождаться загрузки страницы
2. Проверить видимость элемента
3. Проверить, что текст элемента соответствует ожидаемому
","121","Проверка видимости и текста: countries_label","tests.lk_tests.investment_tests.secondary_tests","2026-08-14","passed","2026-08-14","TestSecondaryPageVisible","test_elem_secondary","",""
"
Тест проверяет видимость и текст элементов страницы Transactions.

Для каждого элемента:
1. Дождаться загрузки страницы
2. Проверить видимость элемента
3. Проверить, что текст элемента соответствует ожидаемому
","125","Проверка видимости и текста: title","tests.lk_tests.transactions_tests","2026-08-14","passed","2026-08-14","TestTransactionsPageVisible","test_elem_transactions","",""
"
Тест проверяет видимость и текст элементов дашборда.

Для каждого элемента:
1. Дождаться загрузки страницы
2. Проверить видимость элемента
3. Проверить, что текст элемента соответствует ожидаемому
","46","Проверка видимости и текста: loyalty_status_name","tests.lk_tests.dashboard_tests","2026-08-14","passed","2026-08-14","TestDashboardPageVisible","test_elem_dashboard","",""
"","61","Проверка видимости и текста: note_text","tests.lk_tests.personal_settings_tests","2026-08-14","passed","2026-08-14","TestPersonalSettingsPageVisible","test_elem_personal_settings","",""
"
Тест проверяет видимость и количество элементов страницы Deposit.

Для каждого элемента:
1. Дождаться загрузки страницы
2. Проверить видимость элемента
3. Проверить, что количество элементов соответствует ожидаемому
","59","Проверка видимости и количества: list_elem_titles (ожидается 6)","tests.lk_tests.deposit_withdraw_tests.deposit_tests","2026-08-14","passed","2026-08-14","TestDepositPageVisible","test_elem_deposit","",""
"","18","Проверка видимости и текста: header_link","tests.lk_tests.refer_tests","2026-08-14","passed","2026-08-14","TestReferralsPageVisible","test_elem_refer","",""
"","664","Проверка видимости и текста: th_project","tests.lk_tests.portfolio_tests","2026-08-14","passed","2026-08-14","TestPortfolioCompletedPageVisible","test_elem_portfolio_completed","",""
"
Тест проверяет видимость и текст элементов на странице Secondary Market.

Для каждого элемента:
1. Дождаться загрузки страницы
2. Проверить видимость элемента
3. Проверить, что текст элемента соответствует ожидаемому
","65","Проверка видимости и текста: banner_cta","tests.lk_tests.investment_tests.secondary_tests","2026-08-14","passed","2026-08-14","TestSecondaryPageVisible","test_elem_secondary","",""
"
Тест проверяет видимость и текст элементов футера.

Для каждого элемента:
1.Дождаться загрузки футера
2.Проверить видимость элемента
3.Проверить, что текст элемента соответствует ожидаемому
","55","Проверка видимости и текста: agreements_terms","tests.footer_tests","2026-08-14","passed","2026-08-14","TestFooterVisible","test_elem_footer","",""
"
Тест проверяет фильтрацию проектов по сроку на Secondary Market.

1. Получить список доступных диапазонов срока из фильтра
2. Для каждого диапазона: выбрать диапазон и проверить, что все карточки содержат срок в нужном диапазоне
3. Для каждого диапазона проверить, что количество карточек совпадает с заголовком
","53366","Проверка фильтрации по сроку на Secondary Market","tests.lk_tests.investment_tests.secondary_tests","2026-08-14","passed","2026-08-14","TestSecondaryMarketFilter1","test_secondary_market_filter1","",""
"
Тест проверяет, что при вводе неверных данных авторизация не проходит и появляется сообщение об ошибке.

Для каждого варианта невалидных данных:
1.Открыть страницу логина
2.Заполнить форму невалидными данными
3.Нажать кнопку логина
4.Проверить появление сообщения об ошибке
","2451","Проверка авторизации с невалидными данными: Без Password","tests.auth_tests.login_page_tests","2026-08-14","passed","2026-08-14","TestAuthorization","test_authorization","",""
"
Тест проверяет видимость и текст элементов страницы Withdraw.

Для каждого элемента:
1. Дождаться загрузки страницы
2. Проверить видимость элемента
3. Проверить, что текст элемента соответствует ожидаемому
","59","Проверка видимости и текста: tab_withdraw","tests.lk_tests.deposit_withdraw_tests.withdraw_tests","2026-08-14","passed","2026-08-14","TestWithdrawPageVisible","test_elem_withdraw","",""
"","45","Проверка видимости: chat_bot","tests.lk_tests.portfolio_tests","2026-08-14","passed","2026-08-14","TestPortfolioCompletedPageVisible","test_elem_portfolio_completed","",""
"
Тест проверяет видимость и текст элементов страницы Deposit.

Для каждого элемента:
1. Дождаться загрузки страницы
2. Проверить видимость элемента
3. Проверить, что текст элемента соответствует ожидаемому
","54","Проверка видимости и текста: bank_one_label","tests.lk_tests.deposit_withdraw_tests.deposit_tests","2026-08-14","passed","2026-08-14","TestDepositPageVisible","test_elem_deposit","",""
"
Тест проверяет видимость и текст элементов страницы Transactions.

Для каждого элемента:
1. Дождаться загрузки страницы
2. Проверить видимость элемента
3. Проверить, что текст элемента соответствует ожидаемому
","53","Проверка видимости и текста: net_change_desc","tests.lk_tests.transactions_tests","2026-08-14","passed","2026-08-14","TestTransactionsPageVisible","test_elem_transactions","",""
"","31","Проверка количества: lock_icons (ожидается 7)","tests.lk_tests.personal_settings_tests","2026-08-14","passed","2026-08-14","TestPersonalSettingsPageVisible","test_elem_personal_settings","",""
"
Тест проверяет видимость и текст элементов страницы Transactions.

Для каждого элемента:
1. Дождаться загрузки страницы
2. Проверить видимость элемента
3. Проверить, что текст элемента соответствует ожидаемому
","48","Проверка видимости и текста: tab_today","tests.lk_tests.transactions_tests","2026-08-14","passed","2026-08-14","TestTransactionsPageVisible","test_elem_transactions","",""
"
Тест проверяет видимость и текст элементов страницы Rewards.

Для каждого элемента:
1. Дождаться загрузки страницы
2. Проверить видимость элемента
3. Проверить, что текст элемента соответствует ожидаемому
","46","Проверка видимости и текста: hcell_amount","tests.lk_tests.rewards_tests","2026-08-14","passed","2026-08-14","TestRewardsPageVisible","test_elem_rewards","",""
"
Тест проверяет видимость и текст элементов страницы Rewards.

Для каждого элемента:
1. Дождаться загрузки страницы
2. Проверить видимость элемента
3. Проверить, что текст элемента соответствует ожидаемому
","60","Проверка видимости и текста: banner_eyebrow","tests.lk_tests.rewards_tests","2026-08-14","passed","2026-08-14","TestRewardsPageVisible","test_elem_rewards","",""
"","69","Проверка видимости: chat_bot","tests.lk_tests.refer_tests","2026-08-14","passed","2026-08-14","TestReferralsPageVisible","test_elem_refer","",""
"
Тест проверяет количество элементов дашборда.

1.Дождаться загрузки страницы
2.Проверить количество элементов
3.Для progress-bar проверить что все имеют размеры
","22","Проверка количества: earning_dynamics (ожидается 2)","tests.lk_tests.dashboard_tests","2026-08-14","passed","2026-08-14","TestDashboardPageVisible","test_elem_dashboard","",""
"","75","Проверка видимости и текста: banner_cta","tests.lk_tests.portfolio_tests","2026-08-14","passed","2026-08-14","TestPortfolioPageVisible","test_elem_portfolio_active","",""
"","23","Проверка видимости: input_referral_code","tests.auth_tests.reg_page_tests","2026-08-14","passed","2026-08-14","TestRegistrationPageVisible","test_elem_registration_page","",""
"
Тест проверяет видимость элементов на странице логина (без текстового содержимого).

Для каждого элемента:
1.Дождаться загрузки страницы
2.Проверить видимость элемента
","31","Проверка видимости: locale_switcher","tests.auth_tests.login_page_tests","2026-08-14","passed","2026-08-14","TestLoginPageVisible","test_login_page","",""
"
Тест проверяет количество элементов страницы проекта.

1. Дождаться загрузки страницы
2. Проверить количество элементов
","13","Проверка количества: Latest project rates (ожидается 4)","tests.lk_tests.project_tests","2026-08-14","passed","2026-08-14","TestElemProject","test_elem_project","",""
"","52","Проверка видимости: input_referral_code","tests.auth_tests.reg_page_tests","2026-08-14","passed","2026-08-14","TestRegistrationPageVisible","test_elem_registration_page","",""
"","53","Проверка видимости и текста: stat_avg_apr","tests.lk_tests.portfolio_tests","2026-08-14","passed","2026-08-14","TestPortfolioPageVisible","test_elem_portfolio_active","",""
"","65","Проверка видимости и текста: city","tests.lk_tests.personal_settings_tests","2026-08-14","passed","2026-08-14","TestPersonalSettingsPageVisible","test_elem_personal_settings","",""
"
Тест проверяет фильтрацию проектов по ставке на Primary Market.

1. Получить список доступных пресетов ставки из фильтра
2. Для каждого пресета: выбрать пресет и проверить, что все карточки содержат ставку в нужном диапазоне
3. Для каждого пресета проверить, что количество карточек совпадает с заголовком
","38197","Проверка фильтрации проектов по ставке","tests.lk_tests.investment_tests.primary_tests","2026-08-14","passed","2026-08-14","TestPrimaryFilter","test_primary_market_filter","",""
"
Тест проверяет количество элементов дашборда.

1.Дождаться загрузки страницы
2.Проверить количество элементов
3.Для progress-bar проверить что все имеют размеры
","5","Проверка количества: invest_buttons (ожидается 3)","tests.lk_tests.dashboard_tests","2026-08-14","passed","2026-08-14","TestDashboardPageVisible","test_elem_dashboard","",""
"","56","Проверка видимости и текста: step2_title","tests.lk_tests.refer_tests","2026-08-14","passed","2026-08-14","TestReferralsPageVisible","test_elem_refer","",""
"","64","Проверка видимости и текста: personal_info_title","tests.lk_tests.personal_settings_tests","2026-08-14","passed","2026-08-14","TestPersonalSettingsPageVisible","test_elem_personal_settings","",""
"","23","Проверка видимости: rate_label","tests.lk_tests.investment_tests.primary_tests","2026-08-14","passed","2026-08-14","TestPrimaryPageVisible","test_elem_primary","",""
"
Тест проверяет количество элементов страницы Rewards.

Для каждого элемента:
1. Дождаться загрузки страницы
2. Проверить, что количество элементов соответствует ожидаемому
","13","Проверка количества: compare_cell_here (ожидается 5)","tests.lk_tests.rewards_tests","2026-08-14","passed","2026-08-14","TestRewardsPageVisible","test_elem_rewards","",""
"","47","Проверка видимости и текста: banner_paragraph","tests.lk_tests.portfolio_tests","2026-08-14","passed","2026-08-14","TestPortfolioCompletedPageVisible","test_elem_portfolio_completed","",""
"","59","Проверка видимости и текста: steps_title","tests.lk_tests.refer_tests","2026-08-14","passed","2026-08-14","TestReferralsPageVisible","test_elem_refer","",""
"
Тест проверяет видимость и текст элементов панели покупки.

Для каждого элемента:
1. Дождаться загрузки панели
2. Проверить видимость элемента
3. Проверить, что текст элемента соответствует ожидаемому
","18","Проверка видимости и текста: payment_date","tests.lk_tests.investment_tests.secondary_tests","2026-08-14","passed","2026-08-14","TestBuyPanel","test_elem_secondary_buy","",""
"
Тест проверяет видимость и текст элементов дашборда.

Для каждого элемента:
1. Дождаться загрузки страницы
2. Проверить видимость элемента
3. Проверить, что текст элемента соответствует ожидаемому
","85","Проверка видимости и текста: loyalty_tier_pill","tests.lk_tests.dashboard_tests","2026-08-14","passed","2026-08-14","TestDashboardPageVisible","test_elem_dashboard","",""
"
Тест проверяет видимость элементов страницы проекта (без текстового содержимого).

Для каждого элемента:
1. Дождаться загрузки страницы
2. Проверить видимость элемента
","45","Проверка видимости: LTV value","tests.lk_tests.project_tests","2026-08-14","passed","2026-08-14","TestElemProject","test_elem_project","",""
"","69","Проверка видимости и текста: notif_interest","tests.lk_tests.personal_settings_tests","2026-08-14","passed","2026-08-14","TestPersonalSettingsPageVisible","test_elem_personal_settings","",""
"
Тест проверяет переход на страницу проекта при клике на Invest now.

1. Кликнуть на первую кнопку Invest now
2. Проверить, что URL содержит investment-projects/project
","913","Проверка перехода по кнопке Invest now на страницу проекта","tests.lk_tests.dashboard_tests","2026-08-14","passed","2026-08-14","TestDashboard","test_dashboard","",""
"","10","Проверка количества: two_factor_radios (ожидается 2)","tests.lk_tests.personal_settings_tests","2026-08-14","passed","2026-08-14","TestPersonalSettingsPageVisible","test_elem_personal_settings","",""
"
Тест проверяет видимость и текст элементов страницы Deposit.

Для каждого элемента:
1. Дождаться загрузки страницы
2. Проверить видимость элемента
3. Проверить, что текст элемента соответствует ожидаемому
","79","Проверка видимости и текста: recent_title","tests.lk_tests.deposit_withdraw_tests.deposit_tests","2026-08-14","passed","2026-08-14","TestDepositPageVisible","test_elem_deposit","",""
"
Тест проверяет видимость и текст элементов на странице Secondary Market.

Для каждого элемента:
1. Дождаться загрузки страницы
2. Проверить видимость элемента
3. Проверить, что текст элемента соответствует ожидаемому
","57","Проверка видимости и текста: sort_label","tests.lk_tests.investment_tests.secondary_tests","2026-08-14","passed","2026-08-14","TestSecondaryPageVisible","test_elem_secondary","",""
"
Тест проверяет видимость и текст элементов панели покупки.

Для каждого элемента:
1. Дождаться загрузки панели
2. Проверить видимость элемента
3. Проверить, что текст элемента соответствует ожидаемому
","0","Проверка видимости и текста: table_title","tests.lk_tests.investment_tests.secondary_tests","2026-08-14","passed","2026-08-14","TestBuyPanel","test_elem_secondary_buy","",""
"
Тест проверяет видимость элементов страницы Rewards (без проверки текста).

Для каждого элемента:
1. Дождаться загрузки страницы
2. Проверить видимость элемента
","32","Проверка видимости: available_count","tests.lk_tests.rewards_tests","2026-08-14","passed","2026-08-14","TestRewardsPageVisible","test_elem_rewards","",""
"
Тест проверяет видимость и текст элементов сайдбара.

Для каждого элемента:
1.Дождаться загрузки сайдбара
2.Проверить видимость элемента
3.Проверить, что текст элемента соответствует ожидаемому
","52","Проверка видимости и текста: investment","tests.sidebar_tests","2026-08-14","passed","2026-08-14","TestSidebarVisible","test_elem_sidebar","",""
"","94","Проверка видимости и текста: th_window","tests.lk_tests.refer_tests","2026-08-14","passed","2026-08-14","TestReferralsPageVisible","test_elem_refer","",""
"","11","Проверка количества: tab_counts (ожидается 6)","tests.lk_tests.investment_tests.primary_tests","2026-08-14","passed","2026-08-14","TestPrimaryPageVisible","test_elem_primary","",""
"
Тест проверяет переключение языка через дропдаун в хедере.

Для каждой локали:
1.Открыть дропдаун
2.Проверить наличие локали в списке
3.Скроллить до локали
4.Проверить видимость локали
5.Кликнуть по локали
6.Проверить, что URL содержит код языка
","172","Проверка переключения языка: Italiano","tests.header_tests","2026-08-14","passed","2026-08-14","TestHeader","test_header","",""
"
Тест проверяет видимость и текст элементов на странице логина.

Для каждого элемента:
1.Дождаться загрузки страницы
2.Проверить видимость элемента
3.Проверить, что текст элемента соответствует ожидаемому
","31","Проверка видимости и текста: logo","tests.auth_tests.login_page_tests","2026-08-14","passed","2026-08-14","TestLoginPageVisible","test_login_page","",""
"
Тест проверяет видимость и текст элементов страницы Transactions.

Для каждого элемента:
1. Дождаться загрузки страницы
2. Проверить видимость элемента
3. Проверить, что текст элемента соответствует ожидаемому
","30","Проверка видимости и текста: filter_label","tests.lk_tests.transactions_tests","2026-08-14","passed","2026-08-14","TestTransactionsPageVisible","test_elem_transactions","",""
"
Тест проверяет видимость и текст элементов дашборда.

Для каждого элемента:
1. Дождаться загрузки страницы
2. Проверить видимость элемента
3. Проверить, что текст элемента соответствует ожидаемому
","62","Проверка видимости и текста: avg_interest_rate","tests.lk_tests.dashboard_tests","2026-08-14","passed","2026-08-14","TestDashboardPageVisible","test_elem_dashboard","",""
"
Тест проверяет количество элементов страницы проекта.

1. Дождаться загрузки страницы
2. Проверить количество элементов
","12","Проверка количества: Latest project funded (ожидается 4)","tests.lk_tests.project_tests","2026-08-14","passed","2026-08-14","TestElemProject","test_elem_project","",""
"","68","Проверка видимости: footer_amount","tests.lk_tests.refer_tests","2026-08-14","passed","2026-08-14","TestReferralsPageVisible","test_elem_refer","",""
"
Тест проверяет видимость и текст элементов модального окна Schedule.

Для каждого элемента:
1. Дождаться загрузки модального окна
2. Проверить видимость элемента
3. Проверить, что текст элемента соответствует ожидаемому
","69","Проверка видимости и текста: agreement_btn","tests.lk_tests.portfolio_tests","2026-08-14","passed","2026-08-14","TestPortfolioSchedule","test_elem_portfolio_schedule","",""
"
Тест проверяет видимость и текст элементов страницы Transactions.

Для каждого элемента:
1. Дождаться загрузки страницы
2. Проверить видимость элемента
3. Проверить, что текст элемента соответствует ожидаемому
","69","Проверка видимости и текста: tab_all_time","tests.lk_tests.transactions_tests","2026-08-14","passed","2026-08-14","TestTransactionsPageVisible","test_elem_transactions","",""
"","109","Проверка видимости и текста: collateral_label","tests.lk_tests.investment_tests.primary_tests","2026-08-14","passed","2026-08-14","TestPrimaryPageVisible","test_elem_primary","",""
"","47","Проверка видимости: pagination_summary","tests.lk_tests.investment_tests.primary_tests","2026-08-14","passed","2026-08-14","TestPrimaryPageVisible","test_elem_primary","",""
"","183","Проверка видимости и текста: pill_primary","tests.lk_tests.investment_tests.primary_tests","2026-08-14","passed","2026-08-14","TestPrimaryPageVisible","test_elem_primary","",""
"","65","Проверка видимости и текста: account_id","tests.lk_tests.personal_settings_tests","2026-08-14","passed","2026-08-14","TestPersonalSettingsPageVisible","test_elem_personal_settings","",""
"","72","Проверка видимости и текста: copy_link_btn","tests.lk_tests.refer_tests","2026-08-14","passed","2026-08-14","TestReferralsPageVisible","test_elem_refer","",""
"
Тест проверяет переключение количества карточек на странице.

1. Переключить селект на {per_page} per page
2. Дождаться обновления
3. Проверить, что на странице {expected_count} карточек
","3202","Проверка переключения количества карточек на странице: 9","tests.lk_tests.investment_tests.primary_tests","2026-08-14","passed","2026-08-14","TestPrimaryMarket","test_primary_market","",""
"
Тест проверяет видимость и текст элементов панели покупки.

Для каждого элемента:
1. Дождаться загрузки панели
2. Проверить видимость элемента
3. Проверить, что текст элемента соответствует ожидаемому
","18","Проверка видимости и текста: months_remaining","tests.lk_tests.investment_tests.secondary_tests","2026-08-14","passed","2026-08-14","TestBuyPanel","test_elem_secondary_buy","",""
"","62","Проверка видимости и текста: tab_completed","tests.lk_tests.portfolio_tests","2026-08-14","passed","2026-08-14","TestPortfolioPageVisible","test_elem_portfolio_active","",""
"
Тест проверяет видимость элементов на странице Secondary Market (без текстового содержимого).

Для каждого элемента:
1. Дождаться загрузки страницы
2. Проверить видимость элемента
","42","Проверка видимости: chat_bot","tests.lk_tests.investment_tests.secondary_tests","2026-08-14","passed","2026-08-14","TestSecondaryPageVisible","test_elem_secondary","",""
"
Тест проверяет видимость и текст элементов на странице Secondary Market.

Для каждого элемента:
1. Дождаться загрузки страницы
2. Проверить видимость элемента
3. Проверить, что текст элемента соответствует ожидаемому
","61","Проверка видимости и текста: page_title","tests.lk_tests.investment_tests.secondary_tests","2026-08-14","passed","2026-08-14","TestSecondaryPageVisible","test_elem_secondary","",""
"
Тест проверяет навигацию по элементам сайдбара.

Для каждого элемента:
1.Кликнуть по элементу
2.Дождаться перехода по URL
3.Проверить, что URL заканчивается на ожидаемый путь
","560","Проверка навигации: transactions","tests.sidebar_tests","2026-08-14","passed","2026-08-14","TestSidebarNav","test_sidebar_nav","",""
"","42","Проверка количества: pending_badges (ожидается 2)","tests.lk_tests.personal_settings_tests","2026-08-14","passed","2026-08-14","TestPersonalSettingsPageVisible","test_elem_personal_settings","",""
"","101","Проверка видимости и текста: password_strength_title","tests.auth_tests.reg_page_tests","2026-08-14","passed","2026-08-14","TestRegistrationPageVisible","test_elem_registration_page","",""
"","42","Проверка видимости: checkbox_news","tests.auth_tests.reg_page_tests","2026-08-14","passed","2026-08-14","TestRegistrationPageVisible","test_elem_registration_page","",""
"
Тест проверяет видимость и текст элементов на странице Secondary Market.

Для каждого элемента:
1. Дождаться загрузки страницы
2. Проверить видимость элемента
3. Проверить, что текст элемента соответствует ожидаемому
","85","Проверка видимости и текста: grade","tests.lk_tests.investment_tests.secondary_tests","2026-08-14","passed","2026-08-14","TestSecondaryPageVisible","test_elem_secondary","",""
"","16","Проверка количества: tab_counts (ожидается 2)","tests.lk_tests.portfolio_tests","2026-08-14","passed","2026-08-14","TestPortfolioPageVisible","test_elem_portfolio_active","",""
"
Тест проверяет видимость и текст элементов страницы Transactions.

Для каждого элемента:
1. Дождаться загрузки страницы
2. Проверить видимость элемента
3. Проверить, что текст элемента соответствует ожидаемому
","177","Проверка видимости и текста: tab_current_week","tests.lk_tests.transactions_tests","2026-08-14","passed","2026-08-14","TestTransactionsPageVisible","test_elem_transactions","",""
"
Тест проверяет ошибку при пустом email.

1.Нажать Send code с пустым полем
2.Проверить сообщение ""This field is required""
","100","Проверка восстановления пароля с пустым email","tests.auth_tests.forgot_page_tests","2026-08-14","passed","2026-08-14","TestForgotPasswordFalse","test_forgot_password","",""
"
Тест проверяет количество карточек в каждой вкладке статусов.

1. Получить ожидаемое количество из счётчика на вкладке
2. Кликнуть по вкладке и дождаться загрузки карточек
3. Пройти по всем страницам и сравнить фактическое количество с ожидаемым
","25940","Проверка категории: tab-status-Repaid","tests.lk_tests.investment_tests.primary_tests","2026-08-14","passed","2026-08-14","TestPrimaryFilter1","test_primary_market_filter1","",""
"
Тест проверяет видимость и текст элементов страницы Withdraw.

Для каждого элемента:
1. Дождаться загрузки страницы
2. Проверить видимость элемента
3. Проверить, что текст элемента соответствует ожидаемому
","63","Проверка видимости и текста: available_label","tests.lk_tests.deposit_withdraw_tests.withdraw_tests","2026-08-14","passed","2026-08-14","TestWithdrawPageVisible","test_elem_withdraw","",""
"
Тест проверяет видимость и текст элементов страницы Withdraw.

Для каждого элемента:
1. Дождаться загрузки страницы
2. Проверить видимость элемента
3. Проверить, что текст элемента соответствует ожидаемому
","23","Проверка видимости и текста: recent_all","tests.lk_tests.deposit_withdraw_tests.withdraw_tests","2026-08-14","passed","2026-08-14","TestWithdrawPageVisible","test_elem_withdraw","",""
"
Тест проверяет видимость элементов страницы проекта (без текстового содержимого).

Для каждого элемента:
1. Дождаться загрузки страницы
2. Проверить видимость элемента
","45","Проверка видимости: Available funds label","tests.lk_tests.project_tests","2026-08-14","passed","2026-08-14","TestElemProject","test_elem_project","",""
"
Тест проверяет видимость и текст элементов страницы Deposit.

Для каждого элемента:
1. Дождаться загрузки страницы
2. Проверить видимость элемента
3. Проверить, что текст элемента соответствует ожидаемому
","25","Проверка видимости и текста: recipient_name","tests.lk_tests.deposit_withdraw_tests.deposit_tests","2026-08-14","passed","2026-08-14","TestDepositPageVisible","test_elem_deposit","",""
"","61","Проверка видимости и текста: last_name","tests.lk_tests.personal_settings_tests","2026-08-14","passed","2026-08-14","TestPersonalSettingsPageVisible","test_elem_personal_settings","",""
"","12","Проверка видимости и текста: two_factor_app_status","tests.lk_tests.personal_settings_tests","2026-08-14","passed","2026-08-14","TestPersonalSettingsPageVisible","test_elem_personal_settings","",""
"
Тест проверяет переход на страницу Rewards при клике на Activate offer.

1. Кликнуть на кнопку Activate offer
2. Проверить переход на /en/rewards
","393","Проверка перехода по кнопке Activate offer на страницу Rewards","tests.lk_tests.investment_tests.primary_tests","2026-08-14","passed","2026-08-14","TestPrimaryMarket","test_primary_market","",""
"
Тест проверяет видимость и текст элементов страницы Transactions.

Для каждого элемента:
1. Дождаться загрузки страницы
2. Проверить видимость элемента
3. Проверить, что текст элемента соответствует ожидаемому
","79","Проверка видимости и текста: title","tests.lk_tests.transactions_tests","2026-08-14","passed","2026-08-14","TestTransactionsPageVisible","test_elem_transactions","",""
"
Тест проверяет фильтрацию карточек Secondary Market по секторам.

1. Получить список доступных секторов из фильтра
2. Для каждого сектора: выбрать сектор и проверить, что все карточки содержат сектор
3. Для каждого сектора проверить, что количество карточек совпадает с заголовком
","22609","Проверка фильтрации Secondary Market по секторам","tests.lk_tests.investment_tests.secondary_tests","2026-08-14","passed","2026-08-14","TestSecondaryMarketFilter","test_secondary_market_filter","",""
"
Тест проверяет видимость элементов дашборда (без текстового содержимого).

Для каждого элемента:
1.Дождаться загрузки страницы
2.Проверить видимость элемента
","51","Проверка видимости: loyalty_card","tests.lk_tests.dashboard_tests","2026-08-14","passed","2026-08-14","TestDashboardPageVisible","test_elem_dashboard","",""
"","59","Проверка видимости и текста: step2_badge","tests.lk_tests.refer_tests","2026-08-14","passed","2026-08-14","TestReferralsPageVisible","test_elem_refer","",""
"
Тест проверяет видимость и текст элементов страницы Deposit.

Для каждого элемента:
1. Дождаться загрузки страницы
2. Проверить видимость элемента
3. Проверить, что текст элемента соответствует ожидаемому
","53","Проверка видимости и текста: bank_one_label","tests.lk_tests.deposit_withdraw_tests.deposit_tests","2026-08-14","passed","2026-08-14","TestDepositPageVisible","test_elem_deposit","",""
"
Тест проверяет видимость элементов дашборда (без текстового содержимого).

Для каждого элемента:
1.Дождаться загрузки страницы
2.Проверить видимость элемента
","30","Проверка видимости: stories","tests.lk_tests.dashboard_tests","2026-08-14","passed","2026-08-14","TestDashboardPageVisible","test_elem_dashboard","",""
"
Тест проверяет видимость и текст элементов страницы проекта.

Для каждого элемента:
1. Дождаться загрузки страницы
2. Проверить видимость элемента
3. Проверить, что текст элемента соответствует ожидаемому
","42","Проверка видимости и текста: invest_title","tests.lk_tests.project_tests","2026-08-14","passed","2026-08-14","TestElemProject","test_elem_project","",""
"
Тест проверяет количество элементов страницы проекта.

1. Дождаться загрузки страницы
2. Проверить количество элементов
","18","Проверка количества: Latest project locations (ожидается 4)","tests.lk_tests.project_tests","2026-08-14","passed","2026-08-14","TestElemProject","test_elem_project","",""
"","67","Проверка видимости: input_password_input","tests.auth_tests.reg_page_tests","2026-08-14","passed","2026-08-14","TestRegistrationPageVisible","test_elem_registration_page","",""
"
Тест проверяет, что при вводе суммы ниже 50 она автоматически меняется на 50.

1. Ввести 20 в поле инвестиции
2. Нажать чекбокс соглашения (убрать фокус с поля)
3. Проверить, что в поле сумма 50
","618","Проверка автоисправления суммы ниже минимума","tests.lk_tests.project_tests","2026-08-14","passed","2026-08-14","TestInvestProjectPageFalse","test_project_page","",""
"
Тест проверяет видимость элементов на странице Secondary Market (без текстового содержимого).

Для каждого элемента:
1. Дождаться загрузки страницы
2. Проверить видимость элемента
","44","Проверка видимости: premium_label","tests.lk_tests.investment_tests.secondary_tests","2026-08-14","passed","2026-08-14","TestSecondaryPageVisible","test_elem_secondary","",""
"
Тест проверяет видимость и текст элементов страницы Rewards.

Для каждого элемента:
1. Дождаться загрузки страницы
2. Проверить видимость элемента
3. Проверить, что текст элемента соответствует ожидаемому
","61","Проверка видимости и текста: compare_benefit_header","tests.lk_tests.rewards_tests","2026-08-14","passed","2026-08-14","TestRewardsPageVisible","test_elem_rewards","",""
"
Тест проверяет видимость и текст элементов футера.

Для каждого элемента:
1.Дождаться загрузки футера
2.Проверить видимость элемента
3.Проверить, что текст элемента соответствует ожидаемому
","90","Проверка видимости и текста: agreements_methodology","tests.footer_tests","2026-08-14","passed","2026-08-14","TestFooterVisible","test_elem_footer","",""
"
Тест проверяет видимость и текст элементов на странице Secondary Market.

Для каждого элемента:
1. Дождаться загрузки страницы
2. Проверить видимость элемента
3. Проверить, что текст элемента соответствует ожидаемому
","64","Проверка видимости и текста: term_label","tests.lk_tests.investment_tests.secondary_tests","2026-08-14","passed","2026-08-14","TestSecondaryPageVisible","test_elem_secondary","",""
"
Тест проверяет видимость и текст элементов на странице Secondary Market.

Для каждого элемента:
1. Дождаться загрузки страницы
2. Проверить видимость элемента
3. Проверить, что текст элемента соответствует ожидаемому
","47","Проверка видимости и текста: project","tests.lk_tests.investment_tests.secondary_tests","2026-08-14","passed","2026-08-14","TestSecondaryPageVisible","test_elem_secondary","",""
"
Тест проверяет видимость элементов на странице логина (без текстового содержимого).

Для каждого элемента:
1.Дождаться загрузки страницы
2.Проверить видимость элемента
","41","Проверка видимости: page_subtitle","tests.auth_tests.login_page_tests","2026-08-14","passed","2026-08-14","TestLoginPageVisible","test_login_page","",""
"
Тест проверяет фильтр Discounted на Secondary Market.

1. Нажать кнопку Discounted
2. Проверить, что все карточки имеют положительный premium (>0)
3. Сравнить количество карточек с заголовком
","7941","Проверка фильтра Discounted","tests.lk_tests.investment_tests.secondary_tests","2026-08-14","passed","2026-08-14","TestSecondaryMarketFilter","test_secondary_market_filter","",""
"
Тест проверяет видимость и текст элементов модального окна Schedule.

Для каждого элемента:
1. Дождаться загрузки модального окна
2. Проверить видимость элемента
3. Проверить, что текст элемента соответствует ожидаемому
","101","Проверка видимости и текста: modal_title","tests.lk_tests.portfolio_tests","2026-08-14","passed","2026-08-14","TestPortfolioSchedule","test_elem_portfolio_schedule","",""
"
Тест проверяет видимость элементов дашборда (без текстового содержимого).

Для каждого элемента:
1.Дождаться загрузки страницы
2.Проверить видимость элемента
","77","Проверка видимости: loyalty_program_title","tests.lk_tests.dashboard_tests","2026-08-14","passed","2026-08-14","TestDashboardPageVisible","test_elem_dashboard","",""
"","16","Проверка видимости: link_terms","tests.auth_tests.reg_page_tests","2026-08-14","passed","2026-08-14","TestRegistrationPageVisible","test_elem_registration_page","",""
"","77","Проверка видимости: pagination_summary","tests.lk_tests.investment_tests.primary_tests","2026-08-14","passed","2026-08-14","TestPrimaryPageVisible","test_elem_primary","",""
"
Тест проверяет видимость и текст элементов на странице Secondary Market.

Для каждого элемента:
1. Дождаться загрузки страницы
2. Проверить видимость элемента
3. Проверить, что текст элемента соответствует ожидаемому
","120","Проверка видимости и текста: hide_own","tests.lk_tests.investment_tests.secondary_tests","2026-08-14","passed","2026-08-14","TestSecondaryPageVisible","test_elem_secondary","",""
"
Тест проверяет количество карточек в каждой вкладке статусов.

1. Получить ожидаемое количество из счётчика на вкладке
2. Кликнуть по вкладке и дождаться загрузки карточек
3. Пройти по всем страницам и сравнить фактическое количество с ожидаемым
","31423","Проверка категории: tab-status-Raised","tests.lk_tests.investment_tests.primary_tests","2026-08-14","passed","2026-08-14","TestPrimaryFilter1","test_primary_market_filter1","",""
"
Тест проверяет количество элементов страницы проекта.

1. Дождаться загрузки страницы
2. Проверить количество элементов
","25","Проверка количества: Latest project buttons (ожидается 4)","tests.lk_tests.project_tests","2026-08-14","passed","2026-08-14","TestElemProject","test_elem_project","",""
"
Тест проверяет видимость и текст элементов на странице логина.

Для каждого элемента:
1.Дождаться загрузки страницы
2.Проверить видимость элемента
3.Проверить, что текст элемента соответствует ожидаемому
","52","Проверка видимости и текста: link_forgot_password","tests.auth_tests.login_page_tests","2026-08-14","passed","2026-08-14","TestLoginPageVisible","test_login_page","",""
"
Тест проверяет видимость элементов страницы проекта (без текстового содержимого).

Для каждого элемента:
1. Дождаться загрузки страницы
2. Проверить видимость элемента
","33","Проверка видимости: Invest block amount","tests.lk_tests.project_tests","2026-08-14","passed","2026-08-14","TestElemProject","test_elem_project","",""
"
Тест проверяет фильтрацию проектов по странам.

1. Получить список доступных стран из фильтра
2. Для каждой страны: выбрать страну и проверить, что все карточки содержат страну
3. Для каждой страны проверить, что количество карточек совпадает с заголовком
","144938","Проверка фильтрации проектов по странам","tests.lk_tests.investment_tests.primary_tests","2026-08-14","passed","2026-08-14","TestPrimaryFilter","test_primary_market_filter","",""
"
Тест проверяет видимость и текст элементов страницы Rewards.

Для каждого элемента:
1. Дождаться загрузки страницы
2. Проверить видимость элемента
3. Проверить, что текст элемента соответствует ожидаемому
","45","Проверка видимости и текста: step_gold","tests.lk_tests.rewards_tests","2026-08-14","passed","2026-08-14","TestRewardsPageVisible","test_elem_rewards","",""
"","61","Проверка видимости и текста: phone","tests.lk_tests.personal_settings_tests","2026-08-14","passed","2026-08-14","TestPersonalSettingsPageVisible","test_elem_personal_settings","",""
"
Тест проверяет видимость и текст элементов дашборда.

Для каждого элемента:
1. Дождаться загрузки страницы
2. Проверить видимость элемента
3. Проверить, что текст элемента соответствует ожидаемому
","47","Проверка видимости и текста: growth_legend_actual","tests.lk_tests.dashboard_tests","2026-08-14","passed","2026-08-14","TestDashboardPageVisible","test_elem_dashboard","",""
"","38","Проверка видимости и текста: personal_info_title","tests.lk_tests.personal_settings_tests","2026-08-14","passed","2026-08-14","TestPersonalSettingsPageVisible","test_elem_personal_settings","",""
"
Тест проверяет видимость элементов страницы Rewards (без проверки текста).

Для каждого элемента:
1. Дождаться загрузки страницы
2. Проверить видимость элемента
","38","Проверка видимости: history_summary","tests.lk_tests.rewards_tests","2026-08-14","passed","2026-08-14","TestRewardsPageVisible","test_elem_rewards","",""
"
Тест проверяет видимость и текст элементов хедера.

Для каждого элемента:
1.Дождаться загрузки хедера
2.Проверить видимость элемента
3.Проверить, что текст элемента соответствует ожидаемому
","346","Проверка видимости и текста: language_switcher","tests.header_tests","2026-08-14","passed","2026-08-14","TestHeaderVisible","test_elem_header","",""
"
Тест проверяет количество элементов дашборда.

1.Дождаться загрузки страницы
2.Проверить количество элементов
3.Для progress-bar проверить что все имеют размеры
","18","Проверка количества: idea_card_badges (ожидается 3)","tests.lk_tests.dashboard_tests","2026-08-14","passed","2026-08-14","TestDashboardPageVisible","test_elem_dashboard","",""
"
Тест проверяет видимость и текст элементов хедера.

Для каждого элемента:
1.Дождаться загрузки хедера
2.Проверить видимость элемента
3.Проверить, что текст элемента соответствует ожидаемому
","43","Проверка видимости и текста: language_switcher","tests.header_tests","2026-08-14","passed","2026-08-14","TestHeaderVisible","test_elem_header","",""
"
Тест проверяет количество элементов дашборда.

1.Дождаться загрузки страницы
2.Проверить количество элементов
3.Для progress-bar проверить что все имеют размеры
","19","Проверка количества: total_earned_subtitle (ожидается 4)","tests.lk_tests.dashboard_tests","2026-08-14","passed","2026-08-14","TestDashboardPageVisible","test_elem_dashboard","",""
"
Тест проверяет видимость и текст элементов панели покупки.

Для каждого элемента:
1. Дождаться загрузки панели
2. Проверить видимость элемента
3. Проверить, что текст элемента соответствует ожидаемому
","71","Проверка видимости и текста: months_remaining","tests.lk_tests.investment_tests.secondary_tests","2026-08-14","passed","2026-08-14","TestBuyPanel","test_elem_secondary_buy","",""
"","29","Проверка видимости и текста: hero_eyebrow","tests.lk_tests.refer_tests","2026-08-14","passed","2026-08-14","TestReferralsPageVisible","test_elem_refer","",""
"","113","Проверка видимости и текста: banner_badge","tests.lk_tests.portfolio_tests","2026-08-14","passed","2026-08-14","TestPortfolioPageVisible","test_elem_portfolio_active","",""
"
Тест проверяет видимость и текст элементов страницы проекта.

Для каждого элемента:
1. Дождаться загрузки страницы
2. Проверить видимость элемента
3. Проверить, что текст элемента соответствует ожидаемому
","68","Проверка видимости и текста: gross_fees_caption","tests.lk_tests.project_tests","2026-08-14","passed","2026-08-14","TestElemProject","test_elem_project","",""
"
Тест проверяет видимость и текст элементов страницы проекта.

Для каждого элемента:
1. Дождаться загрузки страницы
2. Проверить видимость элемента
3. Проверить, что текст элемента соответствует ожидаемому
","61","Проверка видимости и текста: funded_label","tests.lk_tests.project_tests","2026-08-14","passed","2026-08-14","TestElemProject","test_elem_project","",""
"
Тест проверяет переход на страницу Transactions при клике на кнопку.

1. Кликнуть на кнопку
2. Проверить переход на /en/transactions
","233","Проверка перехода на страницу Transactions по кнопке All →","tests.lk_tests.deposit_withdraw_tests.deposit_tests","2026-08-14","passed","2026-08-14","TestDepositPage","test_deposit","",""
"
Тест проверяет видимость элементов футера (контейнеры и иконки соцсетей).

Для каждого элемента:
1.Дождаться загрузки футера
2.Проверить видимость элемента
","35","Проверка видимости: twitter","tests.footer_tests","2026-08-14","passed","2026-08-14","TestFooterVisible","test_elem_footer","",""
"","64","Проверка видимости и текста: contact_support","tests.lk_tests.personal_settings_tests","2026-08-14","passed","2026-08-14","TestPersonalSettingsPageVisible","test_elem_personal_settings","",""
"
Тест проверяет видимость элементов футера (контейнеры и иконки соцсетей).

Для каждого элемента:
1.Дождаться загрузки футера
2.Проверить видимость элемента
","24","Проверка видимости: telegram","tests.footer_tests","2026-08-14","passed","2026-08-14","TestFooterVisible","test_elem_footer","",""
"
Тест проверяет видимость элементов страницы Transactions (без проверки текста).

Для каждого элемента:
1. Дождаться загрузки страницы
2. Проверить видимость элемента
","60","Проверка видимости: pagination_summary","tests.lk_tests.transactions_tests","2026-08-14","passed","2026-08-14","TestTransactionsPageVisible","test_elem_transactions","",""
"","115","Проверка видимости и текста: stat_next_payment","tests.lk_tests.portfolio_tests","2026-08-14","passed","2026-08-14","TestPortfolioPageVisible","test_elem_portfolio_active","",""
"","21","Проверка количества: tab_dots (ожидается 5)","tests.lk_tests.investment_tests.primary_tests","2026-08-14","passed","2026-08-14","TestPrimaryPageVisible","test_elem_primary","",""
"
Тест проверяет видимость и текст элементов страницы проекта.

Для каждого элемента:
1. Дождаться загрузки страницы
2. Проверить видимость элемента
3. Проверить, что текст элемента соответствует ожидаемому
","56","Проверка видимости и текста: risk_grade_label","tests.lk_tests.project_tests","2026-08-14","passed","2026-08-14","TestElemProject","test_elem_project","",""
"
Тест проверяет выход из системы по кнопке Log Out.

1.Кликнуть по кнопке Log Out
2.Дождаться перехода на страницу логина
3.Проверить, что URL заканчивается на /en/login
","1826","Проверка выхода из системы","tests.header_tests","2026-08-14","passed","2026-08-14","TestHeader","test_header","",""
"","544","Проверка видимости и текста: th_project","tests.lk_tests.portfolio_tests","2026-08-14","passed","2026-08-14","TestPortfolioPageVisible","test_elem_portfolio_active","",""
"","559","Проверка видимости и текста: th_earned","tests.lk_tests.portfolio_tests","2026-08-14","passed","2026-08-14","TestPortfolioCompletedPageVisible","test_elem_portfolio_completed","",""
"","172","Проверка видимости и текста: page_title","tests.auth_tests.reg_page_tests","2026-08-14","passed","2026-08-14","TestRegistrationPageVisible","test_elem_registration_page","",""
"
Тест проверяет видимость и текст элементов панели покупки.

Для каждого элемента:
1. Дождаться загрузки панели
2. Проверить видимость элемента
3. Проверить, что текст элемента соответствует ожидаемому
","39","Проверка видимости и текста: status","tests.lk_tests.investment_tests.secondary_tests","2026-08-14","passed","2026-08-14","TestBuyPanel","test_elem_secondary_buy","",""
"
Тест проверяет успешный запрос на вывод 100 EUR.

1. Выбрать пресет €100
2. Проскроллить до кнопки Request withdrawal
3. Нажать Request withdrawal
4. Проверить появление модального окна успеха
","1835","Проверка успешного запроса на вывод средств","tests.lk_tests.deposit_withdraw_tests.withdraw_tests","2026-08-14","passed","2026-08-14","TestWithdrawPageRegression","test_withdraw","",""
"
Тест проверяет видимость и текст элементов вкладки Tax страницы Transactions.

Для каждого элемента:
1. Дождаться загрузки страницы
2. Проверить видимость элемента
3. Проверить, что текст элемента соответствует ожидаемому
","91","Проверка видимости и текста: tab_last_quarter","tests.lk_tests.transactions_tests","2026-08-14","passed","2026-08-14","TestTransactionsTaxPageVisible","test_elem_transactions_tax","",""
"
Тест проверяет видимость и текст элементов страницы Deposit.

Для каждого элемента:
1. Дождаться загрузки страницы
2. Проверить видимость элемента
3. Проверить, что текст элемента соответствует ожидаемому
","60","Проверка видимости и текста: copy_btn","tests.lk_tests.deposit_withdraw_tests.deposit_tests","2026-08-14","passed","2026-08-14","TestDepositPageVisible","test_elem_deposit","",""
"
Тест проверяет видимость и текст элементов страницы Withdraw.

Для каждого элемента:
1. Дождаться загрузки страницы
2. Проверить видимость элемента
3. Проверить, что текст элемента соответствует ожидаемому
","79","Проверка видимости и текста: updated","tests.lk_tests.deposit_withdraw_tests.withdraw_tests","2026-08-14","passed","2026-08-14","TestWithdrawPageVisible","test_elem_withdraw","",""
"","4","Проверка видимости и текста: footer_total","tests.lk_tests.refer_tests","2026-08-14","passed","2026-08-14","TestReferralsPageVisible","test_elem_refer","",""
"","136","Проверка видимости и текста: city","tests.lk_tests.personal_settings_tests","2026-08-14","passed","2026-08-14","TestPersonalSettingsPageVisible","test_elem_personal_settings","",""
"","23","Проверка видимости и текста: banner_badge","tests.lk_tests.investment_tests.primary_tests","2026-08-14","passed","2026-08-14","TestPrimaryPageVisible","test_elem_primary","",""
"","4","Проверка видимости и текста: two_factor_email_status","tests.lk_tests.personal_settings_tests","2026-08-14","passed","2026-08-14","TestPersonalSettingsPageVisible","test_elem_personal_settings","",""
"","612","Проверка видимости и текста: th_apr","tests.lk_tests.portfolio_tests","2026-08-14","passed","2026-08-14","TestPortfolioCompletedPageVisible","test_elem_portfolio_completed","",""
"","62","Проверка видимости и текста: copy_link_btn","tests.lk_tests.refer_tests","2026-08-14","passed","2026-08-14","TestReferralsPageVisible","test_elem_refer","",""
"
Тест проверяет видимость и текст элементов страницы Rewards.

Для каждого элемента:
1. Дождаться загрузки страницы
2. Проверить видимость элемента
3. Проверить, что текст элемента соответствует ожидаемому
","24","Проверка видимости и текста: benefit_qualifying","tests.lk_tests.rewards_tests","2026-08-14","passed","2026-08-14","TestRewardsPageVisible","test_elem_rewards","",""
"
Тест проверяет фильтрацию проектов по типу залога.

1. Получить список доступных типов залога из фильтра
2. Для каждого типа: выбрать тип и проверить, что все карточки содержат тип залога
3. Для каждого типа проверить, что количество карточек совпадает с заголовком
","156319","Проверка фильтрации проектов по типу залога","tests.lk_tests.investment_tests.primary_tests","2026-08-14","passed","2026-08-14","TestPrimaryFilter1","test_primary_market_filter1","",""
"","57","Проверка видимости и текста: stat_active_capital","tests.lk_tests.portfolio_tests","2026-08-14","passed","2026-08-14","TestPortfolioPageVisible","test_elem_portfolio_active","",""
"
Тест проверяет видимость элементов на странице Secondary Market (без текстового содержимого).

Для каждого элемента:
1. Дождаться загрузки страницы
2. Проверить видимость элемента
","88","Проверка видимости: pagination_summary","tests.lk_tests.investment_tests.secondary_tests","2026-08-14","passed","2026-08-14","TestSecondaryPageVisible","test_elem_secondary","",""
"
Тест проверяет видимость и текст элементов футера.

Для каждого элемента:
1.Дождаться загрузки футера
2.Проверить видимость элемента
3.Проверить, что текст элемента соответствует ожидаемому
","61","Проверка видимости и текста: agreements_item_vqf","tests.footer_tests","2026-08-14","passed","2026-08-14","TestFooterVisible","test_elem_footer","",""
"
Тест проверяет переход на страницу Transactions по кнопкам.

1. Проскроллить до элемента
2. Нажать
3. Проверить URL
","420","Проверка перехода на страницу Transactions","tests.lk_tests.deposit_withdraw_tests.withdraw_tests","2026-08-14","passed","2026-08-14","TestWithdrawPage","test_withdraw","",""
"","11","Проверка количества: lock_icons (ожидается 7)","tests.lk_tests.personal_settings_tests","2026-08-14","passed","2026-08-14","TestPersonalSettingsPageVisible","test_elem_personal_settings","",""
"
Тест проверяет видимость и текст элементов страницы Withdraw.

Для каждого элемента:
1. Дождаться загрузки страницы
2. Проверить видимость элемента
3. Проверить, что текст элемента соответствует ожидаемому
","54","Проверка видимости и текста: available_label","tests.lk_tests.deposit_withdraw_tests.withdraw_tests","2026-08-14","passed","2026-08-14","TestWithdrawPageVisible","test_elem_withdraw","",""
"
Тест проверяет видимость и текст элементов страницы Rewards.

Для каждого элемента:
1. Дождаться загрузки страницы
2. Проверить видимость элемента
3. Проверить, что текст элемента соответствует ожидаемому
","68","Проверка видимости и текста: step_silver","tests.lk_tests.rewards_tests","2026-08-14","passed","2026-08-14","TestRewardsPageVisible","test_elem_rewards","",""
"
Тест проверяет фильтрацию по диапазону Discount.

1. Открыть фильтр Discount
2. Выставить левый ползунок на -8, правый на +1
3. Нажать Apply
4. Проверить, что все карточки содержат discount в диапазоне -8% до +1%
","4865","Проверка фильтрации по Discount на Secondary Market","tests.lk_tests.investment_tests.secondary_tests","2026-08-14","passed","2026-08-14","TestSecondaryMarketFilter1","test_secondary_market_filter1","",""
"
Тест проверяет переход на страницу Personal settings и возврат на дашборд через лого.

1.Нажать на аватар в хедере
2.Проверить переход на /en/profile и заголовок
3.Нажать на лого CrowdHive
4.Проверить возврат на /en/dashboard и заголовок
","3915","Проверка перехода в Personal settings через иконку пользователяи возврата на дашборд","tests.header_tests","2026-08-14","passed","2026-08-14","TestHeader","test_header","",""
"","57","Проверка видимости: header_capital","tests.lk_tests.portfolio_tests","2026-08-14","passed","2026-08-14","TestPortfolioCompletedPageVisible","test_elem_portfolio_completed","",""
"
Тест проверяет видимость и текст элементов на странице Secondary Market.

Для каждого элемента:
1. Дождаться загрузки страницы
2. Проверить видимость элемента
3. Проверить, что текст элемента соответствует ожидаемому
","91","Проверка видимости и текста: page_title","tests.lk_tests.investment_tests.secondary_tests","2026-08-14","passed","2026-08-14","TestSecondaryPageVisible","test_elem_secondary","",""
"","143","Проверка видимости и текста: banner_cta","tests.lk_tests.portfolio_tests","2026-08-14","passed","2026-08-14","TestPortfolioPageVisible","test_elem_portfolio_active","",""
"
Тест проверяет видимость элементов страницы Withdraw (без проверки текста).

Для каждого элемента:
1. Дождаться загрузки страницы
2. Проверить видимость элемента по указанному индексу
","41","Проверка видимости: chat_bot","tests.lk_tests.deposit_withdraw_tests.withdraw_tests","2026-08-14","passed","2026-08-14","TestWithdrawPageVisible","test_elem_withdraw","",""
"
Тест проверяет видимость и текст элементов модального окна Schedule.

Для каждого элемента:
1. Дождаться загрузки модального окна
2. Проверить видимость элемента
3. Проверить, что текст элемента соответствует ожидаемому
","45","Проверка видимости и текста: status","tests.lk_tests.portfolio_tests","2026-08-14","passed","2026-08-14","TestPortfolioSchedule","test_elem_portfolio_schedule","",""
"
Тест проверяет количество элементов дашборда.

1.Дождаться загрузки страницы
2.Проверить количество элементов
3.Для progress-bar проверить что все имеют размеры
","7","Проверка количества: growth_tabs (ожидается 4)","tests.lk_tests.dashboard_tests","2026-08-14","passed","2026-08-14","TestDashboardPageVisible","test_elem_dashboard","",""
"
Тест проверяет видимость и текст элементов страницы Withdraw.

Для каждого элемента:
1. Дождаться загрузки страницы
2. Проверить видимость элемента
3. Проверить, что текст элемента соответствует ожидаемому
","45","Проверка видимости и текста: amount_badge","tests.lk_tests.deposit_withdraw_tests.withdraw_tests","2026-08-14","passed","2026-08-14","TestWithdrawPageVisible","test_elem_withdraw","",""
"
Тест проверяет видимость элементов страницы Transactions (без проверки текста).

Для каждого элемента:
1. Дождаться загрузки страницы
2. Проверить видимость элемента
","48","Проверка видимости: account","tests.lk_tests.transactions_tests","2026-08-14","passed","2026-08-14","TestTransactionsPageVisible","test_elem_transactions","",""
"
Тест проверяет количество элементов страницы проекта.

1. Дождаться загрузки страницы
2. Проверить количество элементов
","15","Проверка количества: Funded captions (ожидается 2)","tests.lk_tests.project_tests","2026-08-14","passed","2026-08-14","TestElemProject","test_elem_project","",""
"
Тест проверяет ошибку валидации при незаполненном поле пароля.

1. Заполнить email и подтверждение пароля
2. Нажать кнопку Agree & Create account
3. Проверить сообщение ""This field is required"" у поля пароля
","197","Ошибка валидации: пустой пароль","tests.auth_tests.reg_page_tests","2026-08-14","passed","2026-08-14","TestRegistrationFalse","test_registration","",""
"","39","Проверка видимости: link_terms","tests.auth_tests.reg_page_tests","2026-08-14","passed","2026-08-14","TestRegistrationPageVisible","test_elem_registration_page","",""
"","55","Проверка видимости и текста: step2_title","tests.lk_tests.refer_tests","2026-08-14","passed","2026-08-14","TestReferralsPageVisible","test_elem_refer","",""
"
Тест проверяет видимость элементов футера (контейнеры и иконки соцсетей).

Для каждого элемента:
1.Дождаться загрузки футера
2.Проверить видимость элемента
","55","Проверка видимости: instagram","tests.footer_tests","2026-08-14","passed","2026-08-14","TestFooterVisible","test_elem_footer","",""
"","5","Проверка видимости и текста: hero_reward_amount","tests.lk_tests.refer_tests","2026-08-14","passed","2026-08-14","TestReferralsPageVisible","test_elem_refer","",""
"
Тест проверяет видимость элементов дашборда (без текстового содержимого).

Для каждого элемента:
1.Дождаться загрузки страницы
2.Проверить видимость элемента
","31","Проверка видимости: loyalty_card_tiers","tests.lk_tests.dashboard_tests","2026-08-14","passed","2026-08-14","TestDashboardPageVisible","test_elem_dashboard","",""
"","542","Проверка видимости и текста: th_project","tests.lk_tests.portfolio_tests","2026-08-14","passed","2026-08-14","TestPortfolioCompletedPageVisible","test_elem_portfolio_completed","",""
"
Тест проверяет видимость и текст элементов футера.

Для каждого элемента:
1.Дождаться загрузки футера
2.Проверить видимость элемента
3.Проверить, что текст элемента соответствует ожидаемому
","49","Проверка видимости и текста: contacts_commercial_email","tests.footer_tests","2026-08-14","passed","2026-08-14","TestFooterVisible","test_elem_footer","",""
"
Тест проверяет видимость и текст элементов страницы Deposit.

Для каждого элемента:
1. Дождаться загрузки страницы
2. Проверить видимость элемента
3. Проверить, что текст элемента соответствует ожидаемому
","50","Проверка видимости и текста: highlight_name","tests.lk_tests.deposit_withdraw_tests.deposit_tests","2026-08-14","passed","2026-08-14","TestDepositPageVisible","test_elem_deposit","",""
"
Тест проверяет видимость элементов страницы проекта (без текстового содержимого).

Для каждого элемента:
1. Дождаться загрузки страницы
2. Проверить видимость элемента
","45","Проверка видимости: Target rate value","tests.lk_tests.project_tests","2026-08-14","passed","2026-08-14","TestElemProject","test_elem_project","",""
"","3","Проверка видимости и текста: sort_filter","tests.lk_tests.portfolio_tests","2026-08-14","passed","2026-08-14","TestPortfolioCompletedPageVisible","test_elem_portfolio_completed","",""
"","532","Проверка видимости и текста: th_closed","tests.lk_tests.portfolio_tests","2026-08-14","passed","2026-08-14","TestPortfolioCompletedPageVisible","test_elem_portfolio_completed","",""
"","68","Проверка видимости и текста: personal_info_title","tests.lk_tests.personal_settings_tests","2026-08-14","passed","2026-08-14","TestPersonalSettingsPageVisible","test_elem_personal_settings","",""
"
Тест проверяет видимость и текст элементов дашборда.

Для каждого элемента:
1. Дождаться загрузки страницы
2. Проверить видимость элемента
3. Проверить, что текст элемента соответствует ожидаемому
","46","Проверка видимости и текста: total_earned","tests.lk_tests.dashboard_tests","2026-08-14","passed","2026-08-14","TestDashboardPageVisible","test_elem_dashboard","",""
"
Тест проверяет видимость и текст элементов страницы Deposit.

Для каждого элемента:
1. Дождаться загрузки страницы
2. Проверить видимость элемента
3. Проверить, что текст элемента соответствует ожидаемому
","56","Проверка видимости и текста: step2_label","tests.lk_tests.deposit_withdraw_tests.deposit_tests","2026-08-14","passed","2026-08-14","TestDepositPageVisible","test_elem_deposit","",""
"
Тест проверяет видимость и текст элементов футера.

Для каждого элемента:
1.Дождаться загрузки футера
2.Проверить видимость элемента
3.Проверить, что текст элемента соответствует ожидаемому
","59","Проверка видимости и текста: agreements_aml","tests.footer_tests","2026-08-14","passed","2026-08-14","TestFooterVisible","test_elem_footer","",""
"","651","Проверка видимости и текста: th_term","tests.lk_tests.portfolio_tests","2026-08-14","passed","2026-08-14","TestPortfolioCompletedPageVisible","test_elem_portfolio_completed","",""
"
Тест проверяет переключение количества карточек на странице.

1. Переключить селект на {per_page} per page
2. Дождаться обновления
3. Проверить, что на странице {expected_count} карточек
","3090","Проверка переключения количества карточек на странице: 12","tests.lk_tests.investment_tests.primary_tests","2026-08-14","passed","2026-08-14","TestPrimaryMarket","test_primary_market","",""
"
Тест проверяет видимость и текст элементов страницы проекта.

Для каждого элемента:
1. Дождаться загрузки страницы
2. Проверить видимость элемента
3. Проверить, что текст элемента соответствует ожидаемому
","78","Проверка видимости и текста: paid_monthly_caption","tests.lk_tests.project_tests","2026-08-14","passed","2026-08-14","TestElemProject","test_elem_project","",""
"
Тест проверяет видимость и текст элементов футера.

Для каждого элемента:
1.Дождаться загрузки футера
2.Проверить видимость элемента
3.Проверить, что текст элемента соответствует ожидаемому
","57","Проверка видимости и текста: agreements_terms","tests.footer_tests","2026-08-14","passed","2026-08-14","TestFooterVisible","test_elem_footer","",""
"
Тест проверяет видимость и текст элементов страницы проекта.

Для каждого элемента:
1. Дождаться загрузки страницы
2. Проверить видимость элемента
3. Проверить, что текст элемента соответствует ожидаемому
","68","Проверка видимости и текста: invest_btn","tests.lk_tests.project_tests","2026-08-14","passed","2026-08-14","TestElemProject","test_elem_project","",""
"","62","Проверка видимости и текста: notif_principal","tests.lk_tests.personal_settings_tests","2026-08-14","passed","2026-08-14","TestPersonalSettingsPageVisible","test_elem_personal_settings","",""
"","44","Проверка видимости: password_strength_bar","tests.auth_tests.reg_page_tests","2026-08-14","passed","2026-08-14","TestRegistrationPageVisible","test_elem_registration_page","",""
"","62","Проверка видимости и текста: qr_note","tests.lk_tests.refer_tests","2026-08-14","passed","2026-08-14","TestReferralsPageVisible","test_elem_refer","",""
"
Тест проверяет фильтр Hide My Sales на Secondary Market.

1. Нажать кнопку Hide My Sales
2. Проверить, что на всех карточках кнопка Buy
3. Сравнить количество карточек с заголовком
","7562","Проверка фильтра Hide My Sales","tests.lk_tests.investment_tests.secondary_tests","2026-08-14","passed","2026-08-14","TestSecondaryMarketFilter","test_secondary_market_filter","",""
"
Тест проверяет фильтр Discounted на Secondary Market.

1. Нажать кнопку Discounted
2. Проверить, что все карточки имеют положительный premium (>0)
3. Сравнить количество карточек с заголовком
","16953","Проверка фильтра Discounted","tests.lk_tests.investment_tests.secondary_tests","2026-08-14","passed","2026-08-14","TestSecondaryMarketFilter","test_secondary_market_filter","",""
"
Тест проверяет количество элементов дашборда.

1.Дождаться загрузки страницы
2.Проверить количество элементов
3.Для progress-bar проверить что все имеют размеры
","8","Проверка количества: tier_names (ожидается 4)","tests.lk_tests.dashboard_tests","2026-08-14","passed","2026-08-14","TestDashboardPageVisible","test_elem_dashboard","",""
"
Тест проверяет видимость элементов дашборда (без текстового содержимого).

Для каждого элемента:
1.Дождаться загрузки страницы
2.Проверить видимость элемента
","47","Проверка видимости: loyalty_card_earning","tests.lk_tests.dashboard_tests","2026-08-14","passed","2026-08-14","TestDashboardPageVisible","test_elem_dashboard","",""
"
Тест проверяет видимость и количество элементов страницы Deposit.

Для каждого элемента:
1. Дождаться загрузки страницы
2. Проверить видимость элемента
3. Проверить, что количество элементов соответствует ожидаемому
","55","Проверка видимости и количества: copy_buttons (ожидается 4)","tests.lk_tests.deposit_withdraw_tests.deposit_tests","2026-08-14","passed","2026-08-14","TestDepositPageVisible","test_elem_deposit","",""
"","56","Проверка видимости и текста: security_title","tests.lk_tests.personal_settings_tests","2026-08-14","passed","2026-08-14","TestPersonalSettingsPageVisible","test_elem_personal_settings","",""
"
Тест проверяет видимость и текст элементов сайдбара.

Для каждого элемента:
1.Дождаться загрузки сайдбара
2.Проверить видимость элемента
3.Проверить, что текст элемента соответствует ожидаемому
","38","Проверка видимости и текста: Кнопка Add funds","tests.sidebar_tests","2026-08-14","passed","2026-08-14","TestSidebarVisible","test_elem_sidebar","",""
"
Тест проверяет видимость и текст элементов футера.

Для каждого элемента:
1.Дождаться загрузки футера
2.Проверить видимость элемента
3.Проверить, что текст элемента соответствует ожидаемому
","60","Проверка видимости и текста: contacts_item_address","tests.footer_tests","2026-08-14","passed","2026-08-14","TestFooterVisible","test_elem_footer","",""
"","611","Проверка видимости и текста: th_closed","tests.lk_tests.portfolio_tests","2026-08-14","passed","2026-08-14","TestPortfolioCompletedPageVisible","test_elem_portfolio_completed","",""
"","32","Проверка видимости и текста: tab_active","tests.lk_tests.portfolio_tests","2026-08-14","passed","2026-08-14","TestPortfolioCompletedPageVisible","test_elem_portfolio_completed","",""
"","65","Проверка видимости и текста: note_lead","tests.lk_tests.personal_settings_tests","2026-08-14","passed","2026-08-14","TestPersonalSettingsPageVisible","test_elem_personal_settings","",""
"","549","Проверка видимости и текста: th_closed","tests.lk_tests.portfolio_tests","2026-08-14","passed","2026-08-14","TestPortfolioCompletedPageVisible","test_elem_portfolio_completed","",""
"
Тест проверяет видимость и текст элементов страницы проекта.

Для каждого элемента:
1. Дождаться загрузки страницы
2. Проверить видимость элемента
3. Проверить, что текст элемента соответствует ожидаемому
","67","Проверка видимости и текста: target_rate_label","tests.lk_tests.project_tests","2026-08-14","passed","2026-08-14","TestElemProject","test_elem_project","",""
"","21","Проверка количества: lock_icons (ожидается 7)","tests.lk_tests.personal_settings_tests","2026-08-14","passed","2026-08-14","TestPersonalSettingsPageVisible","test_elem_personal_settings","",""
"
Тест проверяет видимость и текст элементов страницы Deposit.

Для каждого элемента:
1. Дождаться загрузки страницы
2. Проверить видимость элемента
3. Проверить, что текст элемента соответствует ожидаемому
","47","Проверка видимости и текста: deposit_memo","tests.lk_tests.deposit_withdraw_tests.deposit_tests","2026-08-14","passed","2026-08-14","TestDepositPageVisible","test_elem_deposit","",""
"","593","Проверка видимости и текста: th_project","tests.lk_tests.portfolio_tests","2026-08-14","passed","2026-08-14","TestPortfolioPageVisible","test_elem_portfolio_active","",""
"
Тест проверяет видимость элементов страницы проекта (без текстового содержимого).

Для каждого элемента:
1. Дождаться загрузки страницы
2. Проверить видимость элемента
","47","Проверка видимости: Quick amount €2,500","tests.lk_tests.project_tests","2026-08-14","passed","2026-08-14","TestElemProject","test_elem_project","",""
"
Тест проверяет видимость элементов панели покупки (без текстового содержимого).

Для каждого элемента:
1. Дождаться загрузки панели
2. Проверить видимость элемента
","43","Проверка видимости: value_asking","tests.lk_tests.investment_tests.secondary_tests","2026-08-14","passed","2026-08-14","TestBuyPanel","test_elem_secondary_buy","",""
"
Тест проверяет видимость и текст элементов вкладки Tax страницы Transactions.

Для каждого элемента:
1. Дождаться загрузки страницы
2. Проверить видимость элемента
3. Проверить, что текст элемента соответствует ожидаемому
","8","Проверка видимости и текста: download_pdf","tests.lk_tests.transactions_tests","2026-08-14","passed","2026-08-14","TestTransactionsTaxPageVisible","test_elem_transactions_tax","",""
"
Тест проверяет видимость и текст элементов вкладки Tax страницы Transactions.

Для каждого элемента:
1. Дождаться загрузки страницы
2. Проверить видимость элемента
3. Проверить, что текст элемента соответствует ожидаемому
","104","Проверка видимости и текста: report_period_label","tests.lk_tests.transactions_tests","2026-08-14","passed","2026-08-14","TestTransactionsTaxPageVisible","test_elem_transactions_tax","",""
"
Тест проверяет видимость и текст элементов футера.

Для каждого элемента:
1.Дождаться загрузки футера
2.Проверить видимость элемента
3.Проверить, что текст элемента соответствует ожидаемому
","29","Проверка видимости и текста: contacts_title","tests.footer_tests","2026-08-14","passed","2026-08-14","TestFooterVisible","test_elem_footer","",""
"","45","Проверка видимости: password_strength_rules","tests.auth_tests.reg_page_tests","2026-08-14","passed","2026-08-14","TestRegistrationPageVisible","test_elem_registration_page","",""
"","48","Проверка видимости: filter_hide_invested","tests.lk_tests.investment_tests.primary_tests","2026-08-14","passed","2026-08-14","TestPrimaryPageVisible","test_elem_primary","",""
"
Тест проверяет видимость и текст элементов страницы Transactions.

Для каждого элемента:
1. Дождаться загрузки страницы
2. Проверить видимость элемента
3. Проверить, что текст элемента соответствует ожидаемому
","56","Проверка видимости и текста: filter_separator","tests.lk_tests.transactions_tests","2026-08-14","passed","2026-08-14","TestTransactionsPageVisible","test_elem_transactions","",""
"
Тест проверяет видимость и текст элементов на странице Secondary Market.

Для каждого элемента:
1. Дождаться загрузки страницы
2. Проверить видимость элемента
3. Проверить, что текст элемента соответствует ожидаемому
","105","Проверка видимости и текста: grade","tests.lk_tests.investment_tests.secondary_tests","2026-08-14","passed","2026-08-14","TestSecondaryPageVisible","test_elem_secondary","",""
"
Тест проверяет видимость и текст элементов страницы Deposit.

Для каждого элемента:
1. Дождаться загрузки страницы
2. Проверить видимость элемента
3. Проверить, что текст элемента соответствует ожидаемому
","56","Проверка видимости и текста: deposit_description","tests.lk_tests.deposit_withdraw_tests.deposit_tests","2026-08-14","passed","2026-08-14","TestDepositPageVisible","test_elem_deposit","",""
"","22","Проверка количества: stat_values (ожидается 4)","tests.lk_tests.portfolio_tests","2026-08-14","passed","2026-08-14","TestPortfolioPageVisible","test_elem_portfolio_active","",""
"
Тест проверяет видимость и текст элементов страницы Transactions.

Для каждого элемента:
1. Дождаться загрузки страницы
2. Проверить видимость элемента
3. Проверить, что текст элемента соответствует ожидаемому
","13","Проверка видимости и текста: export_pdf","tests.lk_tests.transactions_tests","2026-08-14","passed","2026-08-14","TestTransactionsPageVisible","test_elem_transactions","",""
"
Тест проверяет видимость элементов страницы проекта (без текстового содержимого).

Для каждого элемента:
1. Дождаться загрузки страницы
2. Проверить видимость элемента
","60","Проверка видимости: Project stat value","tests.lk_tests.project_tests","2026-08-14","passed","2026-08-14","TestElemProject","test_elem_project","",""
"
Тест проверяет видимость и текст элементов страницы Transactions.

Для каждого элемента:
1. Дождаться загрузки страницы
2. Проверить видимость элемента
3. Проверить, что текст элемента соответствует ожидаемому
","31","Проверка видимости и текста: interest_label","tests.lk_tests.transactions_tests","2026-08-14","passed","2026-08-14","TestTransactionsPageVisible","test_elem_transactions","",""
"
Тест проверяет видимость и текст элементов модального окна Schedule.

Для каждого элемента:
1. Дождаться загрузки модального окна
2. Проверить видимость элемента
3. Проверить, что текст элемента соответствует ожидаемому
","453","Проверка видимости и текста: modal_title","tests.lk_tests.portfolio_tests","2026-08-14","passed","2026-08-14","TestPortfolioSchedule","test_elem_portfolio_schedule","",""
"
Тест проверяет видимость и количество элементов страницы Deposit.

Для каждого элемента:
1. Дождаться загрузки страницы
2. Проверить видимость элемента
3. Проверить, что количество элементов соответствует ожидаемому
","59","Проверка видимости и количества: bank_card_radios (ожидается 2)","tests.lk_tests.deposit_withdraw_tests.deposit_tests","2026-08-14","passed","2026-08-14","TestDepositPageVisible","test_elem_deposit","",""
"","62","Проверка видимости и текста: phone_badge","tests.lk_tests.personal_settings_tests","2026-08-14","passed","2026-08-14","TestPersonalSettingsPageVisible","test_elem_personal_settings","",""
"","190","Проверка видимости: header_completed_count","tests.lk_tests.portfolio_tests","2026-08-14","passed","2026-08-14","TestPortfolioPageVisible","test_elem_portfolio_active","",""
"
Тест проверяет фильтр Discounted на Secondary Market.

1. Нажать кнопку Discounted
2. Проверить, что все карточки имеют положительный premium (>0)
3. Сравнить количество карточек с заголовком
","7608","Проверка фильтра Discounted","tests.lk_tests.investment_tests.secondary_tests","2026-08-14","passed","2026-08-14","TestSecondaryMarketFilter","test_secondary_market_filter","",""
"","16","Проверка количества: profile_field_values (ожидается 8)","tests.lk_tests.personal_settings_tests","2026-08-14","passed","2026-08-14","TestPersonalSettingsPageVisible","test_elem_personal_settings","",""
"
Тест проверяет, что при вводе неверных данных авторизация не проходит и появляется сообщение об ошибке.

Для каждого варианта невалидных данных:
1.Открыть страницу логина
2.Заполнить форму невалидными данными
3.Нажать кнопку логина
4.Проверить появление сообщения об ошибке
","6516","Проверка авторизации с невалидными данными: Неверный пароль","tests.auth_tests.login_page_tests","2026-08-14","passed","2026-08-14","TestAuthorization","test_authorization","",""
"
Тест проверяет видимость элементов страницы Transactions (без проверки текста).

Для каждого элемента:
1. Дождаться загрузки страницы
2. Проверить видимость элемента
","45","Проверка видимости: pagination_summary","tests.lk_tests.transactions_tests","2026-08-14","passed","2026-08-14","TestTransactionsPageVisible","test_elem_transactions","",""
"
Тест проверяет видимость и текст элементов страницы проекта.

Для каждого элемента:
1. Дождаться загрузки страницы
2. Проверить видимость элемента
3. Проверить, что текст элемента соответствует ожидаемому
","68","Проверка видимости и текста: target_rate_label","tests.lk_tests.project_tests","2026-08-14","passed","2026-08-14","TestElemProject","test_elem_project","",""
"","63","Проверка видимости: header_active_count","tests.lk_tests.portfolio_tests","2026-08-14","passed","2026-08-14","TestPortfolioCompletedPageVisible","test_elem_portfolio_completed","",""
"","64","Проверка видимости и текста: tab_completed","tests.lk_tests.portfolio_tests","2026-08-14","passed","2026-08-14","TestPortfolioCompletedPageVisible","test_elem_portfolio_completed","",""
"
Тест проверяет видимость и текст элементов страницы Withdraw.

Для каждого элемента:
1. Дождаться загрузки страницы
2. Проверить видимость элемента
3. Проверить, что текст элемента соответствует ожидаемому
","59","Проверка видимости и текста: recent_title","tests.lk_tests.deposit_withdraw_tests.withdraw_tests","2026-08-14","passed","2026-08-14","TestWithdrawPageVisible","test_elem_withdraw","",""
"
Тест проверяет видимость и текст элементов футера.

Для каждого элемента:
1.Дождаться загрузки футера
2.Проверить видимость элемента
3.Проверить, что текст элемента соответствует ожидаемому
","56","Проверка видимости и текста: agreements_methodology","tests.footer_tests","2026-08-14","passed","2026-08-14","TestFooterVisible","test_elem_footer","",""
"","135","Проверка видимости и текста: per_page_label","tests.lk_tests.investment_tests.primary_tests","2026-08-14","passed","2026-08-14","TestPrimaryPageVisible","test_elem_primary","",""
"
Тест проверяет видимость элементов страницы Withdraw (без проверки текста).

Для каждого элемента:
1. Дождаться загрузки страницы
2. Проверить видимость элемента по указанному индексу
","48","Проверка видимости: deposit_balance_amount","tests.lk_tests.deposit_withdraw_tests.withdraw_tests","2026-08-14","passed","2026-08-14","TestWithdrawPageVisible","test_elem_withdraw","",""
"
Тест проверяет видимость и текст элементов панели покупки.

Для каждого элемента:
1. Дождаться загрузки панели
2. Проверить видимость элемента
3. Проверить, что текст элемента соответствует ожидаемому
","17","Проверка видимости и текста: status","tests.lk_tests.investment_tests.secondary_tests","2026-08-14","passed","2026-08-14","TestBuyPanel","test_elem_secondary_buy","",""
"
Тест проверяет видимость элементов на странице Secondary Market (без текстового содержимого).

Для каждого элемента:
1. Дождаться загрузки страницы
2. Проверить видимость элемента
","36","Проверка видимости: per_page_label","tests.lk_tests.investment_tests.secondary_tests","2026-08-14","passed","2026-08-14","TestSecondaryPageVisible","test_elem_secondary","",""
"
Тест проверяет видимость и текст элементов страницы Transactions.

Для каждого элемента:
1. Дождаться загрузки страницы
2. Проверить видимость элемента
3. Проверить, что текст элемента соответствует ожидаемому
","42","Проверка видимости и текста: table_count","tests.lk_tests.transactions_tests","2026-08-14","passed","2026-08-14","TestTransactionsPageVisible","test_elem_transactions","",""
"
Тест проверяет видимость и текст элементов вкладки Tax страницы Transactions.

Для каждого элемента:
1. Дождаться загрузки страницы
2. Проверить видимость элемента
3. Проверить, что текст элемента соответствует ожидаемому
","61","Проверка видимости и текста: past_title","tests.lk_tests.transactions_tests","2026-08-14","passed","2026-08-14","TestTransactionsTaxPageVisible","test_elem_transactions_tax","",""
"
Тест проверяет видимость и текст элементов страницы Deposit.

Для каждого элемента:
1. Дождаться загрузки страницы
2. Проверить видимость элемента
3. Проверить, что текст элемента соответствует ожидаемому
","114","Проверка видимости и текста: step2_label","tests.lk_tests.deposit_withdraw_tests.deposit_tests","2026-08-14","passed","2026-08-14","TestDepositPageVisible","test_elem_deposit","",""
"
Тест проверяет переход на страницу проекта при клике на кнопку в карточке.

1. Пройти по страницам в поиске кнопки
2. Запомнить название проекта
3. Кликнуть кнопку
4. Проверить переход на страницу проекта
5. Проверить, что заголовок совпадает
","2025","Проверка перехода на страницу проекта по кнопке Invest now","tests.lk_tests.investment_tests.primary_tests","2026-08-14","passed","2026-08-14","TestPrimaryMarket","test_primary_market","",""
"","25","Проверка видимости: input_confirm_password_input","tests.auth_tests.reg_page_tests","2026-08-14","passed","2026-08-14","TestRegistrationPageVisible","test_elem_registration_page","",""
"
Тест проверяет навигацию по элементам сайдбара.

Для каждого элемента:
1.Кликнуть по элементу
2.Дождаться перехода по URL
3.Проверить, что URL заканчивается на ожидаемый путь
","122","Проверка навигации: rewards","tests.sidebar_tests","2026-08-14","passed","2026-08-14","TestSidebarNav","test_sidebar_nav","",""
"
Тест проверяет видимость и текст элементов страницы Rewards.

Для каждого элемента:
1. Дождаться загрузки страницы
2. Проверить видимость элемента
3. Проверить, что текст элемента соответствует ожидаемому
","49","Проверка видимости и текста: you_are_here","tests.lk_tests.rewards_tests","2026-08-14","passed","2026-08-14","TestRewardsPageVisible","test_elem_rewards","",""
"
Тест проверяет видимость и текст элементов модального окна Schedule.

Для каждого элемента:
1. Дождаться загрузки модального окна
2. Проверить видимость элемента
3. Проверить, что текст элемента соответствует ожидаемому
","53","Проверка видимости и текста: total","tests.lk_tests.portfolio_tests","2026-08-14","passed","2026-08-14","TestPortfolioSchedule","test_elem_portfolio_schedule","",""
"
Тест проверяет фильтрацию по диапазону Discount.

1. Открыть фильтр Discount
2. Выставить левый ползунок на -8, правый на +1
3. Нажать Apply
4. Проверить, что все карточки содержат discount в диапазоне -8% до +1%
","8808","Проверка фильтрации по Discount на Secondary Market","tests.lk_tests.investment_tests.secondary_tests","2026-08-14","passed","2026-08-14","TestSecondaryMarketFilter1","test_secondary_market_filter1","",""
"","72","Проверка видимости и текста: hero_eyebrow","tests.lk_tests.refer_tests","2026-08-14","passed","2026-08-14","TestReferralsPageVisible","test_elem_refer","",""
"","53","Проверка видимости и текста: button_register","tests.auth_tests.reg_page_tests","2026-08-14","passed","2026-08-14","TestRegistrationPageVisible","test_elem_registration_page","",""
"","44","Проверка видимости: input_confirm_password_input","tests.auth_tests.reg_page_tests","2026-08-14","passed","2026-08-14","TestRegistrationPageVisible","test_elem_registration_page","",""
"
Тест проверяет видимость и текст элементов страницы Rewards.

Для каждого элемента:
1. Дождаться загрузки страницы
2. Проверить видимость элемента
3. Проверить, что текст элемента соответствует ожидаемому
","24","Проверка видимости и текста: history_title","tests.lk_tests.rewards_tests","2026-08-14","passed","2026-08-14","TestRewardsPageVisible","test_elem_rewards","",""
"
Тест проверяет видимость элементов модального окна Schedule (без текстового содержимого).

Для каждого элемента:
1. Дождаться загрузки модального окна
2. Проверить видимость элемента
","28","Проверка видимости: project_name","tests.lk_tests.portfolio_tests","2026-08-14","passed","2026-08-14","TestPortfolioSchedule","test_elem_portfolio_schedule","",""
"","611","Проверка видимости и текста: th_amount","tests.lk_tests.portfolio_tests","2026-08-14","passed","2026-08-14","TestPortfolioPageVisible","test_elem_portfolio_active","",""
"
Тест проверяет видимость элементов на странице восстановления пароля (без текстового содержимого).

Для каждого элемента:
1.Дождаться загрузки страницы
2.Проверить видимость элемента
","44","Проверка видимости: input_email","tests.auth_tests.forgot_page_tests","2026-08-14","passed","2026-08-14","TestForgotPasswordPageVisible","test_elem_forgot_page","",""
"
Тест проверяет видимость элементов страницы проекта (без текстового содержимого).

Для каждого элемента:
1. Дождаться загрузки страницы
2. Проверить видимость элемента
","50","Проверка видимости: chat_bot","tests.lk_tests.project_tests","2026-08-14","passed","2026-08-14","TestElemProject","test_elem_project","",""
"","24","Проверка видимости: input_confirm_password","tests.auth_tests.reg_page_tests","2026-08-14","passed","2026-08-14","TestRegistrationPageVisible","test_elem_registration_page","",""
"
Тест проверяет видимость элементов панели покупки (без текстового содержимого).

Для каждого элемента:
1. Дождаться загрузки панели
2. Проверить видимость элемента
","1951","Проверка видимости: project_name","tests.lk_tests.investment_tests.secondary_tests","2026-08-14","passed","2026-08-14","TestBuyPanel","test_elem_secondary_buy","",""
"","564","Проверка видимости и текста: th_amount","tests.lk_tests.portfolio_tests","2026-08-14","passed","2026-08-14","TestPortfolioPageVisible","test_elem_portfolio_active","",""
"","89","Проверка видимости и текста: header_title","tests.lk_tests.refer_tests","2026-08-14","passed","2026-08-14","TestReferralsPageVisible","test_elem_refer","",""
"","30","Проверка видимости и текста: tab_coming_soon","tests.lk_tests.investment_tests.primary_tests","2026-08-14","passed","2026-08-14","TestPrimaryPageVisible","test_elem_primary","",""
"
Тест проверяет видимость и текст элементов страницы Rewards.

Для каждого элемента:
1. Дождаться загрузки страницы
2. Проверить видимость элемента
3. Проверить, что текст элемента соответствует ожидаемому
","58","Проверка видимости и текста: hcell_amount","tests.lk_tests.rewards_tests","2026-08-14","passed","2026-08-14","TestRewardsPageVisible","test_elem_rewards","",""
"
Тест проверяет видимость и текст элементов вкладки Tax страницы Transactions.

Для каждого элемента:
1. Дождаться загрузки страницы
2. Проверить видимость элемента
3. Проверить, что текст элемента соответствует ожидаемому
","106","Проверка видимости и текста: tab_this_year","tests.lk_tests.transactions_tests","2026-08-14","passed","2026-08-14","TestTransactionsTaxPageVisible","test_elem_transactions_tax","",""
"
Тест проверяет видимость элементов страницы проекта (без текстового содержимого).

Для каждого элемента:
1. Дождаться загрузки страницы
2. Проверить видимость элемента
","57","Проверка видимости: Country badge","tests.lk_tests.project_tests","2026-08-14","passed","2026-08-14","TestElemProject","test_elem_project","",""
"
Тест проверяет видимость элементов на странице восстановления пароля (без текстового содержимого).

Для каждого элемента:
1.Дождаться загрузки страницы
2.Проверить видимость элемента
","70","Проверка видимости: page_footer","tests.auth_tests.forgot_page_tests","2026-08-14","passed","2026-08-14","TestForgotPasswordPageVisible","test_elem_forgot_page","",""
"
Тест проверяет видимость и текст элементов страницы проекта.

Для каждого элемента:
1. Дождаться загрузки страницы
2. Проверить видимость элемента
3. Проверить, что текст элемента соответствует ожидаемому
","61","Проверка видимости и текста: min_investment_label","tests.lk_tests.project_tests","2026-08-14","passed","2026-08-14","TestElemProject","test_elem_project","",""
"","68","Проверка видимости и текста: address","tests.lk_tests.personal_settings_tests","2026-08-14","passed","2026-08-14","TestPersonalSettingsPageVisible","test_elem_personal_settings","",""
"
Тест проверяет видимость элементов панели покупки (без текстового содержимого).

Для каждого элемента:
1. Дождаться загрузки панели
2. Проверить видимость элемента
","44","Проверка видимости: value_asking","tests.lk_tests.investment_tests.secondary_tests","2026-08-14","passed","2026-08-14","TestBuyPanel","test_elem_secondary_buy","",""
"","11","Проверка количества: two_factor_radios (ожидается 2)","tests.lk_tests.personal_settings_tests","2026-08-14","passed","2026-08-14","TestPersonalSettingsPageVisible","test_elem_personal_settings","",""
"
Тест проверяет видимость и текст элементов страницы проекта.

Для каждого элемента:
1. Дождаться загрузки страницы
2. Проверить видимость элемента
3. Проверить, что текст элемента соответствует ожидаемому
","78","Проверка видимости и текста: quick_1000","tests.lk_tests.project_tests","2026-08-14","passed","2026-08-14","TestElemProject","test_elem_project","",""
"
Тест проверяет видимость и текст элементов на странице Secondary Market.

Для каждого элемента:
1. Дождаться загрузки страницы
2. Проверить видимость элемента
3. Проверить, что текст элемента соответствует ожидаемому
","64","Проверка видимости и текста: action","tests.lk_tests.investment_tests.secondary_tests","2026-08-14","passed","2026-08-14","TestSecondaryPageVisible","test_elem_secondary","",""
"","62","Проверка видимости и текста: contact_title","tests.lk_tests.personal_settings_tests","2026-08-14","passed","2026-08-14","TestPersonalSettingsPageVisible","test_elem_personal_settings","",""
"
Тест проверяет видимость и текст элементов страницы Transactions.

Для каждого элемента:
1. Дождаться загрузки страницы
2. Проверить видимость элемента
3. Проверить, что текст элемента соответствует ожидаемому
","101","Проверка видимости и текста: title","tests.lk_tests.transactions_tests","2026-08-14","passed","2026-08-14","TestTransactionsPageVisible","test_elem_transactions","",""
"","62","Проверка видимости: stats_commission_value","tests.lk_tests.refer_tests","2026-08-14","passed","2026-08-14","TestReferralsPageVisible","test_elem_refer","",""
"
Тест проверяет фильтрацию карточек Secondary Market по секторам.

1. Получить список доступных секторов из фильтра
2. Для каждого сектора: выбрать сектор и проверить, что все карточки содержат сектор
3. Для каждого сектора проверить, что количество карточек совпадает с заголовком
","20890","Проверка фильтрации Secondary Market по секторам","tests.lk_tests.investment_tests.secondary_tests","2026-08-14","passed","2026-08-14","TestSecondaryMarketFilter","test_secondary_market_filter","",""
"
Тест проверяет видимость и текст элементов футера.

Для каждого элемента:
1.Дождаться загрузки футера
2.Проверить видимость элемента
3.Проверить, что текст элемента соответствует ожидаемому
","47","Проверка видимости и текста: contacts_support_email","tests.footer_tests","2026-08-14","passed","2026-08-14","TestFooterVisible","test_elem_footer","",""
"
Тест проверяет навигацию по элементам сайдбара.

Для каждого элемента:
1.Кликнуть по элементу
2.Дождаться перехода по URL
3.Проверить, что URL заканчивается на ожидаемый путь
","363","Проверка навигации: rewards","tests.sidebar_tests","2026-08-14","passed","2026-08-14","TestSidebarNav","test_sidebar_nav","",""
"
Тест проверяет видимость и текст элементов страницы проекта.

Для каждого элемента:
1. Дождаться загрузки страницы
2. Проверить видимость элемента
3. Проверить, что текст элемента соответствует ожидаемому
","123","Проверка видимости и текста: quick_500","tests.lk_tests.project_tests","2026-08-14","passed","2026-08-14","TestElemProject","test_elem_project","",""
"","50","Проверка видимости: banner_desc","tests.lk_tests.portfolio_tests","2026-08-14","passed","2026-08-14","TestPortfolioCompletedPageVisible","test_elem_portfolio_completed","",""
"
Проверяет, что список локалей в дропдауне совпадает с ожидаемым.
Падает, если бек добавил или удалил локаль.
","135","Проверка списка локалей","tests.header_tests","2026-08-14","passed","2026-08-14","TestHeader","test_header","",""
"","7566","Проверка видимости и текста: header_title","tests.lk_tests.refer_tests","2026-08-14","passed","2026-08-14","TestReferralsPageVisible","test_elem_refer","",""
"
Тест проверяет видимость и текст элементов сайдбара.

Для каждого элемента:
1.Дождаться загрузки сайдбара
2.Проверить видимость элемента
3.Проверить, что текст элемента соответствует ожидаемому
","38","Проверка видимости и текста: rewards","tests.sidebar_tests","2026-08-14","passed","2026-08-14","TestSidebarVisible","test_elem_sidebar","",""
"
Тест проверяет видимость и текст элементов страницы Rewards.

Для каждого элемента:
1. Дождаться загрузки страницы
2. Проверить видимость элемента
3. Проверить, что текст элемента соответствует ожидаемому
","69","Проверка видимости и текста: available_rules","tests.lk_tests.rewards_tests","2026-08-14","passed","2026-08-14","TestRewardsPageVisible","test_elem_rewards","",""
"
Тест проверяет количество элементов страницы проекта.

1. Дождаться загрузки страницы
2. Проверить количество элементов
","21","Проверка количества: Latest project left (ожидается 4)","tests.lk_tests.project_tests","2026-08-14","passed","2026-08-14","TestElemProject","test_elem_project","",""
"
Тест проверяет видимость элементов панели покупки (без текстового содержимого).

Для каждого элемента:
1. Дождаться загрузки панели
2. Проверить видимость элемента
","25","Проверка видимости: project_name","tests.lk_tests.investment_tests.secondary_tests","2026-08-14","passed","2026-08-14","TestBuyPanel","test_elem_secondary_buy","",""
"","53","Проверка видимости и текста: citizenship","tests.lk_tests.personal_settings_tests","2026-08-14","passed","2026-08-14","TestPersonalSettingsPageVisible","test_elem_personal_settings","",""
"
Тест проверяет переключение языка через дропдаун в хедере.

Для каждой локали:
1.Открыть дропдаун
2.Проверить наличие локали в списке
3.Скроллить до локали
4.Проверить видимость локали
5.Кликнуть по локали
6.Проверить, что URL содержит код языка
","142","Проверка переключения языка: Polski","tests.header_tests","2026-08-14","passed","2026-08-14","TestHeader","test_header","",""
"","26","Проверка видимости: header_completed_count","tests.lk_tests.portfolio_tests","2026-08-14","passed","2026-08-14","TestPortfolioPageVisible","test_elem_portfolio_active","",""
"","121","Проверка видимости и текста: button_register","tests.auth_tests.reg_page_tests","2026-08-14","passed","2026-08-14","TestRegistrationPageVisible","test_elem_registration_page","",""
"","146","Проверка видимости: chat_bot","tests.lk_tests.investment_tests.primary_tests","2026-08-14","passed","2026-08-14","TestPrimaryPageVisible","test_elem_primary","",""
"","53","Проверка видимости и текста: th_action","tests.lk_tests.refer_tests","2026-08-14","passed","2026-08-14","TestReferralsPageVisible","test_elem_refer","",""
"","79","Проверка видимости: banner_desc","tests.lk_tests.portfolio_tests","2026-08-14","passed","2026-08-14","TestPortfolioPageVisible","test_elem_portfolio_active","",""
"
Тест проверяет видимость элементов сайдбара (контейнеры и значения).

Для каждого элемента:
1.Дождаться загрузки сайдбара
2.Проверить видимость элемента
","39","Проверка видимости: Значение баланса","tests.sidebar_tests","2026-08-14","passed","2026-08-14","TestSidebarVisible","test_elem_sidebar","",""
"
Тест проверяет видимость и текст элементов страницы Rewards.

Для каждого элемента:
1. Дождаться загрузки страницы
2. Проверить видимость элемента
3. Проверить, что текст элемента соответствует ожидаемому
","56","Проверка видимости и текста: available_title","tests.lk_tests.rewards_tests","2026-08-14","passed","2026-08-14","TestRewardsPageVisible","test_elem_rewards","",""
"","37","Проверка количества: stat_subs (ожидается 4)","tests.lk_tests.portfolio_tests","2026-08-14","passed","2026-08-14","TestPortfolioPageVisible","test_elem_portfolio_active","",""
"
Тест проверяет видимость элементов страницы Rewards (без проверки текста).

Для каждого элемента:
1. Дождаться загрузки страницы
2. Проверить видимость элемента
","56","Проверка видимости: history_summary_amount","tests.lk_tests.rewards_tests","2026-08-14","passed","2026-08-14","TestRewardsPageVisible","test_elem_rewards","",""
"
Тест проверяет видимость элементов модального окна Schedule (без текстового содержимого).

Для каждого элемента:
1. Дождаться загрузки модального окна
2. Проверить видимость элемента
","23","Проверка видимости: table","tests.lk_tests.portfolio_tests","2026-08-14","passed","2026-08-14","TestPortfolioSchedule","test_elem_portfolio_schedule","",""
"
Тест проверяет видимость и текст элементов страницы Rewards.

Для каждого элемента:
1. Дождаться загрузки страницы
2. Проверить видимость элемента
3. Проверить, что текст элемента соответствует ожидаемому
","102","Проверка видимости и текста: hcell_date","tests.lk_tests.rewards_tests","2026-08-14","passed","2026-08-14","TestRewardsPageVisible","test_elem_rewards","",""
"
Тест проверяет видимость элементов на странице восстановления пароля (без текстового содержимого).

Для каждого элемента:
1.Дождаться загрузки страницы
2.Проверить видимость элемента
","35","Проверка видимости: progress_bar","tests.auth_tests.forgot_page_tests","2026-08-14","passed","2026-08-14","TestForgotPasswordPageVisible","test_elem_forgot_page","",""
"","63","Проверка видимости и текста: phone","tests.lk_tests.personal_settings_tests","2026-08-14","passed","2026-08-14","TestPersonalSettingsPageVisible","test_elem_personal_settings","",""
"
Тест проверяет видимость и текст элементов на странице Secondary Market.

Для каждого элемента:
1. Дождаться загрузки страницы
2. Проверить видимость элемента
3. Проверить, что текст элемента соответствует ожидаемому
","765","Проверка видимости и текста: banner_desc","tests.lk_tests.investment_tests.secondary_tests","2026-08-14","passed","2026-08-14","TestSecondaryPageVisible","test_elem_secondary","",""
"
Тест проверяет видимость и текст элементов страницы Transactions.

Для каждого элемента:
1. Дождаться загрузки страницы
2. Проверить видимость элемента
3. Проверить, что текст элемента соответствует ожидаемому
","23","Проверка видимости и текста: export_pdf","tests.lk_tests.transactions_tests","2026-08-14","passed","2026-08-14","TestTransactionsPageVisible","test_elem_transactions","",""
"
Тест проверяет количество карточек в каждой вкладке статусов.

1. Получить ожидаемое количество из счётчика на вкладке
2. Кликнуть по вкладке и дождаться загрузки карточек
3. Пройти по всем страницам и сравнить фактическое количество с ожидаемым
","24335","Проверка категории: tab-status-all","tests.lk_tests.investment_tests.primary_tests","2026-08-14","passed","2026-08-14","TestPrimaryFilter1","test_primary_market_filter1","",""
"
Тест проверяет видимость и текст элементов страницы Rewards.

Для каждого элемента:
1. Дождаться загрузки страницы
2. Проверить видимость элемента
3. Проверить, что текст элемента соответствует ожидаемому
","40","Проверка видимости и текста: step_gold","tests.lk_tests.rewards_tests","2026-08-14","passed","2026-08-14","TestRewardsPageVisible","test_elem_rewards","",""
"
Тест проверяет переход на страницу проекта при клике на случайную карточку.

1. Получить список видимых карточек
2. Выбрать случайную
3. Запомнить название проекта
4. Кликнуть по карточке
5. Проверить переход на страницу проекта
6. Проверить, что заголовок проекта совпадает
","2032","Проверка перехода на страницу проекта по клику на карточку","tests.lk_tests.investment_tests.primary_tests","2026-08-14","passed","2026-08-14","TestPrimaryMarket","test_primary_market","",""
"","3","Проверка видимости и текста: two_factor_email_status","tests.lk_tests.personal_settings_tests","2026-08-14","passed","2026-08-14","TestPersonalSettingsPageVisible","test_elem_personal_settings","",""
"
Тест проверяет видимость элементов страницы Rewards (без проверки текста).

Для каждого элемента:
1. Дождаться загрузки страницы
2. Проверить видимость элемента
","21","Проверка видимости: header_subtitle","tests.lk_tests.rewards_tests","2026-08-14","passed","2026-08-14","TestRewardsPageVisible","test_elem_rewards","",""
"
Тест проверяет видимость и текст элементов страницы Deposit.

Для каждого элемента:
1. Дождаться загрузки страницы
2. Проверить видимость элемента
3. Проверить, что текст элемента соответствует ожидаемому
","57","Проверка видимости и текста: deposit_memo","tests.lk_tests.deposit_withdraw_tests.deposit_tests","2026-08-14","passed","2026-08-14","TestDepositPageVisible","test_elem_deposit","",""
"
Тест проверяет видимость и текст элементов страницы Rewards.

Для каждого элемента:
1. Дождаться загрузки страницы
2. Проверить видимость элемента
3. Проверить, что текст элемента соответствует ожидаемому
","33","Проверка видимости и текста: history_sort","tests.lk_tests.rewards_tests","2026-08-14","passed","2026-08-14","TestRewardsPageVisible","test_elem_rewards","",""
"
Тест проверяет, что при вводе неверных данных авторизация не проходит и появляется сообщение об ошибке.

Для каждого варианта невалидных данных:
1.Открыть страницу логина
2.Заполнить форму невалидными данными
3.Нажать кнопку логина
4.Проверить появление сообщения об ошибке
","3523","Проверка авторизации с невалидными данными: Email без @","tests.auth_tests.login_page_tests","2026-08-14","passed","2026-08-14","TestAuthorization","test_authorization","",""
"
Тест проверяет видимость и текст элементов страницы Withdraw.

Для каждого элемента:
1. Дождаться загрузки страницы
2. Проверить видимость элемента
3. Проверить, что текст элемента соответствует ожидаемому
","82","Проверка видимости и текста: amount_symbol","tests.lk_tests.deposit_withdraw_tests.withdraw_tests","2026-08-14","passed","2026-08-14","TestWithdrawPageVisible","test_elem_withdraw","",""
"","46","Проверка видимости: header_completed_count","tests.lk_tests.portfolio_tests","2026-08-14","passed","2026-08-14","TestPortfolioCompletedPageVisible","test_elem_portfolio_completed","",""
"
Тест проверяет видимость и текст элементов страницы Transactions.

Для каждого элемента:
1. Дождаться загрузки страницы
2. Проверить видимость элемента
3. Проверить, что текст элемента соответствует ожидаемому
","62","Проверка видимости и текста: tab_tax","tests.lk_tests.transactions_tests","2026-08-14","passed","2026-08-14","TestTransactionsPageVisible","test_elem_transactions","",""
"","2124","Проверка видимости и текста: pill_autoinvest","tests.lk_tests.investment_tests.primary_tests","2026-08-14","passed","2026-08-14","TestPrimaryPageVisible","test_elem_primary","",""
"
Тест проверяет видимость и текст элементов страницы Rewards.

Для каждого элемента:
1. Дождаться загрузки страницы
2. Проверить видимость элемента
3. Проверить, что текст элемента соответствует ожидаемому
","61","Проверка видимости и текста: benefit_apr","tests.lk_tests.rewards_tests","2026-08-14","passed","2026-08-14","TestRewardsPageVisible","test_elem_rewards","",""
"
Тест проверяет открытие модального окна покупки при клике на кнопку Buy.

1. Пройти по страницам в поиске кнопки Buy
2. Запомнить название проекта
3. Кликнуть Buy
4. Проверить, что открылось модальное окно
5. Проверить, что название проекта в модалке совпадает
","176","Проверка открытия модального окна покупки на Secondary Market","tests.lk_tests.investment_tests.secondary_tests","2026-08-14","passed","2026-08-14","TestSecondaryMarket","test_secondary_market","",""
"
Тест проверяет переключение Stories на дашборде.

1. Кликнуть на первый story
2. Проверить появление кнопки ""Learn more""
3. Кликнуть стрелку влево
4. Кликнуть стрелку вправо 2 раза
5. Закрыть модальное окно
","4295","Проверка переключения Stories на дашборде","tests.lk_tests.dashboard_tests","2026-08-14","passed","2026-08-14","TestDashboard","test_dashboard","",""
"","62","Проверка видимости и текста: th_friend","tests.lk_tests.refer_tests","2026-08-14","passed","2026-08-14","TestReferralsPageVisible","test_elem_refer","",""
"
Тест проверяет видимость и текст элементов страницы Withdraw.

Для каждого элемента:
1. Дождаться загрузки страницы
2. Проверить видимость элемента
3. Проверить, что текст элемента соответствует ожидаемому
","50","Проверка видимости и текста: support_btn","tests.lk_tests.deposit_withdraw_tests.withdraw_tests","2026-08-14","passed","2026-08-14","TestWithdrawPageVisible","test_elem_withdraw","",""
"
Тест проверяет видимость элементов страницы проекта (без текстового содержимого).

Для каждого элемента:
1. Дождаться загрузки страницы
2. Проверить видимость элемента
","30","Проверка видимости: Debt to equity value","tests.lk_tests.project_tests","2026-08-14","passed","2026-08-14","TestElemProject","test_elem_project","",""
"
Тест проверяет видимость и текст элементов страницы Deposit.

Для каждого элемента:
1. Дождаться загрузки страницы
2. Проверить видимость элемента
3. Проверить, что текст элемента соответствует ожидаемому
","140","Проверка видимости и текста: bank_one_label","tests.lk_tests.deposit_withdraw_tests.deposit_tests","2026-08-14","passed","2026-08-14","TestDepositPageVisible","test_elem_deposit","",""
"
Тест проверяет видимость и текст элементов вкладки Tax страницы Transactions.

Для каждого элемента:
1. Дождаться загрузки страницы
2. Проверить видимость элемента
3. Проверить, что текст элемента соответствует ожидаемому
","26","Проверка видимости и текста: download_csv","tests.lk_tests.transactions_tests","2026-08-14","passed","2026-08-14","TestTransactionsTaxPageVisible","test_elem_transactions_tax","",""
"
Тест проверяет видимость и текст элементов на странице Secondary Market.

Для каждого элемента:
1. Дождаться загрузки страницы
2. Проверить видимость элемента
3. Проверить, что текст элемента соответствует ожидаемому
","48","Проверка видимости и текста: discount_premium","tests.lk_tests.investment_tests.secondary_tests","2026-08-14","passed","2026-08-14","TestSecondaryPageVisible","test_elem_secondary","",""
"","2","Проверка видимости и текста: password_memo","tests.lk_tests.personal_settings_tests","2026-08-14","passed","2026-08-14","TestPersonalSettingsPageVisible","test_elem_personal_settings","",""
"
Тест проверяет видимость элементов страницы проекта (без текстового содержимого).

Для каждого элемента:
1. Дождаться загрузки страницы
2. Проверить видимость элемента
","59","Проверка видимости: Funded value","tests.lk_tests.project_tests","2026-08-14","passed","2026-08-14","TestElemProject","test_elem_project","",""
"
Тест проверяет видимость и текст элементов страницы Withdraw.

Для каждого элемента:
1. Дождаться загрузки страницы
2. Проверить видимость элемента
3. Проверить, что текст элемента соответствует ожидаемому
","68","Проверка видимости и текста: preset_200","tests.lk_tests.deposit_withdraw_tests.withdraw_tests","2026-08-14","passed","2026-08-14","TestWithdrawPageVisible","test_elem_withdraw","",""
"","13","Проверка количества: switch_toggles (ожидается 6)","tests.lk_tests.personal_settings_tests","2026-08-14","passed","2026-08-14","TestPersonalSettingsPageVisible","test_elem_personal_settings","",""
"
Тест проверяет видимость и текст элементов страницы Rewards.

Для каждого элемента:
1. Дождаться загрузки страницы
2. Проверить видимость элемента
3. Проверить, что текст элемента соответствует ожидаемому
","55","Проверка видимости и текста: history_export","tests.lk_tests.rewards_tests","2026-08-14","passed","2026-08-14","TestRewardsPageVisible","test_elem_rewards","",""
"
Тест проверяет видимость и текст элементов страницы Rewards.

Для каждого элемента:
1. Дождаться загрузки страницы
2. Проверить видимость элемента
3. Проверить, что текст элемента соответствует ожидаемому
","39","Проверка видимости и текста: benefit_apr","tests.lk_tests.rewards_tests","2026-08-14","passed","2026-08-14","TestRewardsPageVisible","test_elem_rewards","",""
"
Тест проверяет навигацию по элементам сайдбара.

Для каждого элемента:
1.Кликнуть по элементу
2.Дождаться перехода по URL
3.Проверить, что URL заканчивается на ожидаемый путь
","107","Проверка навигации: portfolio","tests.sidebar_tests","2026-08-14","passed","2026-08-14","TestSidebarNav","test_sidebar_nav","",""
"","63","Проверка видимости и текста: banner_cta","tests.lk_tests.portfolio_tests","2026-08-14","passed","2026-08-14","TestPortfolioCompletedPageVisible","test_elem_portfolio_completed","",""
"","44","Проверка видимости: password_strength_rules","tests.auth_tests.reg_page_tests","2026-08-14","passed","2026-08-14","TestRegistrationPageVisible","test_elem_registration_page","",""
"","48","Проверка видимости: input_email_input","tests.auth_tests.reg_page_tests","2026-08-14","passed","2026-08-14","TestRegistrationPageVisible","test_elem_registration_page","",""
"
Тест проверяет навигацию по элементам сайдбара.

Для каждого элемента:
1.Кликнуть по элементу
2.Дождаться перехода по URL
3.Проверить, что URL заканчивается на ожидаемый путь
","160","Проверка навигации: transactions","tests.sidebar_tests","2026-08-14","passed","2026-08-14","TestSidebarNav","test_sidebar_nav","",""
"
Тест проверяет видимость и текст элементов футера.

Для каждого элемента:
1.Дождаться загрузки футера
2.Проверить видимость элемента
3.Проверить, что текст элемента соответствует ожидаемому
","71","Проверка видимости и текста: footer_logo","tests.footer_tests","2026-08-14","passed","2026-08-14","TestFooterVisible","test_elem_footer","",""
"
Тест проверяет видимость элементов дашборда (без текстового содержимого).

Для каждого элемента:
1.Дождаться загрузки страницы
2.Проверить видимость элемента
","58","Проверка видимости: ideas_title","tests.lk_tests.dashboard_tests","2026-08-14","passed","2026-08-14","TestDashboardPageVisible","test_elem_dashboard","",""
"
Тест проверяет видимость элементов футера (контейнеры и иконки соцсетей).

Для каждого элемента:
1.Дождаться загрузки футера
2.Проверить видимость элемента
","42","Проверка видимости: newletter","tests.footer_tests","2026-08-14","passed","2026-08-14","TestFooterVisible","test_elem_footer","",""
"","11","Проверка количества: password_strength_rules_list (ожидается 6)","tests.auth_tests.reg_page_tests","2026-08-14","passed","2026-08-14","TestRegistrationPageVisible","test_elem_registration_page","",""
"
Тест проверяет видимость элементов дашборда (без текстового содержимого).

Для каждого элемента:
1.Дождаться загрузки страницы
2.Проверить видимость элемента
","26","Проверка видимости: loyalty_card_hero","tests.lk_tests.dashboard_tests","2026-08-14","passed","2026-08-14","TestDashboardPageVisible","test_elem_dashboard","",""
"
Тест проверяет видимость и текст элементов страницы Transactions.

Для каждого элемента:
1. Дождаться загрузки страницы
2. Проверить видимость элемента
3. Проверить, что текст элемента соответствует ожидаемому
","71","Проверка видимости и текста: money_out_desc","tests.lk_tests.transactions_tests","2026-08-14","passed","2026-08-14","TestTransactionsPageVisible","test_elem_transactions","",""
"","86","Проверка видимости и текста: sector_filter","tests.lk_tests.portfolio_tests","2026-08-14","passed","2026-08-14","TestPortfolioPageVisible","test_elem_portfolio_active","",""
"","113","Проверка видимости и текста: sector_filter","tests.lk_tests.portfolio_tests","2026-08-14","passed","2026-08-14","TestPortfolioPageVisible","test_elem_portfolio_active","",""
"
Тест проверяет видимость и текст элементов страницы Deposit.

Для каждого элемента:
1. Дождаться загрузки страницы
2. Проверить видимость элемента
3. Проверить, что текст элемента соответствует ожидаемому
","62","Проверка видимости и текста: available_label","tests.lk_tests.deposit_withdraw_tests.deposit_tests","2026-08-14","passed","2026-08-14","TestDepositPageVisible","test_elem_deposit","",""
"
Тест проверяет видимость и текст элементов на странице логина.

Для каждого элемента:
1.Дождаться загрузки страницы
2.Проверить видимость элемента
3.Проверить, что текст элемента соответствует ожидаемому
","22","Проверка видимости и текста: link_forgot_password","tests.auth_tests.login_page_tests","2026-08-14","passed","2026-08-14","TestLoginPageVisible","test_login_page","",""
"","61","Проверка видимости и текста: tab_repaid","tests.lk_tests.investment_tests.primary_tests","2026-08-14","passed","2026-08-14","TestPrimaryPageVisible","test_elem_primary","",""
"
Тест проверяет видимость элементов дашборда (без текстового содержимого).

Для каждого элемента:
1.Дождаться загрузки страницы
2.Проверить видимость элемента
","23","Проверка видимости: loyalty_program_title","tests.lk_tests.dashboard_tests","2026-08-14","passed","2026-08-14","TestDashboardPageVisible","test_elem_dashboard","",""
"","426","Проверка видимости: banner_desc","tests.lk_tests.investment_tests.primary_tests","2026-08-14","passed","2026-08-14","TestPrimaryPageVisible","test_elem_primary","",""
"
Тест проверяет видимость элементов страницы проекта (без текстового содержимого).

Для каждого элемента:
1. Дождаться загрузки страницы
2. Проверить видимость элемента
","52","Проверка видимости: Credit history value","tests.lk_tests.project_tests","2026-08-14","passed","2026-08-14","TestElemProject","test_elem_project","",""
"
Тест проверяет видимость и текст элементов страницы Deposit.

Для каждого элемента:
1. Дождаться загрузки страницы
2. Проверить видимость элемента
3. Проверить, что текст элемента соответствует ожидаемому
","59","Проверка видимости и текста: recent_all","tests.lk_tests.deposit_withdraw_tests.deposit_tests","2026-08-14","passed","2026-08-14","TestDepositPageVisible","test_elem_deposit","",""
"
Тест проверяет видимость и текст элементов страницы Rewards.

Для каждого элемента:
1. Дождаться загрузки страницы
2. Проверить видимость элемента
3. Проверить, что текст элемента соответствует ожидаемому
","157","Проверка видимости и текста: banner_eyebrow","tests.lk_tests.rewards_tests","2026-08-14","passed","2026-08-14","TestRewardsPageVisible","test_elem_rewards","",""
"
Тест проверяет видимость и текст элементов страницы Deposit.

Для каждого элемента:
1. Дождаться загрузки страницы
2. Проверить видимость элемента
3. Проверить, что текст элемента соответствует ожидаемому
","63","Проверка видимости и текста: bank_one_badge","tests.lk_tests.deposit_withdraw_tests.deposit_tests","2026-08-14","passed","2026-08-14","TestDepositPageVisible","test_elem_deposit","",""
"
Тест проверяет успешную авторизацию

1.Открыть страницу логина
2.Заполнить форму валидными данными
3.Нажать кнопку логина
4.Дождаться перехода на дашборд
5.Проверить, что URL заканчивается на /dashboard
","5337","Тест авторизации с валидными данными","tests.auth_tests.login_page_tests","2026-08-14","passed","2026-08-14","TestAuthorization","test_authorization","",""
"
Тест проверяет видимость элементов на странице логина (без текстового содержимого).

Для каждого элемента:
1.Дождаться загрузки страницы
2.Проверить видимость элемента
","41","Проверка видимости: form_login","tests.auth_tests.login_page_tests","2026-08-14","passed","2026-08-14","TestLoginPageVisible","test_login_page","",""
"
Тест проверяет переключение количества карточек на странице Secondary Market.

1. Переключить селект на {per_page} per page
2. Дождаться обновления
3. Проверить, что на странице {expected_count} карточек
","3101","Проверка переключения количества карточек на странице Secondary: 9","tests.lk_tests.investment_tests.secondary_tests","2026-08-14","passed","2026-08-14","TestSecondaryMarket","test_secondary_market","",""
"
Тест проверяет видимость и текст элементов страницы Rewards.

Для каждого элемента:
1. Дождаться загрузки страницы
2. Проверить видимость элемента
3. Проверить, что текст элемента соответствует ожидаемому
","45","Проверка видимости и текста: compare_benefit_header","tests.lk_tests.rewards_tests","2026-08-14","passed","2026-08-14","TestRewardsPageVisible","test_elem_rewards","",""
"
Тест проверяет переключение языка через дропдаун в хедере.

Для каждой локали:
1.Открыть дропдаун
2.Проверить наличие локали в списке
3.Скроллить до локали
4.Проверить видимость локали
5.Кликнуть по локали
6.Проверить, что URL содержит код языка
","1028","Проверка переключения языка: Polski","tests.header_tests","2026-08-14","passed","2026-08-14","TestHeader","test_header","",""
"
Тест проверяет фильтр Hide My Sales на Secondary Market.

1. Нажать кнопку Hide My Sales
2. Проверить, что на всех карточках кнопка Buy
3. Сравнить количество карточек с заголовком
","15804","Проверка фильтра Hide My Sales","tests.lk_tests.investment_tests.secondary_tests","2026-08-14","passed","2026-08-14","TestSecondaryMarketFilter","test_secondary_market_filter","",""
"
Тест проверяет количество элементов дашборда.

1.Дождаться загрузки страницы
2.Проверить количество элементов
3.Для progress-bar проверить что все имеют размеры
","42","Проверка количества: stories_images (ожидается 4)","tests.lk_tests.dashboard_tests","2026-08-14","passed","2026-08-14","TestDashboardPageVisible","test_elem_dashboard","",""
"
Тест проверяет видимость элементов страницы проекта (без текстового содержимого).

Для каждого элемента:
1. Дождаться загрузки страницы
2. Проверить видимость элемента
","26","Проверка видимости: Project type badge","tests.lk_tests.project_tests","2026-08-14","passed","2026-08-14","TestElemProject","test_elem_project","",""
"
Тест проверяет ошибку валидации при пароле короче 8 символов.

1. Заполнить email, короткий пароль и подтверждение
2. Нажать кнопку Agree & Create account
3. Проверить наличие сообщения об ошибке у поля пароля
","191","Ошибка валидации: короткий пароль","tests.auth_tests.reg_page_tests","2026-08-14","passed","2026-08-14","TestRegistrationFalse","test_registration","",""
"
Тест проверяет переход на страницу Transactions при клике на кнопку.

1. Кликнуть на кнопку
2. Проверить переход на /en/transactions
","207","Проверка перехода на страницу Transactions по кнопке View all Transactions","tests.lk_tests.deposit_withdraw_tests.deposit_tests","2026-08-14","passed","2026-08-14","TestDepositPage","test_deposit","",""
"
Тест проверяет видимость и текст элементов сайдбара.

Для каждого элемента:
1.Дождаться загрузки сайдбара
2.Проверить видимость элемента
3.Проверить, что текст элемента соответствует ожидаемому
","24","Проверка видимости и текста: portfolio","tests.sidebar_tests","2026-08-14","passed","2026-08-14","TestSidebarVisible","test_elem_sidebar","",""
"
Тест проверяет видимость и текст элементов страницы Rewards.

Для каждого элемента:
1. Дождаться загрузки страницы
2. Проверить видимость элемента
3. Проверить, что текст элемента соответствует ожидаемому
","65","Проверка видимости и текста: hcell_date","tests.lk_tests.rewards_tests","2026-08-14","passed","2026-08-14","TestRewardsPageVisible","test_elem_rewards","",""
"
Тест проверяет видимость элементов страницы проекта (без текстового содержимого).

Для каждого элемента:
1. Дождаться загрузки страницы
2. Проверить видимость элемента
","46","Проверка видимости: LTV value","tests.lk_tests.project_tests","2026-08-14","passed","2026-08-14","TestElemProject","test_elem_project","",""
"","71","Проверка видимости и текста: channel_x","tests.lk_tests.refer_tests","2026-08-14","passed","2026-08-14","TestReferralsPageVisible","test_elem_refer","",""
"
Тест проверяет видимость и текст элементов хедера.

Для каждого элемента:
1.Дождаться загрузки хедера
2.Проверить видимость элемента
3.Проверить, что текст элемента соответствует ожидаемому
","42","Проверка видимости и текста: logout_button","tests.header_tests","2026-08-14","passed","2026-08-14","TestHeaderVisible","test_elem_header","",""
"
Тест проверяет видимость и текст элементов хедера.

Для каждого элемента:
1.Дождаться загрузки хедера
2.Проверить видимость элемента
3.Проверить, что текст элемента соответствует ожидаемому
","337","Проверка видимости и текста: logo","tests.header_tests","2026-08-14","passed","2026-08-14","TestHeaderVisible","test_elem_header","",""
"","8","Проверка количества: password_strength_rules_list (ожидается 6)","tests.auth_tests.reg_page_tests","2026-08-14","passed","2026-08-14","TestRegistrationPageVisible","test_elem_registration_page","",""
"
Тест проверяет видимость и текст элементов страницы проекта.

Для каждого элемента:
1. Дождаться загрузки страницы
2. Проверить видимость элемента
3. Проверить, что текст элемента соответствует ожидаемому
","46","Проверка видимости и текста: loan_period_label","tests.lk_tests.project_tests","2026-08-14","passed","2026-08-14","TestElemProject","test_elem_project","",""
"
Тест проверяет видимость элементов вкладки Tax страницы Transactions (без проверки текста).

Для каждого элемента:
1. Дождаться загрузки страницы
2. Проверить видимость элемента
","48","Проверка видимости: featured_desc","tests.lk_tests.transactions_tests","2026-08-14","passed","2026-08-14","TestTransactionsTaxPageVisible","test_elem_transactions_tax","",""
"
Тест проверяет видимость и текст элементов страницы Transactions.

Для каждого элемента:
1. Дождаться загрузки страницы
2. Проверить видимость элемента
3. Проверить, что текст элемента соответствует ожидаемому
","61","Проверка видимости и текста: money_in_desc","tests.lk_tests.transactions_tests","2026-08-14","passed","2026-08-14","TestTransactionsPageVisible","test_elem_transactions","",""
"
Тест проверяет видимость элементов страницы проекта (без текстового содержимого).

Для каждого элемента:
1. Дождаться загрузки страницы
2. Проверить видимость элемента
","27","Проверка видимости: Gallery progress","tests.lk_tests.project_tests","2026-08-14","passed","2026-08-14","TestElemProject","test_elem_project","",""
"
Тест проверяет видимость и текст элементов на странице Secondary Market.

Для каждого элемента:
1. Дождаться загрузки страницы
2. Проверить видимость элемента
3. Проверить, что текст элемента соответствует ожидаемому
","55","Проверка видимости и текста: hide_invested","tests.lk_tests.investment_tests.secondary_tests","2026-08-14","passed","2026-08-14","TestSecondaryPageVisible","test_elem_secondary","",""
"","60","Проверка видимости: stats_signups_value","tests.lk_tests.refer_tests","2026-08-14","passed","2026-08-14","TestReferralsPageVisible","test_elem_refer","",""
"","44","Проверка видимости: banner_desc","tests.lk_tests.portfolio_tests","2026-08-14","passed","2026-08-14","TestPortfolioPageVisible","test_elem_portfolio_active","",""
"
Тест проверяет видимость элементов страницы проекта (без текстового содержимого).

Для каждого элемента:
1. Дождаться загрузки страницы
2. Проверить видимость элемента
","49","Проверка видимости: Checkbox","tests.lk_tests.project_tests","2026-08-14","passed","2026-08-14","TestElemProject","test_elem_project","",""
"
Тест проверяет видимость элементов страницы Rewards (без проверки текста).

Для каждого элемента:
1. Дождаться загрузки страницы
2. Проверить видимость элемента
","110","Проверка видимости: header_subtitle","tests.lk_tests.rewards_tests","2026-08-14","passed","2026-08-14","TestRewardsPageVisible","test_elem_rewards","",""
"
Тест проверяет видимость и текст элементов страницы Transactions.

Для каждого элемента:
1. Дождаться загрузки страницы
2. Проверить видимость элемента
3. Проверить, что текст элемента соответствует ожидаемому
","29","Проверка видимости и текста: tab_current_month","tests.lk_tests.transactions_tests","2026-08-14","passed","2026-08-14","TestTransactionsPageVisible","test_elem_transactions","",""
"
Тест проверяет видимость элементов страницы проекта (без текстового содержимого).

Для каждого элемента:
1. Дождаться загрузки страницы
2. Проверить видимость элемента
","57","Проверка видимости: Credit history value","tests.lk_tests.project_tests","2026-08-14","passed","2026-08-14","TestElemProject","test_elem_project","",""
"
Тест проверяет количество элементов дашборда.

1.Дождаться загрузки страницы
2.Проверить количество элементов
3.Для progress-bar проверить что все имеют размеры
","8","Проверка количества: story_items (ожидается 4)","tests.lk_tests.dashboard_tests","2026-08-14","passed","2026-08-14","TestDashboardPageVisible","test_elem_dashboard","",""
"","62","Проверка видимости и текста: security_title","tests.lk_tests.personal_settings_tests","2026-08-14","passed","2026-08-14","TestPersonalSettingsPageVisible","test_elem_personal_settings","",""
"
Тест проверяет видимость и количество элементов страницы Deposit.

Для каждого элемента:
1. Дождаться загрузки страницы
2. Проверить видимость элемента
3. Проверить, что количество элементов соответствует ожидаемому
","89","Проверка видимости и количества: copy_buttons (ожидается 4)","tests.lk_tests.deposit_withdraw_tests.deposit_tests","2026-08-14","passed","2026-08-14","TestDepositPageVisible","test_elem_deposit","",""
"","36","Проверка видимости: chat_bot","tests.lk_tests.portfolio_tests","2026-08-14","passed","2026-08-14","TestPortfolioCompletedPageVisible","test_elem_portfolio_completed","",""
"
Тест проверяет переключение количества карточек на странице Secondary Market.

1. Переключить селект на {per_page} per page
2. Дождаться обновления
3. Проверить, что на странице {expected_count} карточек
","3091","Проверка переключения количества карточек на странице Secondary: 9","tests.lk_tests.investment_tests.secondary_tests","2026-08-14","passed","2026-08-14","TestSecondaryMarket","test_secondary_market","",""
"
Тест проверяет видимость элементов страницы проекта (без текстового содержимого).

Для каждого элемента:
1. Дождаться загрузки страницы
2. Проверить видимость элемента
","16","Проверка видимости: Tier boost text","tests.lk_tests.project_tests","2026-08-14","passed","2026-08-14","TestElemProject","test_elem_project","",""
"
Тест проверяет видимость элементов на странице логина (без текстового содержимого).

Для каждого элемента:
1.Дождаться загрузки страницы
2.Проверить видимость элемента
","30","Проверка видимости: auth_top_bar","tests.auth_tests.login_page_tests","2026-08-14","passed","2026-08-14","TestLoginPageVisible","test_login_page","",""
"
Тест проверяет видимость и текст элементов страницы Withdraw.

Для каждого элемента:
1. Дождаться загрузки страницы
2. Проверить видимость элемента
3. Проверить, что текст элемента соответствует ожидаемому
","118","Проверка видимости и текста: hint_text","tests.lk_tests.deposit_withdraw_tests.withdraw_tests","2026-08-14","passed","2026-08-14","TestWithdrawPageVisible","test_elem_withdraw","",""
"
Тест проверяет видимость и текст элементов страницы проекта.

Для каждого элемента:
1. Дождаться загрузки страницы
2. Проверить видимость элемента
3. Проверить, что текст элемента соответствует ожидаемому
","64","Проверка видимости и текста: quick_100","tests.lk_tests.project_tests","2026-08-14","passed","2026-08-14","TestElemProject","test_elem_project","",""
"
Тест проверяет видимость элементов страницы проекта (без текстового содержимого).

Для каждого элемента:
1. Дождаться загрузки страницы
2. Проверить видимость элемента
","39","Проверка видимости: Tier boost text","tests.lk_tests.project_tests","2026-08-14","passed","2026-08-14","TestElemProject","test_elem_project","",""
"
Тест проверяет видимость и текст элементов страницы Withdraw.

Для каждого элемента:
1. Дождаться загрузки страницы
2. Проверить видимость элемента
3. Проверить, что текст элемента соответствует ожидаемому
","31","Проверка видимости и текста: security_note","tests.lk_tests.deposit_withdraw_tests.withdraw_tests","2026-08-14","passed","2026-08-14","TestWithdrawPageVisible","test_elem_withdraw","",""
"
Тест проверяет видимость и текст элементов дашборда.

Для каждого элемента:
1. Дождаться загрузки страницы
2. Проверить видимость элемента
3. Проверить, что текст элемента соответствует ожидаемому
","102","Проверка видимости и текста: avg_interest_rate","tests.lk_tests.dashboard_tests","2026-08-14","passed","2026-08-14","TestDashboardPageVisible","test_elem_dashboard","",""
"","112","Проверка видимости и текста: page_title","tests.lk_tests.personal_settings_tests","2026-08-14","passed","2026-08-14","TestPersonalSettingsPageVisible","test_elem_personal_settings","",""
"","10","Проверка видимости и текста: table_title","tests.lk_tests.refer_tests","2026-08-14","passed","2026-08-14","TestReferralsPageVisible","test_elem_refer","",""
"
Тест проверяет видимость и текст элементов страницы Deposit.

Для каждого элемента:
1. Дождаться загрузки страницы
2. Проверить видимость элемента
3. Проверить, что текст элемента соответствует ожидаемому
","65","Проверка видимости и текста: address","tests.lk_tests.deposit_withdraw_tests.deposit_tests","2026-08-14","passed","2026-08-14","TestDepositPageVisible","test_elem_deposit","",""
"
Проверяет, что список локалей в дропдауне совпадает с ожидаемым.
Падает, если бек добавил или удалил локаль.
","655","Проверка списка локалей","tests.header_tests","2026-08-14","passed","2026-08-14","TestHeader","test_header","",""
"
Тест проверяет видимость и текст элементов страницы Withdraw.

Для каждого элемента:
1. Дождаться загрузки страницы
2. Проверить видимость элемента
3. Проверить, что текст элемента соответствует ожидаемому
","47","Проверка видимости и текста: support_btn","tests.lk_tests.deposit_withdraw_tests.withdraw_tests","2026-08-14","passed","2026-08-14","TestWithdrawPageVisible","test_elem_withdraw","",""
"","129","Проверка видимости и текста: countries_label","tests.lk_tests.investment_tests.primary_tests","2026-08-14","passed","2026-08-14","TestPrimaryPageVisible","test_elem_primary","",""
"","72","Проверка видимости и текста: first_name","tests.lk_tests.personal_settings_tests","2026-08-14","passed","2026-08-14","TestPersonalSettingsPageVisible","test_elem_personal_settings","",""
"
Тест проверяет видимость и текст элементов панели покупки.

Для каждого элемента:
1. Дождаться загрузки панели
2. Проверить видимость элемента
3. Проверить, что текст элемента соответствует ожидаемому
","56","Проверка видимости и текста: amount","tests.lk_tests.investment_tests.secondary_tests","2026-08-14","passed","2026-08-14","TestBuyPanel","test_elem_secondary_buy","",""
"","40","Проверка видимости и текста: notif_deposit","tests.lk_tests.personal_settings_tests","2026-08-14","passed","2026-08-14","TestPersonalSettingsPageVisible","test_elem_personal_settings","",""
"
Тест проверяет видимость элементов страницы проекта (без текстового содержимого).

Для каждого элемента:
1. Дождаться загрузки страницы
2. Проверить видимость элемента
","62","Проверка видимости: Checkbox","tests.lk_tests.project_tests","2026-08-14","passed","2026-08-14","TestElemProject","test_elem_project","",""
"","75","Проверка видимости и текста: pill_primary","tests.lk_tests.investment_tests.primary_tests","2026-08-14","passed","2026-08-14","TestPrimaryPageVisible","test_elem_primary","",""
"","574","Проверка видимости и текста: th_grade","tests.lk_tests.portfolio_tests","2026-08-14","passed","2026-08-14","TestPortfolioCompletedPageVisible","test_elem_portfolio_completed","",""
"
Тест проверяет видимость и количество элементов страницы Deposit.

Для каждого элемента:
1. Дождаться загрузки страницы
2. Проверить видимость элемента
3. Проверить, что количество элементов соответствует ожидаемому
","82","Проверка видимости и количества: list_elem_values (ожидается 6)","tests.lk_tests.deposit_withdraw_tests.deposit_tests","2026-08-14","passed","2026-08-14","TestDepositPageVisible","test_elem_deposit","",""
"","73","Проверка видимости и текста: channel_email","tests.lk_tests.refer_tests","2026-08-14","passed","2026-08-14","TestReferralsPageVisible","test_elem_refer","",""
"
Тест проверяет переключение количества карточек на странице.

1. Переключить селект на {per_page} per page
2. Дождаться обновления
3. Проверить, что на странице {expected_count} карточек
","3077","Проверка переключения количества карточек на странице: 18","tests.lk_tests.investment_tests.primary_tests","2026-08-14","passed","2026-08-14","TestPrimaryMarket","test_primary_market","",""
"","63","Проверка видимости и текста: banner_paragraph","tests.lk_tests.portfolio_tests","2026-08-14","passed","2026-08-14","TestPortfolioCompletedPageVisible","test_elem_portfolio_completed","",""
"
Тест проверяет видимость элементов на странице Secondary Market (без текстового содержимого).

Для каждого элемента:
1. Дождаться загрузки страницы
2. Проверить видимость элемента
","23","Проверка видимости: premium_label","tests.lk_tests.investment_tests.secondary_tests","2026-08-14","passed","2026-08-14","TestSecondaryPageVisible","test_elem_secondary","",""
"
Тест проверяет видимость элементов страницы проекта (без текстового содержимого).

Для каждого элемента:
1. Дождаться загрузки страницы
2. Проверить видимость элемента
","27","Проверка видимости: Project status badge","tests.lk_tests.project_tests","2026-08-14","passed","2026-08-14","TestElemProject","test_elem_project","",""
"
Тест проверяет видимость и текст элементов на странице логина.

Для каждого элемента:
1.Дождаться загрузки страницы
2.Проверить видимость элемента
3.Проверить, что текст элемента соответствует ожидаемому
","68","Проверка видимости и текста: page_title","tests.auth_tests.login_page_tests","2026-08-14","passed","2026-08-14","TestLoginPageVisible","test_login_page","",""
"
Тест проверяет видимость и текст элементов страницы проекта.

Для каждого элемента:
1. Дождаться загрузки страницы
2. Проверить видимость элемента
3. Проверить, что текст элемента соответствует ожидаемому
","35","Проверка видимости и текста: share_btn","tests.lk_tests.project_tests","2026-08-14","passed","2026-08-14","TestElemProject","test_elem_project","",""
"","656","Проверка видимости и текста: th_progress","tests.lk_tests.portfolio_tests","2026-08-14","passed","2026-08-14","TestPortfolioPageVisible","test_elem_portfolio_active","",""
"","51","Проверка видимости и текста: banner_badge","tests.lk_tests.investment_tests.primary_tests","2026-08-14","passed","2026-08-14","TestPrimaryPageVisible","test_elem_primary","",""
"
Тест проверяет видимость элементов дашборда (без текстового содержимого).

Для каждого элемента:
1.Дождаться загрузки страницы
2.Проверить видимость элемента
","23","Проверка видимости: overview_statistics","tests.lk_tests.dashboard_tests","2026-08-14","passed","2026-08-14","TestDashboardPageVisible","test_elem_dashboard","",""
"
Тест проверяет видимость и текст элементов на странице Secondary Market.

Для каждого элемента:
1. Дождаться загрузки страницы
2. Проверить видимость элемента
3. Проверить, что текст элемента соответствует ожидаемому
","52","Проверка видимости и текста: discount_premium","tests.lk_tests.investment_tests.secondary_tests","2026-08-14","passed","2026-08-14","TestSecondaryPageVisible","test_elem_secondary","",""
"
Тест проверяет видимость элементов страницы проекта (без текстового содержимого).

Для каждого элемента:
1. Дождаться загрузки страницы
2. Проверить видимость элемента
","53","Проверка видимости: Invest block percent","tests.lk_tests.project_tests","2026-08-14","passed","2026-08-14","TestElemProject","test_elem_project","",""
"
Тест проверяет видимость и текст элементов страницы Transactions.

Для каждого элемента:
1. Дождаться загрузки страницы
2. Проверить видимость элемента
3. Проверить, что текст элемента соответствует ожидаемому
","68","Проверка видимости и текста: interest_label","tests.lk_tests.transactions_tests","2026-08-14","passed","2026-08-14","TestTransactionsPageVisible","test_elem_transactions","",""
"
Тест проверяет количество элементов дашборда.

1.Дождаться загрузки страницы
2.Проверить количество элементов
3.Для progress-bar проверить что все имеют размеры
","57","Проверка количества: story_items (ожидается 4)","tests.lk_tests.dashboard_tests","2026-08-14","passed","2026-08-14","TestDashboardPageVisible","test_elem_dashboard","",""
"
Тест проверяет видимость и текст элементов страницы Rewards.

Для каждого элемента:
1. Дождаться загрузки страницы
2. Проверить видимость элемента
3. Проверить, что текст элемента соответствует ожидаемому
","61","Проверка видимости и текста: page_title","tests.lk_tests.rewards_tests","2026-08-14","passed","2026-08-14","TestRewardsPageVisible","test_elem_rewards","",""
"
Тест проверяет видимость элементов на странице логина (без текстового содержимого).

Для каждого элемента:
1.Дождаться загрузки страницы
2.Проверить видимость элемента
","16","Проверка видимости: password_toggle","tests.auth_tests.login_page_tests","2026-08-14","passed","2026-08-14","TestLoginPageVisible","test_login_page","",""
"
Тест проверяет количество элементов дашборда.

1.Дождаться загрузки страницы
2.Проверить количество элементов
3.Для progress-bar проверить что все имеют размеры
","11","Проверка количества: invest_buttons (ожидается 3)","tests.lk_tests.dashboard_tests","2026-08-14","passed","2026-08-14","TestDashboardPageVisible","test_elem_dashboard","",""
"","58","Проверка видимости и текста: sector_filter","tests.lk_tests.portfolio_tests","2026-08-14","passed","2026-08-14","TestPortfolioCompletedPageVisible","test_elem_portfolio_completed","",""
"
Тест проверяет видимость элементов футера (контейнеры и иконки соцсетей).

Для каждого элемента:
1.Дождаться загрузки футера
2.Проверить видимость элемента
","54","Проверка видимости: discord","tests.footer_tests","2026-08-14","passed","2026-08-14","TestFooterVisible","test_elem_footer","",""
"
Тест проверяет навигацию по элементам сайдбара.

Для каждого элемента:
1.Кликнуть по элементу
2.Дождаться перехода по URL
3.Проверить, что URL заканчивается на ожидаемый путь
","87","Проверка навигации: investor_avatar","tests.sidebar_tests","2026-08-14","passed","2026-08-14","TestSidebarNav","test_sidebar_nav","",""
"
Тест проверяет видимость элементов на странице логина (без текстового содержимого).

Для каждого элемента:
1.Дождаться загрузки страницы
2.Проверить видимость элемента
","45","Проверка видимости: input_password","tests.auth_tests.login_page_tests","2026-08-14","passed","2026-08-14","TestLoginPageVisible","test_login_page","",""
"","91","Проверка видимости и текста: password_label","tests.lk_tests.personal_settings_tests","2026-08-14","passed","2026-08-14","TestPersonalSettingsPageVisible","test_elem_personal_settings","",""
"","29","Проверка видимости и текста: steps_link","tests.lk_tests.refer_tests","2026-08-14","passed","2026-08-14","TestReferralsPageVisible","test_elem_refer","",""
"
Тест проверяет видимость и текст элементов страницы Rewards.

Для каждого элемента:
1. Дождаться загрузки страницы
2. Проверить видимость элемента
3. Проверить, что текст элемента соответствует ожидаемому
","59","Проверка видимости и текста: step_silver","tests.lk_tests.rewards_tests","2026-08-14","passed","2026-08-14","TestRewardsPageVisible","test_elem_rewards","",""
"
Тест проверяет видимость и текст элементов футера.

Для каждого элемента:
1.Дождаться загрузки футера
2.Проверить видимость элемента
3.Проверить, что текст элемента соответствует ожидаемому
","65","Проверка видимости и текста: contacts_support_email","tests.footer_tests","2026-08-14","passed","2026-08-14","TestFooterVisible","test_elem_footer","",""
"
Тест проверяет видимость и текст элементов футера.

Для каждого элемента:
1.Дождаться загрузки футера
2.Проверить видимость элемента
3.Проверить, что текст элемента соответствует ожидаемому
","58","Проверка видимости и текста: agreements_privacy","tests.footer_tests","2026-08-14","passed","2026-08-14","TestFooterVisible","test_elem_footer","",""
"
Тест проверяет ошибку валидации при несовпадающих паролях.

1. Заполнить email, пароль и другое подтверждение
2. Нажать кнопку Agree & Create account
3. Проверить сообщение ""Passwords must match""
","341","Ошибка валидации: пароли не совпадают","tests.auth_tests.reg_page_tests","2026-08-14","passed","2026-08-14","TestRegistrationFalse","test_registration","",""
"
Тест проверяет количество элементов дашборда.

1.Дождаться загрузки страницы
2.Проверить количество элементов
3.Для progress-bar проверить что все имеют размеры
","8","Проверка количества: overview_statistics_values (ожидается 4)","tests.lk_tests.dashboard_tests","2026-08-14","passed","2026-08-14","TestDashboardPageVisible","test_elem_dashboard","",""
"
Тест проверяет видимость элементов страницы проекта (без текстового содержимого).

Для каждого элемента:
1. Дождаться загрузки страницы
2. Проверить видимость элемента
","43","Проверка видимости: Rating","tests.lk_tests.project_tests","2026-08-14","passed","2026-08-14","TestElemProject","test_elem_project","",""
"
Тест проверяет видимость и текст элементов на странице логина.

Для каждого элемента:
1.Дождаться загрузки страницы
2.Проверить видимость элемента
3.Проверить, что текст элемента соответствует ожидаемому
","105","Проверка видимости и текста: link_create_account","tests.auth_tests.login_page_tests","2026-08-14","passed","2026-08-14","TestLoginPageVisible","test_login_page","",""
"
Тест проверяет видимость и текст элементов страницы Rewards.

Для каждого элемента:
1. Дождаться загрузки страницы
2. Проверить видимость элемента
3. Проверить, что текст элемента соответствует ожидаемому
","60","Проверка видимости и текста: step_platinum","tests.lk_tests.rewards_tests","2026-08-14","passed","2026-08-14","TestRewardsPageVisible","test_elem_rewards","",""
"
Тест проверяет видимость элементов на странице Secondary Market (без текстового содержимого).

Для каждого элемента:
1. Дождаться загрузки страницы
2. Проверить видимость элемента
","35","Проверка видимости: apr_label","tests.lk_tests.investment_tests.secondary_tests","2026-08-14","passed","2026-08-14","TestSecondaryPageVisible","test_elem_secondary","",""
"
Тест проверяет видимость и текст элементов страницы Rewards.

Для каждого элемента:
1. Дождаться загрузки страницы
2. Проверить видимость элемента
3. Проверить, что текст элемента соответствует ожидаемому
","37","Проверка видимости и текста: history_export","tests.lk_tests.rewards_tests","2026-08-14","passed","2026-08-14","TestRewardsPageVisible","test_elem_rewards","",""
"
Тест проверяет видимость и текст элементов вкладки Tax страницы Transactions.

Для каждого элемента:
1. Дождаться загрузки страницы
2. Проверить видимость элемента
3. Проверить, что текст элемента соответствует ожидаемому
","138","Проверка видимости и текста: tab_last_30_days","tests.lk_tests.transactions_tests","2026-08-14","passed","2026-08-14","TestTransactionsTaxPageVisible","test_elem_transactions_tax","",""
"
Тест проверяет видимость элементов страницы Transactions (без проверки текста).

Для каждого элемента:
1. Дождаться загрузки страницы
2. Проверить видимость элемента
","31","Проверка видимости: money_in_value","tests.lk_tests.transactions_tests","2026-08-14","passed","2026-08-14","TestTransactionsPageVisible","test_elem_transactions","",""
"
Тест проверяет переход на страницу Transactions при клике на кнопку.

1. Кликнуть на кнопку
2. Проверить переход на /en/transactions
","119","Проверка перехода на страницу Transactions по кнопке All →","tests.lk_tests.deposit_withdraw_tests.deposit_tests","2026-08-14","passed","2026-08-14","TestDepositPage","test_deposit","",""
"
Тест проверяет видимость и текст элементов страницы Deposit.

Для каждого элемента:
1. Дождаться загрузки страницы
2. Проверить видимость элемента
3. Проверить, что текст элемента соответствует ожидаемому
","122","Проверка видимости и текста: address","tests.lk_tests.deposit_withdraw_tests.deposit_tests","2026-08-14","passed","2026-08-14","TestDepositPageVisible","test_elem_deposit","",""
"
Тест проверяет видимость и текст элементов страницы Withdraw.

Для каждого элемента:
1. Дождаться загрузки страницы
2. Проверить видимость элемента
3. Проверить, что текст элемента соответствует ожидаемому
","71","Проверка видимости и текста: preset_max","tests.lk_tests.deposit_withdraw_tests.withdraw_tests","2026-08-14","passed","2026-08-14","TestWithdrawPageVisible","test_elem_withdraw","",""
"
Тест проверяет видимость и текст элементов страницы Withdraw.

Для каждого элемента:
1. Дождаться загрузки страницы
2. Проверить видимость элемента
3. Проверить, что текст элемента соответствует ожидаемому
","59","Проверка видимости и текста: preset_100","tests.lk_tests.deposit_withdraw_tests.withdraw_tests","2026-08-14","passed","2026-08-14","TestWithdrawPageVisible","test_elem_withdraw","",""
"
Тест проверяет количество карточек в каждой вкладке статусов.

1. Получить ожидаемое количество из счётчика на вкладке
2. Кликнуть по вкладке и дождаться загрузки карточек
3. Пройти по всем страницам и сравнить фактическое количество с ожидаемым
","28948","Проверка категории: tab-status-Open","tests.lk_tests.investment_tests.primary_tests","2026-08-14","passed","2026-08-14","TestPrimaryFilter1","test_primary_market_filter1","",""
"
Тест проверяет видимость и текст элементов вкладки Tax страницы Transactions.

Для каждого элемента:
1. Дождаться загрузки страницы
2. Проверить видимость элемента
3. Проверить, что текст элемента соответствует ожидаемому
","61","Проверка видимости и текста: tab_this_year","tests.lk_tests.transactions_tests","2026-08-14","passed","2026-08-14","TestTransactionsTaxPageVisible","test_elem_transactions_tax","",""
"
Тест проверяет, что при нажатии на пресеты суммы подставляются в поле ввода.

1. Нажать пресет €100 — проверить поле
2. Нажать пресет €200 — проверить поле
3. Нажать пресет €500 — проверить поле
4. Нажать пресет с индексом 3 — проверить поле
","1973","Проверка выбора пресетов суммы Withdraw","tests.lk_tests.deposit_withdraw_tests.withdraw_tests","2026-08-14","passed","2026-08-14","TestWithdrawPage","test_withdraw","",""
"
Тест проверяет видимость и текст элементов на странице логина.

Для каждого элемента:
1.Дождаться загрузки страницы
2.Проверить видимость элемента
3.Проверить, что текст элемента соответствует ожидаемому
","91","Проверка видимости и текста: button_login","tests.auth_tests.login_page_tests","2026-08-14","passed","2026-08-14","TestLoginPageVisible","test_login_page","",""
"
Тест проверяет видимость элементов дашборда (без текстового содержимого).

Для каждого элемента:
1.Дождаться загрузки страницы
2.Проверить видимость элемента
","60","Проверка видимости: loyalty_card_earning","tests.lk_tests.dashboard_tests","2026-08-14","passed","2026-08-14","TestDashboardPageVisible","test_elem_dashboard","",""
"
Тест проверяет видимость и текст элементов страницы проекта.

Для каждого элемента:
1. Дождаться загрузки страницы
2. Проверить видимость элемента
3. Проверить, что текст элемента соответствует ожидаемому
","70","Проверка видимости и текста: no_max_cap_caption","tests.lk_tests.project_tests","2026-08-14","passed","2026-08-14","TestElemProject","test_elem_project","",""
"
Тест проверяет видимость и текст элементов страницы Withdraw.

Для каждого элемента:
1. Дождаться загрузки страницы
2. Проверить видимость элемента
3. Проверить, что текст элемента соответствует ожидаемому
","55","Проверка видимости и текста: hint_text","tests.lk_tests.deposit_withdraw_tests.withdraw_tests","2026-08-14","passed","2026-08-14","TestWithdrawPageVisible","test_elem_withdraw","",""
"
Тест проверяет видимость и текст элементов страницы Deposit.

Для каждого элемента:
1. Дождаться загрузки страницы
2. Проверить видимость элемента
3. Проверить, что текст элемента соответствует ожидаемому
","66","Проверка видимости и текста: highlight_name","tests.lk_tests.deposit_withdraw_tests.deposit_tests","2026-08-14","passed","2026-08-14","TestDepositPageVisible","test_elem_deposit","",""
"","63","Проверка видимости и текста: channel_whatsapp","tests.lk_tests.refer_tests","2026-08-14","passed","2026-08-14","TestReferralsPageVisible","test_elem_refer","",""
"
Тест проверяет сохранение состояния авторизации при повторном открытии дашборда.

1.Открыть дашборд, используя сохранённое состояние из фикстуры
2.Дождаться загрузки страницы
3.Закрыть модальное окно
4.Проверить, что URL заканчивается на /dashboard
","9","Проверка сохранения состояния после авторизации","tests.auth_tests.login_page_tests","2026-08-14","passed","2026-08-14","TestAuthorization","test_authorization","",""
"
Тест проверяет количество элементов страницы проекта.

1. Дождаться загрузки страницы
2. Проверить количество элементов
","8","Проверка количества: Latest project subtitles (ожидается 4)","tests.lk_tests.project_tests","2026-08-14","passed","2026-08-14","TestElemProject","test_elem_project","",""
"
Тест проверяет переход на страницу Refer & Earn при клике на Invite friends.

1. Кликнуть на кнопку Invite friends
2. Проверить переход на /en/rewards
","264","Проверка перехода по кнопке Invite friends на страницу Refer & Earn","tests.lk_tests.portfolio_tests","2026-08-14","passed","2026-08-14","TestPortfolioPage","test_portfolio","",""
"
Тест проверяет количество элементов страницы проекта.

1. Дождаться загрузки страницы
2. Проверить количество элементов
","23","Проверка количества: Latest project photos (ожидается 4)","tests.lk_tests.project_tests","2026-08-14","passed","2026-08-14","TestElemProject","test_elem_project","",""
"
Тест проверяет видимость и текст элементов страницы Transactions.

Для каждого элемента:
1. Дождаться загрузки страницы
2. Проверить видимость элемента
3. Проверить, что текст элемента соответствует ожидаемому
","154","Проверка видимости и текста: money_out_desc","tests.lk_tests.transactions_tests","2026-08-14","passed","2026-08-14","TestTransactionsPageVisible","test_elem_transactions","",""
"","80","Проверка видимости и текста: stats_signups_label","tests.lk_tests.refer_tests","2026-08-14","passed","2026-08-14","TestReferralsPageVisible","test_elem_refer","",""
"
Тест проверяет видимость и текст элементов страницы Transactions.

Для каждого элемента:
1. Дождаться загрузки страницы
2. Проверить видимость элемента
3. Проверить, что текст элемента соответствует ожидаемому
","46","Проверка видимости и текста: tab_tax","tests.lk_tests.transactions_tests","2026-08-14","passed","2026-08-14","TestTransactionsPageVisible","test_elem_transactions","",""
"
Тест проверяет переключение Stories на дашборде.

1. Кликнуть на первый story
2. Проверить появление кнопки ""Learn more""
3. Кликнуть стрелку влево
4. Кликнуть стрелку вправо 2 раза
5. Закрыть модальное окно
","4356","Проверка переключения Stories на дашборде","tests.lk_tests.dashboard_tests","2026-08-14","passed","2026-08-14","TestDashboard","test_dashboard","",""
"
Тест проверяет видимость и текст элементов страницы Rewards.

Для каждого элемента:
1. Дождаться загрузки страницы
2. Проверить видимость элемента
3. Проверить, что текст элемента соответствует ожидаемому
","72","Проверка видимости и текста: history_title","tests.lk_tests.rewards_tests","2026-08-14","passed","2026-08-14","TestRewardsPageVisible","test_elem_rewards","",""
"
Тест проверяет видимость и текст элементов страницы Transactions.

Для каждого элемента:
1. Дождаться загрузки страницы
2. Проверить видимость элемента
3. Проверить, что текст элемента соответствует ожидаемому
","62","Проверка видимости и текста: money_in_label","tests.lk_tests.transactions_tests","2026-08-14","passed","2026-08-14","TestTransactionsPageVisible","test_elem_transactions","",""
"
Тест проверяет ошибку валидации при незаполненном поле пароля.

1. Заполнить email и подтверждение пароля
2. Нажать кнопку Agree & Create account
3. Проверить сообщение ""This field is required"" у поля пароля
","653","Ошибка валидации: пустой пароль","tests.auth_tests.reg_page_tests","2026-08-14","passed","2026-08-14","TestRegistrationFalse","test_registration","",""
"","61","Проверка видимости и текста: banner_badge","tests.lk_tests.portfolio_tests","2026-08-14","passed","2026-08-14","TestPortfolioPageVisible","test_elem_portfolio_active","",""
"
Тест проверяет видимость элементов страницы проекта (без текстового содержимого).

Для каждого элемента:
1. Дождаться загрузки страницы
2. Проверить видимость элемента
","45","Проверка видимости: Project status badge","tests.lk_tests.project_tests","2026-08-14","passed","2026-08-14","TestElemProject","test_elem_project","",""
"
Тест проверяет видимость и текст элементов сайдбара.

Для каждого элемента:
1.Дождаться загрузки сайдбара
2.Проверить видимость элемента
3.Проверить, что текст элемента соответствует ожидаемому
","50","Проверка видимости и текста: refer","tests.sidebar_tests","2026-08-14","passed","2026-08-14","TestSidebarVisible","test_elem_sidebar","",""
"
Тест проверяет видимость элементов на странице Secondary Market (без текстового содержимого).

Для каждого элемента:
1. Дождаться загрузки страницы
2. Проверить видимость элемента
","49","Проверка видимости: catalog_title","tests.lk_tests.investment_tests.secondary_tests","2026-08-14","passed","2026-08-14","TestSecondaryPageVisible","test_elem_secondary","",""
"
Тест проверяет навигацию между страницами логина, регистрации и восстановления пароля.

1.Открыть страницу логина
2.Перейти на страницу восстановления пароля
3.Вернуться на страницу логина
4.Перейти на страницу регистрации
5.Вернуться на страницу логина
","2788","Переходы между страницами авторизации, регистрации, восстановления пароля","tests.auth_tests.login_page_tests","2026-08-14","passed","2026-08-14","TestAuthorization","test_authorization","",""
"
Тест проверяет видимость элементов страницы Rewards (без проверки текста).

Для каждого элемента:
1. Дождаться загрузки страницы
2. Проверить видимость элемента
","86","Проверка видимости: history_count","tests.lk_tests.rewards_tests","2026-08-14","passed","2026-08-14","TestRewardsPageVisible","test_elem_rewards","",""
"
Тест проверяет видимость и текст элементов страницы Withdraw.

Для каждого элемента:
1. Дождаться загрузки страницы
2. Проверить видимость элемента
3. Проверить, что текст элемента соответствует ожидаемому
","27","Проверка видимости и текста: submit_btn","tests.lk_tests.deposit_withdraw_tests.withdraw_tests","2026-08-14","passed","2026-08-14","TestWithdrawPageVisible","test_elem_withdraw","",""
"
Тест проверяет видимость и текст элементов дашборда.

Для каждого элемента:
1. Дождаться загрузки страницы
2. Проверить видимость элемента
3. Проверить, что текст элемента соответствует ожидаемому
","63","Проверка видимости и текста: loyalty_tier_sub","tests.lk_tests.dashboard_tests","2026-08-14","passed","2026-08-14","TestDashboardPageVisible","test_elem_dashboard","",""
"
Тест проверяет видимость и текст элементов страницы Rewards.

Для каждого элемента:
1. Дождаться загрузки страницы
2. Проверить видимость элемента
3. Проверить, что текст элемента соответствует ожидаемому
","65","Проверка видимости и текста: hcell_status","tests.lk_tests.rewards_tests","2026-08-14","passed","2026-08-14","TestRewardsPageVisible","test_elem_rewards","",""
"","544","Проверка видимости и текста: th_term","tests.lk_tests.portfolio_tests","2026-08-14","passed","2026-08-14","TestPortfolioCompletedPageVisible","test_elem_portfolio_completed","",""
"
Тест проверяет, что при нажатии ""Talk to support"" открывается чат с ботом.
","1423","Проверка открытия чата поддержки со страницы Withdraw","tests.lk_tests.deposit_withdraw_tests.withdraw_tests","2026-08-14","passed","2026-08-14","TestWithdrawPage","test_withdraw","",""
"
Тест проверяет видимость и текст элементов футера.

Для каждого элемента:
1.Дождаться загрузки футера
2.Проверить видимость элемента
3.Проверить, что текст элемента соответствует ожидаемому
","90","Проверка видимости и текста: footer_logo","tests.footer_tests","2026-08-14","passed","2026-08-14","TestFooterVisible","test_elem_footer","",""
"","73","Проверка видимости: search_input","tests.lk_tests.refer_tests","2026-08-14","passed","2026-08-14","TestReferralsPageVisible","test_elem_refer","",""
"
Тест проверяет видимость элементов дашборда (без текстового содержимого).

Для каждого элемента:
1.Дождаться загрузки страницы
2.Проверить видимость элемента
","33","Проверка видимости: loyalty_card_earning","tests.lk_tests.dashboard_tests","2026-08-14","passed","2026-08-14","TestDashboardPageVisible","test_elem_dashboard","",""
"
Тест проверяет видимость и текст элементов страницы Rewards.

Для каждого элемента:
1. Дождаться загрузки страницы
2. Проверить видимость элемента
3. Проверить, что текст элемента соответствует ожидаемому
","35","Проверка видимости и текста: compare_title","tests.lk_tests.rewards_tests","2026-08-14","passed","2026-08-14","TestRewardsPageVisible","test_elem_rewards","",""
"","66","Проверка видимости и текста: share_label","tests.lk_tests.refer_tests","2026-08-14","passed","2026-08-14","TestReferralsPageVisible","test_elem_refer","",""
"","49","Проверка видимости и текста: notifications_title","tests.lk_tests.personal_settings_tests","2026-08-14","passed","2026-08-14","TestPersonalSettingsPageVisible","test_elem_personal_settings","",""
"
Тест проверяет фильтрацию проектов по рейтингу на Secondary Market.

1. Получить список доступных рейтингов из фильтра Grade
2. Для каждого рейтинга: выбрать рейтинг и проверить, что все карточки содержат рейтинг
3. Для каждого рейтинга проверить, что количество карточек совпадает с заголовком
","21532","Проверка фильтрации проектов по рейтингу на Secondary Market","tests.lk_tests.investment_tests.secondary_tests","2026-08-14","passed","2026-08-14","TestSecondaryMarketFilter1","test_secondary_market_filter1","",""
"
Тест проверяет видимость и текст элементов страницы проекта.

Для каждого элемента:
1. Дождаться загрузки страницы
2. Проверить видимость элемента
3. Проверить, что текст элемента соответствует ожидаемому
","38","Проверка видимости и текста: invest_btn","tests.lk_tests.project_tests","2026-08-14","passed","2026-08-14","TestElemProject","test_elem_project","",""
"
Тест проверяет ошибку валидации при несовпадающих паролях.

1. Заполнить email, пароль и другое подтверждение
2. Нажать кнопку Agree & Create account
3. Проверить сообщение ""Passwords must match""
","449","Ошибка валидации: пароли не совпадают","tests.auth_tests.reg_page_tests","2026-08-14","passed","2026-08-14","TestRegistrationFalse","test_registration","",""
"
Тест проверяет количество элементов страницы проекта.

1. Дождаться загрузки страницы
2. Проверить количество элементов
","8","Проверка количества: Funded captions (ожидается 2)","tests.lk_tests.project_tests","2026-08-14","passed","2026-08-14","TestElemProject","test_elem_project","",""
"","65","Проверка видимости: header_completed_count","tests.lk_tests.portfolio_tests","2026-08-14","passed","2026-08-14","TestPortfolioPageVisible","test_elem_portfolio_active","",""
"
Тест проверяет видимость элементов дашборда (без текстового содержимого).

Для каждого элемента:
1.Дождаться загрузки страницы
2.Проверить видимость элемента
","20","Проверка видимости: banner_layout","tests.lk_tests.dashboard_tests","2026-08-14","passed","2026-08-14","TestDashboardPageVisible","test_elem_dashboard","",""
"
Тест проверяет видимость элементов страницы Transactions (без проверки текста).

Для каждого элемента:
1. Дождаться загрузки страницы
2. Проверить видимость элемента
","17","Проверка видимости: net_change_value","tests.lk_tests.transactions_tests","2026-08-14","passed","2026-08-14","TestTransactionsPageVisible","test_elem_transactions","",""
"","24","Проверка видимости и текста: tab_open","tests.lk_tests.investment_tests.primary_tests","2026-08-14","passed","2026-08-14","TestPrimaryPageVisible","test_elem_primary","",""
"","67","Проверка видимости и текста: step2_chip","tests.lk_tests.refer_tests","2026-08-14","passed","2026-08-14","TestReferralsPageVisible","test_elem_refer","",""
"","50","Проверка видимости и текста: hero_chip_paid","tests.lk_tests.refer_tests","2026-08-14","passed","2026-08-14","TestReferralsPageVisible","test_elem_refer","",""
"
Тест проверяет переход на страницу проекта при клике на случайную карточку.

1. Получить список видимых карточек
2. Выбрать случайную
3. Запомнить название проекта
4. Кликнуть по карточке
5. Проверить переход на страницу проекта
6. Проверить, что заголовок проекта совпадает
","1769","Проверка перехода на страницу проекта по клику на карточку на Secondary Market","tests.lk_tests.investment_tests.secondary_tests","2026-08-14","passed","2026-08-14","TestSecondaryMarket","test_secondary_market","",""
"
Тест проверяет видимость и текст элементов модального окна Schedule.

Для каждого элемента:
1. Дождаться загрузки модального окна
2. Проверить видимость элемента
3. Проверить, что текст элемента соответствует ожидаемому
","176","Проверка видимости и текста: modal_title","tests.lk_tests.portfolio_tests","2026-08-14","passed","2026-08-14","TestPortfolioSchedule","test_elem_portfolio_schedule","",""
"","45","Проверка видимости и текста: sectors_label","tests.lk_tests.investment_tests.primary_tests","2026-08-14","passed","2026-08-14","TestPrimaryPageVisible","test_elem_primary","",""
"
Тест проверяет видимость и текст элементов страницы Withdraw.

Для каждого элемента:
1. Дождаться загрузки страницы
2. Проверить видимость элемента
3. Проверить, что текст элемента соответствует ожидаемому
","242","Проверка видимости и текста: deposit_title","tests.lk_tests.deposit_withdraw_tests.withdraw_tests","2026-08-14","passed","2026-08-14","TestWithdrawPageVisible","test_elem_withdraw","",""
"
Тест проверяет видимость и текст элементов на странице логина.

Для каждого элемента:
1.Дождаться загрузки страницы
2.Проверить видимость элемента
3.Проверить, что текст элемента соответствует ожидаемому
","61","Проверка видимости и текста: logo","tests.auth_tests.login_page_tests","2026-08-14","passed","2026-08-14","TestLoginPageVisible","test_login_page","",""
"
Тест проверяет видимость элементов дашборда (без текстового содержимого).

Для каждого элемента:
1.Дождаться загрузки страницы
2.Проверить видимость элемента
","25","Проверка видимости: loyalty_card_tier_sub","tests.lk_tests.dashboard_tests","2026-08-14","passed","2026-08-14","TestDashboardPageVisible","test_elem_dashboard","",""
"
Тест проверяет количество элементов дашборда.

1.Дождаться загрузки страницы
2.Проверить количество элементов
3.Для progress-bar проверить что все имеют размеры
","18","Проверка количества: idea_card_progress (ожидается 3)","tests.lk_tests.dashboard_tests","2026-08-14","passed","2026-08-14","TestDashboardPageVisible","test_elem_dashboard","",""
"
Тест проверяет количество элементов страницы проекта.

1. Дождаться загрузки страницы
2. Проверить количество элементов
","16","Проверка количества: Latest project buttons (ожидается 4)","tests.lk_tests.project_tests","2026-08-14","passed","2026-08-14","TestElemProject","test_elem_project","",""
"
Тест проверяет видимость и текст элементов панели покупки.

Для каждого элемента:
1. Дождаться загрузки панели
2. Проверить видимость элемента
3. Проверить, что текст элемента соответствует ожидаемому
","46","Проверка видимости и текста: type","tests.lk_tests.investment_tests.secondary_tests","2026-08-14","passed","2026-08-14","TestBuyPanel","test_elem_secondary_buy","",""
"
Тест проверяет переключение языка через дропдаун в хедере.

Для каждой локали:
1.Открыть дропдаун
2.Проверить наличие локали в списке
3.Скроллить до локали
4.Проверить видимость локали
5.Кликнуть по локали
6.Проверить, что URL содержит код языка
","1472","Проверка переключения языка: Français","tests.header_tests","2026-08-14","passed","2026-08-14","TestHeader","test_header","",""
"","545","Проверка видимости и текста: th_grade","tests.lk_tests.portfolio_tests","2026-08-14","passed","2026-08-14","TestPortfolioCompletedPageVisible","test_elem_portfolio_completed","",""
"
Тест проверяет видимость и текст элементов на странице Secondary Market.

Для каждого элемента:
1. Дождаться загрузки страницы
2. Проверить видимость элемента
3. Проверить, что текст элемента соответствует ожидаемому
","101","Проверка видимости и текста: sectors_label","tests.lk_tests.investment_tests.secondary_tests","2026-08-14","passed","2026-08-14","TestSecondaryPageVisible","test_elem_secondary","",""
"
Тест проверяет видимость и текст элементов страницы Deposit.

Для каждого элемента:
1. Дождаться загрузки страницы
2. Проверить видимость элемента
3. Проверить, что текст элемента соответствует ожидаемому
","29","Проверка видимости и текста: updated","tests.lk_tests.deposit_withdraw_tests.deposit_tests","2026-08-14","passed","2026-08-14","TestDepositPageVisible","test_elem_deposit","",""
"
Тест проверяет видимость элементов дашборда (без текстового содержимого).

Для каждого элемента:
1.Дождаться загрузки страницы
2.Проверить видимость элемента
","69","Проверка видимости: banner_content","tests.lk_tests.dashboard_tests","2026-08-14","passed","2026-08-14","TestDashboardPageVisible","test_elem_dashboard","",""
"","136","Проверка видимости и текста: postal_code","tests.lk_tests.personal_settings_tests","2026-08-14","passed","2026-08-14","TestPersonalSettingsPageVisible","test_elem_personal_settings","",""
"
Тест проверяет видимость и текст элементов страницы Deposit.

Для каждого элемента:
1. Дождаться загрузки страницы
2. Проверить видимость элемента
3. Проверить, что текст элемента соответствует ожидаемому
","58","Проверка видимости и текста: deposit_description","tests.lk_tests.deposit_withdraw_tests.deposit_tests","2026-08-14","passed","2026-08-14","TestDepositPageVisible","test_elem_deposit","",""
"","63","Проверка видимости и текста: banner_badge","tests.lk_tests.portfolio_tests","2026-08-14","passed","2026-08-14","TestPortfolioCompletedPageVisible","test_elem_portfolio_completed","",""
"","42","Проверка видимости и текста: table_sort","tests.lk_tests.refer_tests","2026-08-14","passed","2026-08-14","TestReferralsPageVisible","test_elem_refer","",""
"","40","Проверка видимости и текста: tab_completed","tests.lk_tests.portfolio_tests","2026-08-14","passed","2026-08-14","TestPortfolioCompletedPageVisible","test_elem_portfolio_completed","",""
"
Тест проверяет переключение между сеткой и таблицей на Secondary Market.

1. Определить текущий вид отображения
2. Кликнуть кнопку переключения
3. Проверить, что вид изменился
","1210","Проверка переключения вида отображения карточек на Secondary Market","tests.lk_tests.investment_tests.secondary_tests","2026-08-14","passed","2026-08-14","TestSecondaryMarket","test_secondary_market","",""
"
Тест проверяет фильтрацию проектов по сроку на Primary Market.

1. Получить список доступных диапазонов срока из фильтра
2. Для каждого диапазона: выбрать диапазон и проверить, что все карточки содержат срок в нужном диапазоне
3. Для каждого диапазона проверить, что количество карточек совпадает с заголовком
","52103","Проверка фильтрации проектов по сроку","tests.lk_tests.investment_tests.primary_tests","2026-08-14","passed","2026-08-14","TestPrimaryFilter1","test_primary_market_filter1","",""
"","53","Проверка видимости: negative_badge","tests.lk_tests.personal_settings_tests","2026-08-14","passed","2026-08-14","TestPersonalSettingsPageVisible","test_elem_personal_settings","",""
"","117","Проверка видимости и текста: step2_badge","tests.lk_tests.refer_tests","2026-08-14","passed","2026-08-14","TestReferralsPageVisible","test_elem_refer","",""
"
Тест проверяет видимость элементов на странице восстановления пароля (без текстового содержимого).

Для каждого элемента:
1.Дождаться загрузки страницы
2.Проверить видимость элемента
","30","Проверка видимости: page_footer","tests.auth_tests.forgot_page_tests","2026-08-14","passed","2026-08-14","TestForgotPasswordPageVisible","test_elem_forgot_page","",""
"","35","Проверка видимости: input_confirm_password_input","tests.auth_tests.reg_page_tests","2026-08-14","passed","2026-08-14","TestRegistrationPageVisible","test_elem_registration_page","",""
"","59","Проверка видимости и текста: stats_commission_label","tests.lk_tests.refer_tests","2026-08-14","passed","2026-08-14","TestReferralsPageVisible","test_elem_refer","",""
"
Тест проверяет видимость элементов страницы проекта (без текстового содержимого).

Для каждого элемента:
1. Дождаться загрузки страницы
2. Проверить видимость элемента
","57","Проверка видимости: Quick amount €2,500","tests.lk_tests.project_tests","2026-08-14","passed","2026-08-14","TestElemProject","test_elem_project","",""
"
Тест проверяет количество элементов дашборда.

1.Дождаться загрузки страницы
2.Проверить количество элементов
3.Для progress-bar проверить что все имеют размеры
","16","Проверка количества: idea_card_rates (ожидается 3)","tests.lk_tests.dashboard_tests","2026-08-14","passed","2026-08-14","TestDashboardPageVisible","test_elem_dashboard","",""
"","67","Проверка видимости и текста: download_documents","tests.lk_tests.personal_settings_tests","2026-08-14","passed","2026-08-14","TestPersonalSettingsPageVisible","test_elem_personal_settings","",""
"","21","Проверка видимости: input_referral_code","tests.auth_tests.reg_page_tests","2026-08-14","passed","2026-08-14","TestRegistrationPageVisible","test_elem_registration_page","",""
"
Тест проверяет видимость и текст элементов страницы проекта.

Для каждого элемента:
1. Дождаться загрузки страницы
2. Проверить видимость элемента
3. Проверить, что текст элемента соответствует ожидаемому
","73","Проверка видимости и текста: invest_btn","tests.lk_tests.project_tests","2026-08-14","passed","2026-08-14","TestElemProject","test_elem_project","",""
"
Тест проверяет видимость и текст элементов модального окна Schedule.

Для каждого элемента:
1. Дождаться загрузки модального окна
2. Проверить видимость элемента
3. Проверить, что текст элемента соответствует ожидаемому
","40","Проверка видимости и текста: agreement_btn","tests.lk_tests.portfolio_tests","2026-08-14","passed","2026-08-14","TestPortfolioSchedule","test_elem_portfolio_schedule","",""
"
Тест проверяет видимость элементов страницы проекта (без текстового содержимого).

Для каждого элемента:
1. Дождаться загрузки страницы
2. Проверить видимость элемента
","41","Проверка видимости: chat_bot","tests.lk_tests.project_tests","2026-08-14","passed","2026-08-14","TestElemProject","test_elem_project","",""
"
Тест проверяет видимость элементов страницы проекта (без текстового содержимого).

Для каждого элемента:
1. Дождаться загрузки страницы
2. Проверить видимость элемента
","28","Проверка видимости: Target rate value","tests.lk_tests.project_tests","2026-08-14","passed","2026-08-14","TestElemProject","test_elem_project","",""
"
Тест проверяет видимость и текст элементов дашборда.

Для каждого элемента:
1. Дождаться загрузки страницы
2. Проверить видимость элемента
3. Проверить, что текст элемента соответствует ожидаемому
","93","Проверка видимости и текста: growth_path_title","tests.lk_tests.dashboard_tests","2026-08-14","passed","2026-08-14","TestDashboardPageVisible","test_elem_dashboard","",""
"
Тест проверяет навигацию по элементам сайдбара.

Для каждого элемента:
1.Кликнуть по элементу
2.Дождаться перехода по URL
3.Проверить, что URL заканчивается на ожидаемый путь
","692","Проверка навигации: add_funds","tests.sidebar_tests","2026-08-14","passed","2026-08-14","TestSidebarNav","test_sidebar_nav","",""
"
Тест проверяет видимость элементов страницы проекта (без текстового содержимого).

Для каждого элемента:
1. Дождаться загрузки страницы
2. Проверить видимость элемента
","24","Проверка видимости: Gallery scrim","tests.lk_tests.project_tests","2026-08-14","passed","2026-08-14","TestElemProject","test_elem_project","",""
"
Тест проверяет видимость и текст элементов панели покупки.

Для каждого элемента:
1. Дождаться загрузки панели
2. Проверить видимость элемента
3. Проверить, что текст элемента соответствует ожидаемому
","54","Проверка видимости и текста: repayment_schedule","tests.lk_tests.investment_tests.secondary_tests","2026-08-14","passed","2026-08-14","TestBuyPanel","test_elem_secondary_buy","",""
"
Тест проверяет видимость элементов на странице Secondary Market (без текстового содержимого).

Для каждого элемента:
1. Дождаться загрузки страницы
2. Проверить видимость элемента
","16","Проверка видимости: price_label","tests.lk_tests.investment_tests.secondary_tests","2026-08-14","passed","2026-08-14","TestSecondaryPageVisible","test_elem_secondary","",""
"
Тест проверяет видимость и текст элементов футера.

Для каждого элемента:
1.Дождаться загрузки футера
2.Проверить видимость элемента
3.Проверить, что текст элемента соответствует ожидаемому
","50","Проверка видимости и текста: agreements_aml","tests.footer_tests","2026-08-14","passed","2026-08-14","TestFooterVisible","test_elem_footer","",""
"","120","Проверка видимости и текста: header_title","tests.lk_tests.portfolio_tests","2026-08-14","passed","2026-08-14","TestPortfolioCompletedPageVisible","test_elem_portfolio_completed","",""
"","30","Проверка видимости: checkbox_news","tests.auth_tests.reg_page_tests","2026-08-14","passed","2026-08-14","TestRegistrationPageVisible","test_elem_registration_page","",""
"
Тест проверяет видимость и текст элементов дашборда.

Для каждого элемента:
1. Дождаться загрузки страницы
2. Проверить видимость элемента
3. Проверить, что текст элемента соответствует ожидаемому
","79","Проверка видимости и текста: growth_legend_proj","tests.lk_tests.dashboard_tests","2026-08-14","passed","2026-08-14","TestDashboardPageVisible","test_elem_dashboard","",""
"","47","Проверка видимости и текста: tab_completed","tests.lk_tests.portfolio_tests","2026-08-14","passed","2026-08-14","TestPortfolioCompletedPageVisible","test_elem_portfolio_completed","",""
"","51","Проверка видимости и текста: step3_chip","tests.lk_tests.refer_tests","2026-08-14","passed","2026-08-14","TestReferralsPageVisible","test_elem_refer","",""
"
Тест проверяет видимость и текст элементов страницы проекта.

Для каждого элемента:
1. Дождаться загрузки страницы
2. Проверить видимость элемента
3. Проверить, что текст элемента соответствует ожидаемому
","71","Проверка видимости и текста: share_btn","tests.lk_tests.project_tests","2026-08-14","passed","2026-08-14","TestElemProject","test_elem_project","",""
"
Тест проверяет видимость и текст элементов страницы проекта.

Для каждого элемента:
1. Дождаться загрузки страницы
2. Проверить видимость элемента
3. Проверить, что текст элемента соответствует ожидаемому
","69","Проверка видимости и текста: funded_label","tests.lk_tests.project_tests","2026-08-14","passed","2026-08-14","TestElemProject","test_elem_project","",""
"
Тест проверяет видимость и текст элементов страницы Rewards.

Для каждого элемента:
1. Дождаться загрузки страницы
2. Проверить видимость элемента
3. Проверить, что текст элемента соответствует ожидаемому
","53","Проверка видимости и текста: available_title","tests.lk_tests.rewards_tests","2026-08-14","passed","2026-08-14","TestRewardsPageVisible","test_elem_rewards","",""
"
Тест проверяет видимость и текст элементов футера.

Для каждого элемента:
1.Дождаться загрузки футера
2.Проверить видимость элемента
3.Проверить, что текст элемента соответствует ожидаемому
","68","Проверка видимости и текста: agreements_terms","tests.footer_tests","2026-08-14","passed","2026-08-14","TestFooterVisible","test_elem_footer","",""
"
Тест проверяет количество элементов страницы Rewards.

Для каждого элемента:
1. Дождаться загрузки страницы
2. Проверить, что количество элементов соответствует ожидаемому
","36","Проверка количества: compare_cell_here (ожидается 5)","tests.lk_tests.rewards_tests","2026-08-14","passed","2026-08-14","TestRewardsPageVisible","test_elem_rewards","",""
"
Тест проверяет видимость элементов футера (контейнеры и иконки соцсетей).

Для каждого элемента:
1.Дождаться загрузки футера
2.Проверить видимость элемента
","34","Проверка видимости: instagram","tests.footer_tests","2026-08-14","passed","2026-08-14","TestFooterVisible","test_elem_footer","",""
"
Тест проверяет видимость элементов дашборда (без текстового содержимого).

Для каждого элемента:
1.Дождаться загрузки страницы
2.Проверить видимость элемента
","35","Проверка видимости: ideas_title","tests.lk_tests.dashboard_tests","2026-08-14","passed","2026-08-14","TestDashboardPageVisible","test_elem_dashboard","",""
"","3","Проверка видимости и текста: password_strength_bar_label","tests.auth_tests.reg_page_tests","2026-08-14","passed","2026-08-14","TestRegistrationPageVisible","test_elem_registration_page","",""
"","8","Проверка видимости и текста: footer_total","tests.lk_tests.refer_tests","2026-08-14","passed","2026-08-14","TestReferralsPageVisible","test_elem_refer","",""
"","112","Проверка видимости и текста: banner_cta","tests.lk_tests.investment_tests.primary_tests","2026-08-14","passed","2026-08-14","TestPrimaryPageVisible","test_elem_primary","",""
"
Тест проверяет навигацию по элементам сайдбара.

Для каждого элемента:
1.Кликнуть по элементу
2.Дождаться перехода по URL
3.Проверить, что URL заканчивается на ожидаемый путь
","1396","Проверка навигации: personal_settings","tests.sidebar_tests","2026-08-14","passed","2026-08-14","TestSidebarNav","test_sidebar_nav","",""
"
Тест проверяет видимость элементов на странице Secondary Market (без текстового содержимого).

Для каждого элемента:
1. Дождаться загрузки страницы
2. Проверить видимость элемента
","44","Проверка видимости: grade_label","tests.lk_tests.investment_tests.secondary_tests","2026-08-14","passed","2026-08-14","TestSecondaryPageVisible","test_elem_secondary","",""
"
Тест проверяет видимость элементов страницы проекта (без текстового содержимого).

Для каждого элемента:
1. Дождаться загрузки страницы
2. Проверить видимость элемента
","62","Проверка видимости: Tier boost text","tests.lk_tests.project_tests","2026-08-14","passed","2026-08-14","TestElemProject","test_elem_project","",""
"
Тест проверяет видимость и текст элементов страницы Withdraw.

Для каждого элемента:
1. Дождаться загрузки страницы
2. Проверить видимость элемента
3. Проверить, что текст элемента соответствует ожидаемому
","61","Проверка видимости и текста: step2_badge","tests.lk_tests.deposit_withdraw_tests.withdraw_tests","2026-08-14","passed","2026-08-14","TestWithdrawPageVisible","test_elem_withdraw","",""
"","61","Проверка видимости и текста: notifications_title","tests.lk_tests.personal_settings_tests","2026-08-14","passed","2026-08-14","TestPersonalSettingsPageVisible","test_elem_personal_settings","",""
"
Тест проверяет видимость элементов страницы проекта (без текстового содержимого).

Для каждого элемента:
1. Дождаться загрузки страницы
2. Проверить видимость элемента
","37","Проверка видимости: Country badge","tests.lk_tests.project_tests","2026-08-14","passed","2026-08-14","TestElemProject","test_elem_project","",""
"","52","Проверка видимости: invite_link","tests.lk_tests.refer_tests","2026-08-14","passed","2026-08-14","TestReferralsPageVisible","test_elem_refer","",""
"
Тест проверяет видимость элементов футера (контейнеры и иконки соцсетей).

Для каждого элемента:
1.Дождаться загрузки футера
2.Проверить видимость элемента
","83","Проверка видимости: discord","tests.footer_tests","2026-08-14","passed","2026-08-14","TestFooterVisible","test_elem_footer","",""
"","52","Проверка видимости: chat_bot","tests.lk_tests.refer_tests","2026-08-14","passed","2026-08-14","TestReferralsPageVisible","test_elem_refer","",""
"","3","Проверка видимости и текста: text_agreement_legal","tests.auth_tests.reg_page_tests","2026-08-14","passed","2026-08-14","TestRegistrationPageVisible","test_elem_registration_page","",""
"
Тест проверяет открытие, содержимое и навигацию панели уведомлений.

1.Открыть панель уведомлений
2.Проверить заголовок ""Notifications""
3.Проверить наличие хотя бы одного уведомления
4.Проверить видимость кнопки закрытия
5.Проверить видимость кнопки ""View all notifications""
6.Закрыть панель
7.Открыть панель снова
8.Кликнуть ""View all notifications""
9.Проверить переход на страницу /en/notifications
","4672","Проверка панели уведомлений в хедере","tests.header_tests","2026-08-14","passed","2026-08-14","TestHeader","test_header","",""
"
Тест проверяет видимость и текст элементов страницы Deposit.

Для каждого элемента:
1. Дождаться загрузки страницы
2. Проверить видимость элемента
3. Проверить, что текст элемента соответствует ожидаемому
","86","Проверка видимости и текста: copy_btn","tests.lk_tests.deposit_withdraw_tests.deposit_tests","2026-08-14","passed","2026-08-14","TestDepositPageVisible","test_elem_deposit","",""
"","43","Проверка видимости: filter_hide_invested","tests.lk_tests.investment_tests.primary_tests","2026-08-14","passed","2026-08-14","TestPrimaryPageVisible","test_elem_primary","",""
